2026-07-26 00:49:28,392 - INFO: Starting experiment: exp3_d128 — d_model=128, d_ff=512, head=4
2026-07-26 00:49:28,392 - INFO: Config: d_model=128, d_ff=512, head=4, n_layers=4, dropout=0.2, warmup=True
2026-07-26 00:49:28,467 - INFO: Params: 4,161,904
2026-07-26 00:49:37,248 - INFO: [exp3_d128] Epoch 1/20 | Global examples: 1024 | Avg Loss (last 1024 ex): 8.6517
2026-07-26 00:49:44,935 - INFO: [exp3_d128] Epoch 1/20 | Global examples: 2048 | Avg Loss (last 1024 ex): 8.4834
2026-07-26 00:49:52,955 - INFO: [exp3_d128] Epoch 1/20 | Global examples: 3072 | Avg Loss (last 1024 ex): 8.2727
2026-07-26 00:50:00,351 - INFO: [exp3_d128] Epoch 1/20 | Global examples: 4096 | Avg Loss (last 1024 ex): 8.0640
2026-07-26 00:50:08,687 - INFO: [exp3_d128] Epoch 1/20 | Global examples: 5120 | Avg Loss (last 1024 ex): 7.8241
2026-07-26 00:50:16,391 - INFO: [exp3_d128] Epoch 1/20 | Global examples: 6144 | Avg Loss (last 1024 ex): 7.5501
2026-07-26 00:50:24,516 - INFO: [exp3_d128] Epoch 1/20 | Global examples: 7168 | Avg Loss (last 1024 ex): 7.2149
2026-07-26 00:50:32,100 - INFO: [exp3_d128] Epoch 1/20 | Global examples: 8192 | Avg Loss (last 1024 ex): 6.8538
2026-07-26 00:50:40,380 - INFO: [exp3_d128] Epoch 1/20 | Global examples: 9216 | Avg Loss (last 1024 ex): 6.4558
2026-07-26 00:50:48,117 - INFO: [exp3_d128] Epoch 1/20 | Global examples: 10240 | Avg Loss (last 1024 ex): 6.0628
2026-07-26 00:50:56,338 - INFO: [exp3_d128] Epoch 1/20 | Global examples: 11264 | Avg Loss (last 1024 ex): 5.6977
2026-07-26 00:51:03,788 - INFO: [exp3_d128] Epoch 1/20 | Global examples: 12288 | Avg Loss (last 1024 ex): 5.3328
2026-07-26 00:51:12,098 - INFO: [exp3_d128] Epoch 1/20 | Global examples: 13312 | Avg Loss (last 1024 ex): 5.0835
2026-07-26 00:51:20,165 - INFO: [exp3_d128] Epoch 1/20 | Global examples: 14336 | Avg Loss (last 1024 ex): 4.8990
2026-07-26 00:51:27,905 - INFO: [exp3_d128] Epoch 1/20 | Global examples: 15360 | Avg Loss (last 1024 ex): 4.6571
2026-07-26 00:51:36,102 - INFO: [exp3_d128] Epoch 1/20 | Global examples: 16384 | Avg Loss (last 1024 ex): 4.5029
2026-07-26 00:51:43,954 - INFO: [exp3_d128] Epoch 1/20 | Global examples: 17408 | Avg Loss (last 1024 ex): 4.3226
2026-07-26 00:51:52,076 - INFO: [exp3_d128] Epoch 1/20 | Global examples: 18432 | Avg Loss (last 1024 ex): 4.1219
2026-07-26 00:51:59,710 - INFO: [exp3_d128] Epoch 1/20 | Global examples: 19456 | Avg Loss (last 1024 ex): 3.9776
2026-07-26 00:52:07,832 - INFO: [exp3_d128] Epoch 1/20 | Global examples: 20480 | Avg Loss (last 1024 ex): 3.8247
2026-07-26 00:52:15,413 - INFO: [exp3_d128] Epoch 1/20 | Global examples: 21504 | Avg Loss (last 1024 ex): 3.6867
2026-07-26 00:52:23,455 - INFO: [exp3_d128] Epoch 1/20 | Global examples: 22528 | Avg Loss (last 1024 ex): 3.6289
2026-07-26 00:52:31,398 - INFO: [exp3_d128] Epoch 1/20 | Global examples: 23552 | Avg Loss (last 1024 ex): 3.5192
2026-07-26 00:52:39,888 - INFO: [exp3_d128] Epoch 1/20 | Global examples: 24576 | Avg Loss (last 1024 ex): 3.3957
2026-07-26 00:52:47,417 - INFO: [exp3_d128] Epoch 1/20 | Global examples: 25600 | Avg Loss (last 1024 ex): 3.3639
2026-07-26 00:52:55,420 - INFO: [exp3_d128] Epoch 1/20 | Global examples: 26624 | Avg Loss (last 1024 ex): 3.3078
2026-07-26 00:53:03,295 - INFO: [exp3_d128] Epoch 1/20 | Global examples: 27648 | Avg Loss (last 1024 ex): 3.2633
2026-07-26 00:53:11,675 - INFO: [exp3_d128] Epoch 1/20 | Global examples: 28672 | Avg Loss (last 1024 ex): 3.2013
2026-07-26 00:53:19,411 - INFO: [exp3_d128] Epoch 1/20 | Global examples: 29696 | Avg Loss (last 1024 ex): 3.1570
2026-07-26 00:53:27,628 - INFO: [exp3_d128] Epoch 1/20 | Global examples: 30720 | Avg Loss (last 1024 ex): 3.1223
2026-07-26 00:53:35,541 - INFO: [exp3_d128] Epoch 1/20 | Global examples: 31744 | Avg Loss (last 1024 ex): 3.0277
2026-07-26 00:53:43,050 - INFO: [exp3_d128] Epoch 1/20 | Global examples: 32768 | Avg Loss (last 1024 ex): 3.1031
2026-07-26 00:53:50,890 - INFO: [exp3_d128] Epoch 1/20 | Global examples: 33792 | Avg Loss (last 1024 ex): 2.9939
2026-07-26 00:53:58,503 - INFO: [exp3_d128] Epoch 1/20 | Global examples: 34816 | Avg Loss (last 1024 ex): 2.9519
2026-07-26 00:54:06,886 - INFO: [exp3_d128] Epoch 1/20 | Global examples: 35840 | Avg Loss (last 1024 ex): 2.9267
2026-07-26 00:54:14,438 - INFO: [exp3_d128] Epoch 1/20 | Global examples: 36864 | Avg Loss (last 1024 ex): 2.8516
2026-07-26 00:54:22,458 - INFO: [exp3_d128] Epoch 1/20 | Global examples: 37888 | Avg Loss (last 1024 ex): 2.8209
2026-07-26 00:54:30,086 - INFO: [exp3_d128] Epoch 1/20 | Global examples: 38912 | Avg Loss (last 1024 ex): 2.8182
2026-07-26 00:54:38,418 - INFO: [exp3_d128] Epoch 1/20 | Global examples: 39936 | Avg Loss (last 1024 ex): 2.7643
2026-07-26 00:54:46,310 - INFO: [exp3_d128] Epoch 1/20 | Global examples: 40960 | Avg Loss (last 1024 ex): 2.7130
2026-07-26 00:54:54,455 - INFO: [exp3_d128] Epoch 1/20 | Global examples: 41984 | Avg Loss (last 1024 ex): 2.6816
2026-07-26 00:55:02,184 - INFO: [exp3_d128] Epoch 1/20 | Global examples: 43008 | Avg Loss (last 1024 ex): 2.7232
2026-07-26 00:55:10,310 - INFO: [exp3_d128] Epoch 1/20 | Global examples: 44032 | Avg Loss (last 1024 ex): 2.6606
2026-07-26 00:55:18,132 - INFO: [exp3_d128] Epoch 1/20 | Global examples: 45056 | Avg Loss (last 1024 ex): 2.6300
2026-07-26 00:55:26,243 - INFO: [exp3_d128] Epoch 1/20 | Global examples: 46080 | Avg Loss (last 1024 ex): 2.5977
2026-07-26 00:55:33,854 - INFO: [exp3_d128] Epoch 1/20 | Global examples: 47104 | Avg Loss (last 1024 ex): 2.6174
2026-07-26 00:55:42,133 - INFO: [exp3_d128] Epoch 1/20 | Global examples: 48128 | Avg Loss (last 1024 ex): 2.5748
2026-07-26 00:55:49,678 - INFO: [exp3_d128] Epoch 1/20 | Global examples: 49152 | Avg Loss (last 1024 ex): 2.5154
2026-07-26 00:55:57,797 - INFO: [exp3_d128] Epoch 1/20 | Global examples: 50176 | Avg Loss (last 1024 ex): 2.5201
2026-07-26 00:56:06,264 - INFO: [exp3_d128] Epoch 1/20 | Global examples: 51200 | Avg Loss (last 1024 ex): 2.4828
2026-07-26 00:56:13,827 - INFO: [exp3_d128] Epoch 1/20 | Global examples: 52224 | Avg Loss (last 1024 ex): 2.5107
2026-07-26 00:56:21,970 - INFO: [exp3_d128] Epoch 1/20 | Global examples: 53248 | Avg Loss (last 1024 ex): 2.4108
2026-07-26 00:56:29,602 - INFO: [exp3_d128] Epoch 1/20 | Global examples: 54272 | Avg Loss (last 1024 ex): 2.3694
2026-07-26 00:56:37,975 - INFO: [exp3_d128] Epoch 1/20 | Global examples: 55296 | Avg Loss (last 1024 ex): 2.3928
2026-07-26 00:56:45,664 - INFO: [exp3_d128] Epoch 1/20 | Global examples: 56320 | Avg Loss (last 1024 ex): 2.3307
2026-07-26 00:56:54,016 - INFO: [exp3_d128] Epoch 1/20 | Global examples: 57344 | Avg Loss (last 1024 ex): 2.3845
2026-07-26 00:57:01,837 - INFO: [exp3_d128] Epoch 1/20 | Global examples: 58368 | Avg Loss (last 1024 ex): 2.3081
2026-07-26 00:57:02,580 - INFO: [exp3_d128] Epoch 1/20 | Global examples: 58464 | Avg Loss (last 96 ex): 2.2960
2026-07-26 00:57:03,767 - INFO: [exp3_d128] Epoch 1 Val | Examples: 1024 | Avg Loss (last 1024 ex): 2.1661
2026-07-26 00:57:04,963 - INFO: [exp3_d128] Epoch 1 Val | Examples: 2048 | Avg Loss (last 1024 ex): 2.1667
2026-07-26 00:57:06,822 - INFO: [exp3_d128] Epoch 1 Val | Examples: 3072 | Avg Loss (last 1024 ex): 2.2030
2026-07-26 00:57:08,014 - INFO: [exp3_d128] Epoch 1 Val | Examples: 4096 | Avg Loss (last 1024 ex): 2.1761
2026-07-26 00:57:09,154 - INFO: [exp3_d128] Epoch 1 Val | Examples: 5120 | Avg Loss (last 1024 ex): 2.1317
2026-07-26 00:57:09,155 - INFO: [exp3_d128] === Epoch 1 done | Train Loss: 3.9829 | Val Loss: 2.1687 | Time: 454.1s ===
2026-07-26 00:57:09,189 - INFO: [exp3_d128] Model saved to C:/PythonProject/English2French/model/exp3_d128_epoch1.pth
2026-07-26 00:57:17,010 - INFO: [exp3_d128] Epoch 2/20 | Global examples: 59488 | Avg Loss (last 1024 ex): 2.2353
2026-07-26 00:57:26,041 - INFO: [exp3_d128] Epoch 2/20 | Global examples: 60512 | Avg Loss (last 1024 ex): 2.2812
2026-07-26 00:57:33,871 - INFO: [exp3_d128] Epoch 2/20 | Global examples: 61536 | Avg Loss (last 1024 ex): 2.1701
2026-07-26 00:57:42,135 - INFO: [exp3_d128] Epoch 2/20 | Global examples: 62560 | Avg Loss (last 1024 ex): 2.1864
2026-07-26 00:57:49,977 - INFO: [exp3_d128] Epoch 2/20 | Global examples: 63584 | Avg Loss (last 1024 ex): 2.1659
2026-07-26 00:57:58,219 - INFO: [exp3_d128] Epoch 2/20 | Global examples: 64608 | Avg Loss (last 1024 ex): 2.1250
2026-07-26 00:58:06,310 - INFO: [exp3_d128] Epoch 2/20 | Global examples: 65632 | Avg Loss (last 1024 ex): 2.1739
2026-07-26 00:58:13,973 - INFO: [exp3_d128] Epoch 2/20 | Global examples: 66656 | Avg Loss (last 1024 ex): 2.0865
2026-07-26 00:58:22,608 - INFO: [exp3_d128] Epoch 2/20 | Global examples: 67680 | Avg Loss (last 1024 ex): 2.0815
2026-07-26 00:58:30,493 - INFO: [exp3_d128] Epoch 2/20 | Global examples: 68704 | Avg Loss (last 1024 ex): 2.1070
2026-07-26 00:58:38,824 - INFO: [exp3_d128] Epoch 2/20 | Global examples: 69728 | Avg Loss (last 1024 ex): 2.0300
2026-07-26 00:58:46,654 - INFO: [exp3_d128] Epoch 2/20 | Global examples: 70752 | Avg Loss (last 1024 ex): 2.0707
2026-07-26 00:58:55,300 - INFO: [exp3_d128] Epoch 2/20 | Global examples: 71776 | Avg Loss (last 1024 ex): 2.0126
2026-07-26 00:59:03,355 - INFO: [exp3_d128] Epoch 2/20 | Global examples: 72800 | Avg Loss (last 1024 ex): 1.9941
2026-07-26 00:59:11,606 - INFO: [exp3_d128] Epoch 2/20 | Global examples: 73824 | Avg Loss (last 1024 ex): 2.0250
2026-07-26 00:59:19,931 - INFO: [exp3_d128] Epoch 2/20 | Global examples: 74848 | Avg Loss (last 1024 ex): 1.9789
2026-07-26 00:59:28,486 - INFO: [exp3_d128] Epoch 2/20 | Global examples: 75872 | Avg Loss (last 1024 ex): 1.9740
2026-07-26 00:59:37,041 - INFO: [exp3_d128] Epoch 2/20 | Global examples: 76896 | Avg Loss (last 1024 ex): 1.9313
2026-07-26 00:59:44,740 - INFO: [exp3_d128] Epoch 2/20 | Global examples: 77920 | Avg Loss (last 1024 ex): 1.9236
2026-07-26 00:59:53,207 - INFO: [exp3_d128] Epoch 2/20 | Global examples: 78944 | Avg Loss (last 1024 ex): 1.9042
2026-07-26 01:00:01,082 - INFO: [exp3_d128] Epoch 2/20 | Global examples: 79968 | Avg Loss (last 1024 ex): 1.8703
2026-07-26 01:00:09,365 - INFO: [exp3_d128] Epoch 2/20 | Global examples: 80992 | Avg Loss (last 1024 ex): 1.9383
2026-07-26 01:00:17,166 - INFO: [exp3_d128] Epoch 2/20 | Global examples: 82016 | Avg Loss (last 1024 ex): 1.8561
2026-07-26 01:00:25,655 - INFO: [exp3_d128] Epoch 2/20 | Global examples: 83040 | Avg Loss (last 1024 ex): 1.8028
2026-07-26 01:00:33,461 - INFO: [exp3_d128] Epoch 2/20 | Global examples: 84064 | Avg Loss (last 1024 ex): 1.8429
2026-07-26 01:00:41,721 - INFO: [exp3_d128] Epoch 2/20 | Global examples: 85088 | Avg Loss (last 1024 ex): 1.7375
2026-07-26 01:00:49,635 - INFO: [exp3_d128] Epoch 2/20 | Global examples: 86112 | Avg Loss (last 1024 ex): 1.8496
2026-07-26 01:00:58,414 - INFO: [exp3_d128] Epoch 2/20 | Global examples: 87136 | Avg Loss (last 1024 ex): 1.7846
2026-07-26 01:01:06,580 - INFO: [exp3_d128] Epoch 2/20 | Global examples: 88160 | Avg Loss (last 1024 ex): 1.7521
2026-07-26 01:01:14,444 - INFO: [exp3_d128] Epoch 2/20 | Global examples: 89184 | Avg Loss (last 1024 ex): 1.7722
2026-07-26 01:01:22,816 - INFO: [exp3_d128] Epoch 2/20 | Global examples: 90208 | Avg Loss (last 1024 ex): 1.7089
2026-07-26 01:01:30,853 - INFO: [exp3_d128] Epoch 2/20 | Global examples: 91232 | Avg Loss (last 1024 ex): 1.7517
2026-07-26 01:01:39,116 - INFO: [exp3_d128] Epoch 2/20 | Global examples: 92256 | Avg Loss (last 1024 ex): 1.6911
2026-07-26 01:01:47,056 - INFO: [exp3_d128] Epoch 2/20 | Global examples: 93280 | Avg Loss (last 1024 ex): 1.7109
2026-07-26 01:01:55,612 - INFO: [exp3_d128] Epoch 2/20 | Global examples: 94304 | Avg Loss (last 1024 ex): 1.6761
2026-07-26 01:02:03,555 - INFO: [exp3_d128] Epoch 2/20 | Global examples: 95328 | Avg Loss (last 1024 ex): 1.6718
2026-07-26 01:02:11,552 - INFO: [exp3_d128] Epoch 2/20 | Global examples: 96352 | Avg Loss (last 1024 ex): 1.6852
2026-07-26 01:02:19,302 - INFO: [exp3_d128] Epoch 2/20 | Global examples: 97376 | Avg Loss (last 1024 ex): 1.6356
2026-07-26 01:02:27,599 - INFO: [exp3_d128] Epoch 2/20 | Global examples: 98400 | Avg Loss (last 1024 ex): 1.5600
2026-07-26 01:02:35,309 - INFO: [exp3_d128] Epoch 2/20 | Global examples: 99424 | Avg Loss (last 1024 ex): 1.6217
2026-07-26 01:02:43,799 - INFO: [exp3_d128] Epoch 2/20 | Global examples: 100448 | Avg Loss (last 1024 ex): 1.6137
2026-07-26 01:02:52,370 - INFO: [exp3_d128] Epoch 2/20 | Global examples: 101472 | Avg Loss (last 1024 ex): 1.5576
2026-07-26 01:03:00,258 - INFO: [exp3_d128] Epoch 2/20 | Global examples: 102496 | Avg Loss (last 1024 ex): 1.5866
2026-07-26 01:03:08,418 - INFO: [exp3_d128] Epoch 2/20 | Global examples: 103520 | Avg Loss (last 1024 ex): 1.5394
2026-07-26 01:03:16,312 - INFO: [exp3_d128] Epoch 2/20 | Global examples: 104544 | Avg Loss (last 1024 ex): 1.5731
2026-07-26 01:03:24,808 - INFO: [exp3_d128] Epoch 2/20 | Global examples: 105568 | Avg Loss (last 1024 ex): 1.5242
2026-07-26 01:03:32,544 - INFO: [exp3_d128] Epoch 2/20 | Global examples: 106592 | Avg Loss (last 1024 ex): 1.5119
2026-07-26 01:03:41,046 - INFO: [exp3_d128] Epoch 2/20 | Global examples: 107616 | Avg Loss (last 1024 ex): 1.5845
2026-07-26 01:03:49,285 - INFO: [exp3_d128] Epoch 2/20 | Global examples: 108640 | Avg Loss (last 1024 ex): 1.4987
2026-07-26 01:03:58,171 - INFO: [exp3_d128] Epoch 2/20 | Global examples: 109664 | Avg Loss (last 1024 ex): 1.4567
2026-07-26 01:04:05,871 - INFO: [exp3_d128] Epoch 2/20 | Global examples: 110688 | Avg Loss (last 1024 ex): 1.4710
2026-07-26 01:04:14,185 - INFO: [exp3_d128] Epoch 2/20 | Global examples: 111712 | Avg Loss (last 1024 ex): 1.4101
2026-07-26 01:04:23,215 - INFO: [exp3_d128] Epoch 2/20 | Global examples: 112736 | Avg Loss (last 1024 ex): 1.4351
2026-07-26 01:04:31,406 - INFO: [exp3_d128] Epoch 2/20 | Global examples: 113760 | Avg Loss (last 1024 ex): 1.4440
2026-07-26 01:04:39,874 - INFO: [exp3_d128] Epoch 2/20 | Global examples: 114784 | Avg Loss (last 1024 ex): 1.4046
2026-07-26 01:04:48,030 - INFO: [exp3_d128] Epoch 2/20 | Global examples: 115808 | Avg Loss (last 1024 ex): 1.3971
2026-07-26 01:04:56,535 - INFO: [exp3_d128] Epoch 2/20 | Global examples: 116832 | Avg Loss (last 1024 ex): 1.3935
2026-07-26 01:04:57,305 - INFO: [exp3_d128] Epoch 2/20 | Global examples: 116928 | Avg Loss (last 96 ex): 1.6161
2026-07-26 01:04:58,546 - INFO: [exp3_d128] Epoch 2 Val | Examples: 1024 | Avg Loss (last 1024 ex): 1.2010
2026-07-26 01:04:59,704 - INFO: [exp3_d128] Epoch 2 Val | Examples: 2048 | Avg Loss (last 1024 ex): 1.1774
2026-07-26 01:05:00,851 - INFO: [exp3_d128] Epoch 2 Val | Examples: 3072 | Avg Loss (last 1024 ex): 1.2282
2026-07-26 01:05:02,010 - INFO: [exp3_d128] Epoch 2 Val | Examples: 4096 | Avg Loss (last 1024 ex): 1.2145
2026-07-26 01:05:03,119 - INFO: [exp3_d128] Epoch 2 Val | Examples: 5120 | Avg Loss (last 1024 ex): 1.1747
2026-07-26 01:05:03,119 - INFO: [exp3_d128] === Epoch 2 done | Train Loss: 1.7853 | Val Loss: 1.1991 | Time: 468.1s ===
2026-07-26 01:05:03,149 - INFO: [exp3_d128] Model saved to C:/PythonProject/English2French/model/exp3_d128_epoch2.pth
2026-07-26 01:05:12,342 - INFO: [exp3_d128] Epoch 3/20 | Global examples: 117952 | Avg Loss (last 1024 ex): 1.3294
2026-07-26 01:05:20,530 - INFO: [exp3_d128] Epoch 3/20 | Global examples: 118976 | Avg Loss (last 1024 ex): 1.3060
2026-07-26 01:05:29,021 - INFO: [exp3_d128] Epoch 3/20 | Global examples: 120000 | Avg Loss (last 1024 ex): 1.3297
2026-07-26 01:05:37,552 - INFO: [exp3_d128] Epoch 3/20 | Global examples: 121024 | Avg Loss (last 1024 ex): 1.3107
2026-07-26 01:05:45,415 - INFO: [exp3_d128] Epoch 3/20 | Global examples: 122048 | Avg Loss (last 1024 ex): 1.2879
2026-07-26 01:05:53,777 - INFO: [exp3_d128] Epoch 3/20 | Global examples: 123072 | Avg Loss (last 1024 ex): 1.3513
2026-07-26 01:06:01,885 - INFO: [exp3_d128] Epoch 3/20 | Global examples: 124096 | Avg Loss (last 1024 ex): 1.3321
2026-07-26 01:06:10,417 - INFO: [exp3_d128] Epoch 3/20 | Global examples: 125120 | Avg Loss (last 1024 ex): 1.3179
2026-07-26 01:06:18,911 - INFO: [exp3_d128] Epoch 3/20 | Global examples: 126144 | Avg Loss (last 1024 ex): 1.2991
2026-07-26 01:06:27,199 - INFO: [exp3_d128] Epoch 3/20 | Global examples: 127168 | Avg Loss (last 1024 ex): 1.3008
2026-07-26 01:06:34,894 - INFO: [exp3_d128] Epoch 3/20 | Global examples: 128192 | Avg Loss (last 1024 ex): 1.2950
2026-07-26 01:06:43,175 - INFO: [exp3_d128] Epoch 3/20 | Global examples: 129216 | Avg Loss (last 1024 ex): 1.2737
2026-07-26 01:06:51,397 - INFO: [exp3_d128] Epoch 3/20 | Global examples: 130240 | Avg Loss (last 1024 ex): 1.2379
2026-07-26 01:06:59,765 - INFO: [exp3_d128] Epoch 3/20 | Global examples: 131264 | Avg Loss (last 1024 ex): 1.2367
2026-07-26 01:07:08,092 - INFO: [exp3_d128] Epoch 3/20 | Global examples: 132288 | Avg Loss (last 1024 ex): 1.1866
2026-07-26 01:07:16,340 - INFO: [exp3_d128] Epoch 3/20 | Global examples: 133312 | Avg Loss (last 1024 ex): 1.2291
2026-07-26 01:07:24,687 - INFO: [exp3_d128] Epoch 3/20 | Global examples: 134336 | Avg Loss (last 1024 ex): 1.3030
2026-07-26 01:07:32,814 - INFO: [exp3_d128] Epoch 3/20 | Global examples: 135360 | Avg Loss (last 1024 ex): 1.2145
2026-07-26 01:07:41,439 - INFO: [exp3_d128] Epoch 3/20 | Global examples: 136384 | Avg Loss (last 1024 ex): 1.2541
2026-07-26 01:07:49,276 - INFO: [exp3_d128] Epoch 3/20 | Global examples: 137408 | Avg Loss (last 1024 ex): 1.2056
2026-07-26 01:07:57,613 - INFO: [exp3_d128] Epoch 3/20 | Global examples: 138432 | Avg Loss (last 1024 ex): 1.1903
2026-07-26 01:08:05,233 - INFO: [exp3_d128] Epoch 3/20 | Global examples: 139456 | Avg Loss (last 1024 ex): 1.1979
2026-07-26 01:08:13,639 - INFO: [exp3_d128] Epoch 3/20 | Global examples: 140480 | Avg Loss (last 1024 ex): 1.1533
2026-07-26 01:08:21,157 - INFO: [exp3_d128] Epoch 3/20 | Global examples: 141504 | Avg Loss (last 1024 ex): 1.1976
2026-07-26 01:08:29,267 - INFO: [exp3_d128] Epoch 3/20 | Global examples: 142528 | Avg Loss (last 1024 ex): 1.1855
2026-07-26 01:08:37,214 - INFO: [exp3_d128] Epoch 3/20 | Global examples: 143552 | Avg Loss (last 1024 ex): 1.1973
2026-07-26 01:08:45,739 - INFO: [exp3_d128] Epoch 3/20 | Global examples: 144576 | Avg Loss (last 1024 ex): 1.1434
2026-07-26 01:08:54,436 - INFO: [exp3_d128] Epoch 3/20 | Global examples: 145600 | Avg Loss (last 1024 ex): 1.1551
2026-07-26 01:09:02,330 - INFO: [exp3_d128] Epoch 3/20 | Global examples: 146624 | Avg Loss (last 1024 ex): 1.1474
2026-07-26 01:09:10,859 - INFO: [exp3_d128] Epoch 3/20 | Global examples: 147648 | Avg Loss (last 1024 ex): 1.1310
2026-07-26 01:09:18,558 - INFO: [exp3_d128] Epoch 3/20 | Global examples: 148672 | Avg Loss (last 1024 ex): 1.0789
2026-07-26 01:09:26,665 - INFO: [exp3_d128] Epoch 3/20 | Global examples: 149696 | Avg Loss (last 1024 ex): 1.1233
2026-07-26 01:09:34,615 - INFO: [exp3_d128] Epoch 3/20 | Global examples: 150720 | Avg Loss (last 1024 ex): 1.1031
2026-07-26 01:09:43,606 - INFO: [exp3_d128] Epoch 3/20 | Global examples: 151744 | Avg Loss (last 1024 ex): 1.1255
2026-07-26 01:09:51,469 - INFO: [exp3_d128] Epoch 3/20 | Global examples: 152768 | Avg Loss (last 1024 ex): 1.1301
2026-07-26 01:09:59,654 - INFO: [exp3_d128] Epoch 3/20 | Global examples: 153792 | Avg Loss (last 1024 ex): 1.0766
2026-07-26 01:10:07,259 - INFO: [exp3_d128] Epoch 3/20 | Global examples: 154816 | Avg Loss (last 1024 ex): 1.0770
2026-07-26 01:10:15,530 - INFO: [exp3_d128] Epoch 3/20 | Global examples: 155840 | Avg Loss (last 1024 ex): 1.0229
2026-07-26 01:10:23,928 - INFO: [exp3_d128] Epoch 3/20 | Global examples: 156864 | Avg Loss (last 1024 ex): 1.1026
2026-07-26 01:10:32,017 - INFO: [exp3_d128] Epoch 3/20 | Global examples: 157888 | Avg Loss (last 1024 ex): 1.0597
2026-07-26 01:10:40,550 - INFO: [exp3_d128] Epoch 3/20 | Global examples: 158912 | Avg Loss (last 1024 ex): 1.0959
2026-07-26 01:10:48,367 - INFO: [exp3_d128] Epoch 3/20 | Global examples: 159936 | Avg Loss (last 1024 ex): 1.0421
2026-07-26 01:10:56,445 - INFO: [exp3_d128] Epoch 3/20 | Global examples: 160960 | Avg Loss (last 1024 ex): 1.0684
2026-07-26 01:11:04,057 - INFO: [exp3_d128] Epoch 3/20 | Global examples: 161984 | Avg Loss (last 1024 ex): 1.0519
2026-07-26 01:11:12,780 - INFO: [exp3_d128] Epoch 3/20 | Global examples: 163008 | Avg Loss (last 1024 ex): 1.0297
2026-07-26 01:11:20,770 - INFO: [exp3_d128] Epoch 3/20 | Global examples: 164032 | Avg Loss (last 1024 ex): 1.0241
2026-07-26 01:11:29,059 - INFO: [exp3_d128] Epoch 3/20 | Global examples: 165056 | Avg Loss (last 1024 ex): 1.0388
2026-07-26 01:11:36,915 - INFO: [exp3_d128] Epoch 3/20 | Global examples: 166080 | Avg Loss (last 1024 ex): 0.9750
2026-07-26 01:11:45,328 - INFO: [exp3_d128] Epoch 3/20 | Global examples: 167104 | Avg Loss (last 1024 ex): 1.0313
2026-07-26 01:11:53,707 - INFO: [exp3_d128] Epoch 3/20 | Global examples: 168128 | Avg Loss (last 1024 ex): 0.9994
2026-07-26 01:12:01,326 - INFO: [exp3_d128] Epoch 3/20 | Global examples: 169152 | Avg Loss (last 1024 ex): 1.0225
2026-07-26 01:12:09,848 - INFO: [exp3_d128] Epoch 3/20 | Global examples: 170176 | Avg Loss (last 1024 ex): 1.0184
2026-07-26 01:12:17,782 - INFO: [exp3_d128] Epoch 3/20 | Global examples: 171200 | Avg Loss (last 1024 ex): 0.9711
2026-07-26 01:12:25,835 - INFO: [exp3_d128] Epoch 3/20 | Global examples: 172224 | Avg Loss (last 1024 ex): 1.0145
2026-07-26 01:12:33,731 - INFO: [exp3_d128] Epoch 3/20 | Global examples: 173248 | Avg Loss (last 1024 ex): 1.0035
2026-07-26 01:12:42,018 - INFO: [exp3_d128] Epoch 3/20 | Global examples: 174272 | Avg Loss (last 1024 ex): 0.9977
2026-07-26 01:12:49,923 - INFO: [exp3_d128] Epoch 3/20 | Global examples: 175296 | Avg Loss (last 1024 ex): 0.9901
2026-07-26 01:12:50,661 - INFO: [exp3_d128] Epoch 3/20 | Global examples: 175392 | Avg Loss (last 96 ex): 0.9646
2026-07-26 01:12:51,883 - INFO: [exp3_d128] Epoch 3 Val | Examples: 1024 | Avg Loss (last 1024 ex): 0.7931
2026-07-26 01:12:53,430 - INFO: [exp3_d128] Epoch 3 Val | Examples: 2048 | Avg Loss (last 1024 ex): 0.7824
2026-07-26 01:12:54,720 - INFO: [exp3_d128] Epoch 3 Val | Examples: 3072 | Avg Loss (last 1024 ex): 0.8231
2026-07-26 01:12:55,972 - INFO: [exp3_d128] Epoch 3 Val | Examples: 4096 | Avg Loss (last 1024 ex): 0.8403
2026-07-26 01:12:57,168 - INFO: [exp3_d128] Epoch 3 Val | Examples: 5120 | Avg Loss (last 1024 ex): 0.8091
2026-07-26 01:12:57,168 - INFO: [exp3_d128] === Epoch 3 done | Train Loss: 1.1501 | Val Loss: 0.8096 | Time: 467.5s ===
2026-07-26 01:12:57,202 - INFO: [exp3_d128] Model saved to C:/PythonProject/English2French/model/exp3_d128_epoch3.pth
2026-07-26 01:13:05,150 - INFO: [exp3_d128] Epoch 4/20 | Global examples: 176416 | Avg Loss (last 1024 ex): 0.9070
2026-07-26 01:13:14,125 - INFO: [exp3_d128] Epoch 4/20 | Global examples: 177440 | Avg Loss (last 1024 ex): 0.8881
2026-07-26 01:13:22,042 - INFO: [exp3_d128] Epoch 4/20 | Global examples: 178464 | Avg Loss (last 1024 ex): 0.9174
2026-07-26 01:13:30,128 - INFO: [exp3_d128] Epoch 4/20 | Global examples: 179488 | Avg Loss (last 1024 ex): 0.8652
2026-07-26 01:13:37,814 - INFO: [exp3_d128] Epoch 4/20 | Global examples: 180512 | Avg Loss (last 1024 ex): 0.8540
2026-07-26 01:13:46,180 - INFO: [exp3_d128] Epoch 4/20 | Global examples: 181536 | Avg Loss (last 1024 ex): 0.8972
2026-07-26 01:13:54,388 - INFO: [exp3_d128] Epoch 4/20 | Global examples: 182560 | Avg Loss (last 1024 ex): 0.9561
2026-07-26 01:14:03,375 - INFO: [exp3_d128] Epoch 4/20 | Global examples: 183584 | Avg Loss (last 1024 ex): 0.9109
2026-07-26 01:14:13,718 - INFO: [exp3_d128] Epoch 4/20 | Global examples: 184608 | Avg Loss (last 1024 ex): 0.8962
2026-07-26 01:14:22,272 - INFO: [exp3_d128] Epoch 4/20 | Global examples: 185632 | Avg Loss (last 1024 ex): 0.8911
2026-07-26 01:14:30,513 - INFO: [exp3_d128] Epoch 4/20 | Global examples: 186656 | Avg Loss (last 1024 ex): 0.9178
2026-07-26 01:14:38,955 - INFO: [exp3_d128] Epoch 4/20 | Global examples: 187680 | Avg Loss (last 1024 ex): 0.8733
2026-07-26 01:14:47,127 - INFO: [exp3_d128] Epoch 4/20 | Global examples: 188704 | Avg Loss (last 1024 ex): 0.8163
2026-07-26 01:14:55,643 - INFO: [exp3_d128] Epoch 4/20 | Global examples: 189728 | Avg Loss (last 1024 ex): 0.9104
2026-07-26 01:15:03,585 - INFO: [exp3_d128] Epoch 4/20 | Global examples: 190752 | Avg Loss (last 1024 ex): 0.8911
2026-07-26 01:15:11,987 - INFO: [exp3_d128] Epoch 4/20 | Global examples: 191776 | Avg Loss (last 1024 ex): 0.8350
2026-07-26 01:15:19,644 - INFO: [exp3_d128] Epoch 4/20 | Global examples: 192800 | Avg Loss (last 1024 ex): 0.8904
2026-07-26 01:15:27,843 - INFO: [exp3_d128] Epoch 4/20 | Global examples: 193824 | Avg Loss (last 1024 ex): 0.9027
2026-07-26 01:15:35,969 - INFO: [exp3_d128] Epoch 4/20 | Global examples: 194848 | Avg Loss (last 1024 ex): 0.9141
2026-07-26 01:15:44,342 - INFO: [exp3_d128] Epoch 4/20 | Global examples: 195872 | Avg Loss (last 1024 ex): 0.9148
2026-07-26 01:15:52,302 - INFO: [exp3_d128] Epoch 4/20 | Global examples: 196896 | Avg Loss (last 1024 ex): 0.9122
2026-07-26 01:16:00,596 - INFO: [exp3_d128] Epoch 4/20 | Global examples: 197920 | Avg Loss (last 1024 ex): 0.8544
2026-07-26 01:16:08,365 - INFO: [exp3_d128] Epoch 4/20 | Global examples: 198944 | Avg Loss (last 1024 ex): 0.8770
2026-07-26 01:16:16,930 - INFO: [exp3_d128] Epoch 4/20 | Global examples: 199968 | Avg Loss (last 1024 ex): 0.8115
2026-07-26 01:16:25,267 - INFO: [exp3_d128] Epoch 4/20 | Global examples: 200992 | Avg Loss (last 1024 ex): 0.8300
2026-07-26 01:16:33,263 - INFO: [exp3_d128] Epoch 4/20 | Global examples: 202016 | Avg Loss (last 1024 ex): 0.9241
2026-07-26 01:16:41,760 - INFO: [exp3_d128] Epoch 4/20 | Global examples: 203040 | Avg Loss (last 1024 ex): 0.9077
2026-07-26 01:16:49,620 - INFO: [exp3_d128] Epoch 4/20 | Global examples: 204064 | Avg Loss (last 1024 ex): 0.8532
2026-07-26 01:16:57,918 - INFO: [exp3_d128] Epoch 4/20 | Global examples: 205088 | Avg Loss (last 1024 ex): 0.8643
2026-07-26 01:17:05,910 - INFO: [exp3_d128] Epoch 4/20 | Global examples: 206112 | Avg Loss (last 1024 ex): 0.8693
2026-07-26 01:17:14,560 - INFO: [exp3_d128] Epoch 4/20 | Global examples: 207136 | Avg Loss (last 1024 ex): 0.8375
2026-07-26 01:17:22,723 - INFO: [exp3_d128] Epoch 4/20 | Global examples: 208160 | Avg Loss (last 1024 ex): 0.8150
2026-07-26 01:17:31,212 - INFO: [exp3_d128] Epoch 4/20 | Global examples: 209184 | Avg Loss (last 1024 ex): 0.8296
2026-07-26 01:17:39,514 - INFO: [exp3_d128] Epoch 4/20 | Global examples: 210208 | Avg Loss (last 1024 ex): 0.8377
2026-07-26 01:17:47,647 - INFO: [exp3_d128] Epoch 4/20 | Global examples: 211232 | Avg Loss (last 1024 ex): 0.8187
2026-07-26 01:17:55,882 - INFO: [exp3_d128] Epoch 4/20 | Global examples: 212256 | Avg Loss (last 1024 ex): 0.8103
2026-07-26 01:18:03,923 - INFO: [exp3_d128] Epoch 4/20 | Global examples: 213280 | Avg Loss (last 1024 ex): 0.7904
2026-07-26 01:18:12,525 - INFO: [exp3_d128] Epoch 4/20 | Global examples: 214304 | Avg Loss (last 1024 ex): 0.8110
2026-07-26 01:18:20,277 - INFO: [exp3_d128] Epoch 4/20 | Global examples: 215328 | Avg Loss (last 1024 ex): 0.8214
2026-07-26 01:18:28,805 - INFO: [exp3_d128] Epoch 4/20 | Global examples: 216352 | Avg Loss (last 1024 ex): 0.7998
2026-07-26 01:18:36,794 - INFO: [exp3_d128] Epoch 4/20 | Global examples: 217376 | Avg Loss (last 1024 ex): 0.8345
2026-07-26 01:18:45,269 - INFO: [exp3_d128] Epoch 4/20 | Global examples: 218400 | Avg Loss (last 1024 ex): 0.8049
2026-07-26 01:18:53,395 - INFO: [exp3_d128] Epoch 4/20 | Global examples: 219424 | Avg Loss (last 1024 ex): 0.7868
2026-07-26 01:19:01,513 - INFO: [exp3_d128] Epoch 4/20 | Global examples: 220448 | Avg Loss (last 1024 ex): 0.7770
2026-07-26 01:19:10,209 - INFO: [exp3_d128] Epoch 4/20 | Global examples: 221472 | Avg Loss (last 1024 ex): 0.8155
2026-07-26 01:19:17,653 - INFO: [exp3_d128] Epoch 4/20 | Global examples: 222496 | Avg Loss (last 1024 ex): 0.8251
2026-07-26 01:19:25,634 - INFO: [exp3_d128] Epoch 4/20 | Global examples: 223520 | Avg Loss (last 1024 ex): 0.8110
2026-07-26 01:19:33,356 - INFO: [exp3_d128] Epoch 4/20 | Global examples: 224544 | Avg Loss (last 1024 ex): 0.7909
2026-07-26 01:19:41,489 - INFO: [exp3_d128] Epoch 4/20 | Global examples: 225568 | Avg Loss (last 1024 ex): 0.7960
2026-07-26 01:19:49,060 - INFO: [exp3_d128] Epoch 4/20 | Global examples: 226592 | Avg Loss (last 1024 ex): 0.8058
2026-07-26 01:19:57,032 - INFO: [exp3_d128] Epoch 4/20 | Global examples: 227616 | Avg Loss (last 1024 ex): 0.7733
2026-07-26 01:20:04,535 - INFO: [exp3_d128] Epoch 4/20 | Global examples: 228640 | Avg Loss (last 1024 ex): 0.7939
2026-07-26 01:20:12,520 - INFO: [exp3_d128] Epoch 4/20 | Global examples: 229664 | Avg Loss (last 1024 ex): 0.7844
2026-07-26 01:20:20,088 - INFO: [exp3_d128] Epoch 4/20 | Global examples: 230688 | Avg Loss (last 1024 ex): 0.7613
2026-07-26 01:20:27,742 - INFO: [exp3_d128] Epoch 4/20 | Global examples: 231712 | Avg Loss (last 1024 ex): 0.7596
2026-07-26 01:20:35,455 - INFO: [exp3_d128] Epoch 4/20 | Global examples: 232736 | Avg Loss (last 1024 ex): 0.7552
2026-07-26 01:20:43,485 - INFO: [exp3_d128] Epoch 4/20 | Global examples: 233760 | Avg Loss (last 1024 ex): 0.7852
2026-07-26 01:20:44,233 - INFO: [exp3_d128] Epoch 4/20 | Global examples: 233856 | Avg Loss (last 96 ex): 0.6963
2026-07-26 01:20:45,372 - INFO: [exp3_d128] Epoch 4 Val | Examples: 1024 | Avg Loss (last 1024 ex): 0.5902
2026-07-26 01:20:46,483 - INFO: [exp3_d128] Epoch 4 Val | Examples: 2048 | Avg Loss (last 1024 ex): 0.5333
2026-07-26 01:20:47,601 - INFO: [exp3_d128] Epoch 4 Val | Examples: 3072 | Avg Loss (last 1024 ex): 0.5855
2026-07-26 01:20:48,729 - INFO: [exp3_d128] Epoch 4 Val | Examples: 4096 | Avg Loss (last 1024 ex): 0.6002
2026-07-26 01:20:49,828 - INFO: [exp3_d128] Epoch 4 Val | Examples: 5120 | Avg Loss (last 1024 ex): 0.5932
2026-07-26 01:20:49,829 - INFO: [exp3_d128] === Epoch 4 done | Train Loss: 0.8451 | Val Loss: 0.5805 | Time: 467.0s ===
2026-07-26 01:20:49,886 - INFO: [exp3_d128] Model saved to C:/PythonProject/English2French/model/exp3_d128_epoch4.pth
2026-07-26 01:20:58,499 - INFO: [exp3_d128] Epoch 5/20 | Global examples: 234880 | Avg Loss (last 1024 ex): 0.6934
2026-07-26 01:21:06,106 - INFO: [exp3_d128] Epoch 5/20 | Global examples: 235904 | Avg Loss (last 1024 ex): 0.6877
2026-07-26 01:21:14,091 - INFO: [exp3_d128] Epoch 5/20 | Global examples: 236928 | Avg Loss (last 1024 ex): 0.7141
2026-07-26 01:21:21,779 - INFO: [exp3_d128] Epoch 5/20 | Global examples: 237952 | Avg Loss (last 1024 ex): 0.7165
2026-07-26 01:21:29,946 - INFO: [exp3_d128] Epoch 5/20 | Global examples: 238976 | Avg Loss (last 1024 ex): 0.7034
2026-07-26 01:21:37,548 - INFO: [exp3_d128] Epoch 5/20 | Global examples: 240000 | Avg Loss (last 1024 ex): 0.7058
2026-07-26 01:21:45,587 - INFO: [exp3_d128] Epoch 5/20 | Global examples: 241024 | Avg Loss (last 1024 ex): 0.7403
2026-07-26 01:21:53,253 - INFO: [exp3_d128] Epoch 5/20 | Global examples: 242048 | Avg Loss (last 1024 ex): 0.6960
2026-07-26 01:22:01,377 - INFO: [exp3_d128] Epoch 5/20 | Global examples: 243072 | Avg Loss (last 1024 ex): 0.6931
2026-07-26 01:22:08,913 - INFO: [exp3_d128] Epoch 5/20 | Global examples: 244096 | Avg Loss (last 1024 ex): 0.7120
2026-07-26 01:22:16,875 - INFO: [exp3_d128] Epoch 5/20 | Global examples: 245120 | Avg Loss (last 1024 ex): 0.6854
2026-07-26 01:22:24,462 - INFO: [exp3_d128] Epoch 5/20 | Global examples: 246144 | Avg Loss (last 1024 ex): 0.7188
2026-07-26 01:22:32,561 - INFO: [exp3_d128] Epoch 5/20 | Global examples: 247168 | Avg Loss (last 1024 ex): 0.6740
2026-07-26 01:22:40,355 - INFO: [exp3_d128] Epoch 5/20 | Global examples: 248192 | Avg Loss (last 1024 ex): 0.7117
2026-07-26 01:22:48,214 - INFO: [exp3_d128] Epoch 5/20 | Global examples: 249216 | Avg Loss (last 1024 ex): 0.7279
2026-07-26 01:22:56,288 - INFO: [exp3_d128] Epoch 5/20 | Global examples: 250240 | Avg Loss (last 1024 ex): 0.6872
2026-07-26 01:23:03,941 - INFO: [exp3_d128] Epoch 5/20 | Global examples: 251264 | Avg Loss (last 1024 ex): 0.7211
2026-07-26 01:23:11,995 - INFO: [exp3_d128] Epoch 5/20 | Global examples: 252288 | Avg Loss (last 1024 ex): 0.6774
2026-07-26 01:23:19,695 - INFO: [exp3_d128] Epoch 5/20 | Global examples: 253312 | Avg Loss (last 1024 ex): 0.7123
2026-07-26 01:23:27,936 - INFO: [exp3_d128] Epoch 5/20 | Global examples: 254336 | Avg Loss (last 1024 ex): 0.6768
2026-07-26 01:23:35,508 - INFO: [exp3_d128] Epoch 5/20 | Global examples: 255360 | Avg Loss (last 1024 ex): 0.7026
2026-07-26 01:23:43,466 - INFO: [exp3_d128] Epoch 5/20 | Global examples: 256384 | Avg Loss (last 1024 ex): 0.6776
2026-07-26 01:23:50,950 - INFO: [exp3_d128] Epoch 5/20 | Global examples: 257408 | Avg Loss (last 1024 ex): 0.7176
2026-07-26 01:23:59,180 - INFO: [exp3_d128] Epoch 5/20 | Global examples: 258432 | Avg Loss (last 1024 ex): 0.6544
2026-07-26 01:24:06,995 - INFO: [exp3_d128] Epoch 5/20 | Global examples: 259456 | Avg Loss (last 1024 ex): 0.6615
2026-07-26 01:24:14,903 - INFO: [exp3_d128] Epoch 5/20 | Global examples: 260480 | Avg Loss (last 1024 ex): 0.6720
2026-07-26 01:24:22,276 - INFO: [exp3_d128] Epoch 5/20 | Global examples: 261504 | Avg Loss (last 1024 ex): 0.7132
2026-07-26 01:24:30,324 - INFO: [exp3_d128] Epoch 5/20 | Global examples: 262528 | Avg Loss (last 1024 ex): 0.6464
2026-07-26 01:24:37,847 - INFO: [exp3_d128] Epoch 5/20 | Global examples: 263552 | Avg Loss (last 1024 ex): 0.6894
2026-07-26 01:24:45,858 - INFO: [exp3_d128] Epoch 5/20 | Global examples: 264576 | Avg Loss (last 1024 ex): 0.6615
2026-07-26 01:24:53,357 - INFO: [exp3_d128] Epoch 5/20 | Global examples: 265600 | Avg Loss (last 1024 ex): 0.6416
2026-07-26 01:25:01,463 - INFO: [exp3_d128] Epoch 5/20 | Global examples: 266624 | Avg Loss (last 1024 ex): 0.6589
2026-07-26 01:25:08,945 - INFO: [exp3_d128] Epoch 5/20 | Global examples: 267648 | Avg Loss (last 1024 ex): 0.6815
2026-07-26 01:25:16,961 - INFO: [exp3_d128] Epoch 5/20 | Global examples: 268672 | Avg Loss (last 1024 ex): 0.6711
2026-07-26 01:25:24,574 - INFO: [exp3_d128] Epoch 5/20 | Global examples: 269696 | Avg Loss (last 1024 ex): 0.6896
2026-07-26 01:25:32,833 - INFO: [exp3_d128] Epoch 5/20 | Global examples: 270720 | Avg Loss (last 1024 ex): 0.6530
2026-07-26 01:25:40,823 - INFO: [exp3_d128] Epoch 5/20 | Global examples: 271744 | Avg Loss (last 1024 ex): 0.6753
2026-07-26 01:25:48,580 - INFO: [exp3_d128] Epoch 5/20 | Global examples: 272768 | Avg Loss (last 1024 ex): 0.6755
2026-07-26 01:25:56,767 - INFO: [exp3_d128] Epoch 5/20 | Global examples: 273792 | Avg Loss (last 1024 ex): 0.6646
2026-07-26 01:26:04,524 - INFO: [exp3_d128] Epoch 5/20 | Global examples: 274816 | Avg Loss (last 1024 ex): 0.6671
2026-07-26 01:26:12,700 - INFO: [exp3_d128] Epoch 5/20 | Global examples: 275840 | Avg Loss (last 1024 ex): 0.6506
2026-07-26 01:26:20,125 - INFO: [exp3_d128] Epoch 5/20 | Global examples: 276864 | Avg Loss (last 1024 ex): 0.6981
2026-07-26 01:26:28,396 - INFO: [exp3_d128] Epoch 5/20 | Global examples: 277888 | Avg Loss (last 1024 ex): 0.6449
2026-07-26 01:26:35,721 - INFO: [exp3_d128] Epoch 5/20 | Global examples: 278912 | Avg Loss (last 1024 ex): 0.6600
2026-07-26 01:26:43,625 - INFO: [exp3_d128] Epoch 5/20 | Global examples: 279936 | Avg Loss (last 1024 ex): 0.6670
2026-07-26 01:26:51,319 - INFO: [exp3_d128] Epoch 5/20 | Global examples: 280960 | Avg Loss (last 1024 ex): 0.6618
2026-07-26 01:26:59,741 - INFO: [exp3_d128] Epoch 5/20 | Global examples: 281984 | Avg Loss (last 1024 ex): 0.6443
2026-07-26 01:27:07,512 - INFO: [exp3_d128] Epoch 5/20 | Global examples: 283008 | Avg Loss (last 1024 ex): 0.6592
2026-07-26 01:27:15,400 - INFO: [exp3_d128] Epoch 5/20 | Global examples: 284032 | Avg Loss (last 1024 ex): 0.6406
2026-07-26 01:27:22,983 - INFO: [exp3_d128] Epoch 5/20 | Global examples: 285056 | Avg Loss (last 1024 ex): 0.6465
2026-07-26 01:27:31,154 - INFO: [exp3_d128] Epoch 5/20 | Global examples: 286080 | Avg Loss (last 1024 ex): 0.6830
2026-07-26 01:27:38,846 - INFO: [exp3_d128] Epoch 5/20 | Global examples: 287104 | Avg Loss (last 1024 ex): 0.6438
2026-07-26 01:27:46,988 - INFO: [exp3_d128] Epoch 5/20 | Global examples: 288128 | Avg Loss (last 1024 ex): 0.6635
2026-07-26 01:27:54,613 - INFO: [exp3_d128] Epoch 5/20 | Global examples: 289152 | Avg Loss (last 1024 ex): 0.6493
2026-07-26 01:28:02,707 - INFO: [exp3_d128] Epoch 5/20 | Global examples: 290176 | Avg Loss (last 1024 ex): 0.6544
2026-07-26 01:28:10,120 - INFO: [exp3_d128] Epoch 5/20 | Global examples: 291200 | Avg Loss (last 1024 ex): 0.6585
2026-07-26 01:28:17,983 - INFO: [exp3_d128] Epoch 5/20 | Global examples: 292224 | Avg Loss (last 1024 ex): 0.6480
2026-07-26 01:28:18,702 - INFO: [exp3_d128] Epoch 5/20 | Global examples: 292320 | Avg Loss (last 96 ex): 0.6236
2026-07-26 01:28:19,869 - INFO: [exp3_d128] Epoch 5 Val | Examples: 1024 | Avg Loss (last 1024 ex): 0.4834
2026-07-26 01:28:21,047 - INFO: [exp3_d128] Epoch 5 Val | Examples: 2048 | Avg Loss (last 1024 ex): 0.4653
2026-07-26 01:28:22,204 - INFO: [exp3_d128] Epoch 5 Val | Examples: 3072 | Avg Loss (last 1024 ex): 0.4804
2026-07-26 01:28:23,379 - INFO: [exp3_d128] Epoch 5 Val | Examples: 4096 | Avg Loss (last 1024 ex): 0.4677
2026-07-26 01:28:24,562 - INFO: [exp3_d128] Epoch 5 Val | Examples: 5120 | Avg Loss (last 1024 ex): 0.4783
2026-07-26 01:28:24,563 - INFO: [exp3_d128] === Epoch 5 done | Train Loss: 0.6789 | Val Loss: 0.4750 | Time: 448.8s ===
2026-07-26 01:28:24,603 - INFO: [exp3_d128] Model saved to C:/PythonProject/English2French/model/exp3_d128_epoch5.pth
2026-07-26 01:28:33,095 - INFO: [exp3_d128] Epoch 6/20 | Global examples: 293344 | Avg Loss (last 1024 ex): 0.5846
2026-07-26 01:28:41,285 - INFO: [exp3_d128] Epoch 6/20 | Global examples: 294368 | Avg Loss (last 1024 ex): 0.5747
2026-07-26 01:28:49,213 - INFO: [exp3_d128] Epoch 6/20 | Global examples: 295392 | Avg Loss (last 1024 ex): 0.5612
2026-07-26 01:28:57,461 - INFO: [exp3_d128] Epoch 6/20 | Global examples: 296416 | Avg Loss (last 1024 ex): 0.5675
2026-07-26 01:29:05,040 - INFO: [exp3_d128] Epoch 6/20 | Global examples: 297440 | Avg Loss (last 1024 ex): 0.5884
2026-07-26 01:29:13,034 - INFO: [exp3_d128] Epoch 6/20 | Global examples: 298464 | Avg Loss (last 1024 ex): 0.6016
2026-07-26 01:29:20,938 - INFO: [exp3_d128] Epoch 6/20 | Global examples: 299488 | Avg Loss (last 1024 ex): 0.6012
2026-07-26 01:29:29,240 - INFO: [exp3_d128] Epoch 6/20 | Global examples: 300512 | Avg Loss (last 1024 ex): 0.5768
2026-07-26 01:29:36,871 - INFO: [exp3_d128] Epoch 6/20 | Global examples: 301536 | Avg Loss (last 1024 ex): 0.5990
2026-07-26 01:29:44,842 - INFO: [exp3_d128] Epoch 6/20 | Global examples: 302560 | Avg Loss (last 1024 ex): 0.5707
2026-07-26 01:29:52,483 - INFO: [exp3_d128] Epoch 6/20 | Global examples: 303584 | Avg Loss (last 1024 ex): 0.5968
2026-07-26 01:30:00,610 - INFO: [exp3_d128] Epoch 6/20 | Global examples: 304608 | Avg Loss (last 1024 ex): 0.5880
2026-07-26 01:30:08,503 - INFO: [exp3_d128] Epoch 6/20 | Global examples: 305632 | Avg Loss (last 1024 ex): 0.5600
2026-07-26 01:30:16,430 - INFO: [exp3_d128] Epoch 6/20 | Global examples: 306656 | Avg Loss (last 1024 ex): 0.6177
2026-07-26 01:30:24,110 - INFO: [exp3_d128] Epoch 6/20 | Global examples: 307680 | Avg Loss (last 1024 ex): 0.5857
2026-07-26 01:30:32,490 - INFO: [exp3_d128] Epoch 6/20 | Global examples: 308704 | Avg Loss (last 1024 ex): 0.5866
2026-07-26 01:30:40,387 - INFO: [exp3_d128] Epoch 6/20 | Global examples: 309728 | Avg Loss (last 1024 ex): 0.5741
2026-07-26 01:30:48,227 - INFO: [exp3_d128] Epoch 6/20 | Global examples: 310752 | Avg Loss (last 1024 ex): 0.5900
2026-07-26 01:30:55,906 - INFO: [exp3_d128] Epoch 6/20 | Global examples: 311776 | Avg Loss (last 1024 ex): 0.5719
2026-07-26 01:31:04,090 - INFO: [exp3_d128] Epoch 6/20 | Global examples: 312800 | Avg Loss (last 1024 ex): 0.5926
2026-07-26 01:31:12,152 - INFO: [exp3_d128] Epoch 6/20 | Global examples: 313824 | Avg Loss (last 1024 ex): 0.5762
2026-07-26 01:31:19,920 - INFO: [exp3_d128] Epoch 6/20 | Global examples: 314848 | Avg Loss (last 1024 ex): 0.5904
2026-07-26 01:31:28,164 - INFO: [exp3_d128] Epoch 6/20 | Global examples: 315872 | Avg Loss (last 1024 ex): 0.6235
2026-07-26 01:31:35,764 - INFO: [exp3_d128] Epoch 6/20 | Global examples: 316896 | Avg Loss (last 1024 ex): 0.5817
2026-07-26 01:31:43,760 - INFO: [exp3_d128] Epoch 6/20 | Global examples: 317920 | Avg Loss (last 1024 ex): 0.5654
2026-07-26 01:31:51,308 - INFO: [exp3_d128] Epoch 6/20 | Global examples: 318944 | Avg Loss (last 1024 ex): 0.6236
2026-07-26 01:31:59,350 - INFO: [exp3_d128] Epoch 6/20 | Global examples: 319968 | Avg Loss (last 1024 ex): 0.5849
2026-07-26 01:32:06,929 - INFO: [exp3_d128] Epoch 6/20 | Global examples: 320992 | Avg Loss (last 1024 ex): 0.6135
2026-07-26 01:32:14,801 - INFO: [exp3_d128] Epoch 6/20 | Global examples: 322016 | Avg Loss (last 1024 ex): 0.5924
2026-07-26 01:32:22,604 - INFO: [exp3_d128] Epoch 6/20 | Global examples: 323040 | Avg Loss (last 1024 ex): 0.5763
2026-07-26 01:32:30,651 - INFO: [exp3_d128] Epoch 6/20 | Global examples: 324064 | Avg Loss (last 1024 ex): 0.5844
2026-07-26 01:32:38,353 - INFO: [exp3_d128] Epoch 6/20 | Global examples: 325088 | Avg Loss (last 1024 ex): 0.5950
2026-07-26 01:32:46,385 - INFO: [exp3_d128] Epoch 6/20 | Global examples: 326112 | Avg Loss (last 1024 ex): 0.5424
2026-07-26 01:32:53,990 - INFO: [exp3_d128] Epoch 6/20 | Global examples: 327136 | Avg Loss (last 1024 ex): 0.5801
2026-07-26 01:33:02,340 - INFO: [exp3_d128] Epoch 6/20 | Global examples: 328160 | Avg Loss (last 1024 ex): 0.5884
2026-07-26 01:33:09,980 - INFO: [exp3_d128] Epoch 6/20 | Global examples: 329184 | Avg Loss (last 1024 ex): 0.5796
2026-07-26 01:33:17,617 - INFO: [exp3_d128] Epoch 6/20 | Global examples: 330208 | Avg Loss (last 1024 ex): 0.5978
2026-07-26 01:33:25,144 - INFO: [exp3_d128] Epoch 6/20 | Global examples: 331232 | Avg Loss (last 1024 ex): 0.5869
2026-07-26 01:33:33,083 - INFO: [exp3_d128] Epoch 6/20 | Global examples: 332256 | Avg Loss (last 1024 ex): 0.5724
2026-07-26 01:33:40,781 - INFO: [exp3_d128] Epoch 6/20 | Global examples: 333280 | Avg Loss (last 1024 ex): 0.5791
2026-07-26 01:33:48,879 - INFO: [exp3_d128] Epoch 6/20 | Global examples: 334304 | Avg Loss (last 1024 ex): 0.5824
2026-07-26 01:33:56,505 - INFO: [exp3_d128] Epoch 6/20 | Global examples: 335328 | Avg Loss (last 1024 ex): 0.5633
2026-07-26 01:34:04,635 - INFO: [exp3_d128] Epoch 6/20 | Global examples: 336352 | Avg Loss (last 1024 ex): 0.5944
2026-07-26 01:34:12,343 - INFO: [exp3_d128] Epoch 6/20 | Global examples: 337376 | Avg Loss (last 1024 ex): 0.5775
2026-07-26 01:34:20,211 - INFO: [exp3_d128] Epoch 6/20 | Global examples: 338400 | Avg Loss (last 1024 ex): 0.5735
2026-07-26 01:34:28,295 - INFO: [exp3_d128] Epoch 6/20 | Global examples: 339424 | Avg Loss (last 1024 ex): 0.5707
2026-07-26 01:34:35,883 - INFO: [exp3_d128] Epoch 6/20 | Global examples: 340448 | Avg Loss (last 1024 ex): 0.6011
2026-07-26 01:34:44,018 - INFO: [exp3_d128] Epoch 6/20 | Global examples: 341472 | Avg Loss (last 1024 ex): 0.5664
2026-07-26 01:34:51,702 - INFO: [exp3_d128] Epoch 6/20 | Global examples: 342496 | Avg Loss (last 1024 ex): 0.6030
2026-07-26 01:34:59,940 - INFO: [exp3_d128] Epoch 6/20 | Global examples: 343520 | Avg Loss (last 1024 ex): 0.5654
2026-07-26 01:35:07,490 - INFO: [exp3_d128] Epoch 6/20 | Global examples: 344544 | Avg Loss (last 1024 ex): 0.5521
2026-07-26 01:35:15,415 - INFO: [exp3_d128] Epoch 6/20 | Global examples: 345568 | Avg Loss (last 1024 ex): 0.5829
2026-07-26 01:35:23,140 - INFO: [exp3_d128] Epoch 6/20 | Global examples: 346592 | Avg Loss (last 1024 ex): 0.5587
2026-07-26 01:35:31,321 - INFO: [exp3_d128] Epoch 6/20 | Global examples: 347616 | Avg Loss (last 1024 ex): 0.5733
2026-07-26 01:35:39,082 - INFO: [exp3_d128] Epoch 6/20 | Global examples: 348640 | Avg Loss (last 1024 ex): 0.5710
2026-07-26 01:35:46,991 - INFO: [exp3_d128] Epoch 6/20 | Global examples: 349664 | Avg Loss (last 1024 ex): 0.5619
2026-07-26 01:35:54,464 - INFO: [exp3_d128] Epoch 6/20 | Global examples: 350688 | Avg Loss (last 1024 ex): 0.5588
2026-07-26 01:35:55,171 - INFO: [exp3_d128] Epoch 6/20 | Global examples: 350784 | Avg Loss (last 96 ex): 0.5269
2026-07-26 01:35:56,321 - INFO: [exp3_d128] Epoch 6 Val | Examples: 1024 | Avg Loss (last 1024 ex): 0.3977
2026-07-26 01:35:57,940 - INFO: [exp3_d128] Epoch 6 Val | Examples: 2048 | Avg Loss (last 1024 ex): 0.3814
2026-07-26 01:35:59,046 - INFO: [exp3_d128] Epoch 6 Val | Examples: 3072 | Avg Loss (last 1024 ex): 0.4060
2026-07-26 01:36:00,161 - INFO: [exp3_d128] Epoch 6 Val | Examples: 4096 | Avg Loss (last 1024 ex): 0.4091
2026-07-26 01:36:01,249 - INFO: [exp3_d128] Epoch 6 Val | Examples: 5120 | Avg Loss (last 1024 ex): 0.4147
2026-07-26 01:36:01,250 - INFO: [exp3_d128] === Epoch 6 done | Train Loss: 0.5820 | Val Loss: 0.4018 | Time: 450.6s ===
2026-07-26 01:36:01,290 - INFO: [exp3_d128] Model saved to C:/PythonProject/English2French/model/exp3_d128_epoch6.pth
2026-07-26 01:36:08,930 - INFO: [exp3_d128] Epoch 7/20 | Global examples: 351808 | Avg Loss (last 1024 ex): 0.4962
2026-07-26 01:36:17,581 - INFO: [exp3_d128] Epoch 7/20 | Global examples: 352832 | Avg Loss (last 1024 ex): 0.4801
2026-07-26 01:36:25,205 - INFO: [exp3_d128] Epoch 7/20 | Global examples: 353856 | Avg Loss (last 1024 ex): 0.5068
2026-07-26 01:36:33,350 - INFO: [exp3_d128] Epoch 7/20 | Global examples: 354880 | Avg Loss (last 1024 ex): 0.5215
2026-07-26 01:36:41,178 - INFO: [exp3_d128] Epoch 7/20 | Global examples: 355904 | Avg Loss (last 1024 ex): 0.4972
2026-07-26 01:36:49,476 - INFO: [exp3_d128] Epoch 7/20 | Global examples: 356928 | Avg Loss (last 1024 ex): 0.5125
2026-07-26 01:36:57,224 - INFO: [exp3_d128] Epoch 7/20 | Global examples: 357952 | Avg Loss (last 1024 ex): 0.4993
2026-07-26 01:37:05,276 - INFO: [exp3_d128] Epoch 7/20 | Global examples: 358976 | Avg Loss (last 1024 ex): 0.5121
2026-07-26 01:37:13,389 - INFO: [exp3_d128] Epoch 7/20 | Global examples: 360000 | Avg Loss (last 1024 ex): 0.5101
2026-07-26 01:37:21,164 - INFO: [exp3_d128] Epoch 7/20 | Global examples: 361024 | Avg Loss (last 1024 ex): 0.5342
2026-07-26 01:37:29,131 - INFO: [exp3_d128] Epoch 7/20 | Global examples: 362048 | Avg Loss (last 1024 ex): 0.5520
2026-07-26 01:37:36,663 - INFO: [exp3_d128] Epoch 7/20 | Global examples: 363072 | Avg Loss (last 1024 ex): 0.5506
2026-07-26 01:37:44,727 - INFO: [exp3_d128] Epoch 7/20 | Global examples: 364096 | Avg Loss (last 1024 ex): 0.5173
2026-07-26 01:37:52,153 - INFO: [exp3_d128] Epoch 7/20 | Global examples: 365120 | Avg Loss (last 1024 ex): 0.5224
2026-07-26 01:38:00,172 - INFO: [exp3_d128] Epoch 7/20 | Global examples: 366144 | Avg Loss (last 1024 ex): 0.5222
2026-07-26 01:38:07,805 - INFO: [exp3_d128] Epoch 7/20 | Global examples: 367168 | Avg Loss (last 1024 ex): 0.5452
2026-07-26 01:38:16,087 - INFO: [exp3_d128] Epoch 7/20 | Global examples: 368192 | Avg Loss (last 1024 ex): 0.5228
2026-07-26 01:38:23,861 - INFO: [exp3_d128] Epoch 7/20 | Global examples: 369216 | Avg Loss (last 1024 ex): 0.5453
2026-07-26 01:38:31,737 - INFO: [exp3_d128] Epoch 7/20 | Global examples: 370240 | Avg Loss (last 1024 ex): 0.5563
2026-07-26 01:38:39,349 - INFO: [exp3_d128] Epoch 7/20 | Global examples: 371264 | Avg Loss (last 1024 ex): 0.5406
2026-07-26 01:38:47,563 - INFO: [exp3_d128] Epoch 7/20 | Global examples: 372288 | Avg Loss (last 1024 ex): 0.5333
2026-07-26 01:38:55,150 - INFO: [exp3_d128] Epoch 7/20 | Global examples: 373312 | Avg Loss (last 1024 ex): 0.5194
2026-07-26 01:39:03,361 - INFO: [exp3_d128] Epoch 7/20 | Global examples: 374336 | Avg Loss (last 1024 ex): 0.5269
2026-07-26 01:39:11,002 - INFO: [exp3_d128] Epoch 7/20 | Global examples: 375360 | Avg Loss (last 1024 ex): 0.5200
2026-07-26 01:39:19,146 - INFO: [exp3_d128] Epoch 7/20 | Global examples: 376384 | Avg Loss (last 1024 ex): 0.5383
2026-07-26 01:39:26,590 - INFO: [exp3_d128] Epoch 7/20 | Global examples: 377408 | Avg Loss (last 1024 ex): 0.5150
2026-07-26 01:39:34,576 - INFO: [exp3_d128] Epoch 7/20 | Global examples: 378432 | Avg Loss (last 1024 ex): 0.5516
2026-07-26 01:39:42,379 - INFO: [exp3_d128] Epoch 7/20 | Global examples: 379456 | Avg Loss (last 1024 ex): 0.5298
2026-07-26 01:39:50,777 - INFO: [exp3_d128] Epoch 7/20 | Global examples: 380480 | Avg Loss (last 1024 ex): 0.5195
2026-07-26 01:39:58,938 - INFO: [exp3_d128] Epoch 7/20 | Global examples: 381504 | Avg Loss (last 1024 ex): 0.5389
2026-07-26 01:40:06,733 - INFO: [exp3_d128] Epoch 7/20 | Global examples: 382528 | Avg Loss (last 1024 ex): 0.5617
2026-07-26 01:40:14,880 - INFO: [exp3_d128] Epoch 7/20 | Global examples: 383552 | Avg Loss (last 1024 ex): 0.5329
2026-07-26 01:40:22,637 - INFO: [exp3_d128] Epoch 7/20 | Global examples: 384576 | Avg Loss (last 1024 ex): 0.5289
2026-07-26 01:40:30,657 - INFO: [exp3_d128] Epoch 7/20 | Global examples: 385600 | Avg Loss (last 1024 ex): 0.5589
2026-07-26 01:40:38,406 - INFO: [exp3_d128] Epoch 7/20 | Global examples: 386624 | Avg Loss (last 1024 ex): 0.5416
2026-07-26 01:40:46,776 - INFO: [exp3_d128] Epoch 7/20 | Global examples: 387648 | Avg Loss (last 1024 ex): 0.5104
2026-07-26 01:40:54,626 - INFO: [exp3_d128] Epoch 7/20 | Global examples: 388672 | Avg Loss (last 1024 ex): 0.5343
2026-07-26 01:41:02,679 - INFO: [exp3_d128] Epoch 7/20 | Global examples: 389696 | Avg Loss (last 1024 ex): 0.5088
2026-07-26 01:41:10,208 - INFO: [exp3_d128] Epoch 7/20 | Global examples: 390720 | Avg Loss (last 1024 ex): 0.5424
2026-07-26 01:41:18,454 - INFO: [exp3_d128] Epoch 7/20 | Global examples: 391744 | Avg Loss (last 1024 ex): 0.5391
2026-07-26 01:41:26,152 - INFO: [exp3_d128] Epoch 7/20 | Global examples: 392768 | Avg Loss (last 1024 ex): 0.5315
2026-07-26 01:41:34,241 - INFO: [exp3_d128] Epoch 7/20 | Global examples: 393792 | Avg Loss (last 1024 ex): 0.5224
2026-07-26 01:41:42,000 - INFO: [exp3_d128] Epoch 7/20 | Global examples: 394816 | Avg Loss (last 1024 ex): 0.5210
2026-07-26 01:41:50,486 - INFO: [exp3_d128] Epoch 7/20 | Global examples: 395840 | Avg Loss (last 1024 ex): 0.5125
2026-07-26 01:41:58,697 - INFO: [exp3_d128] Epoch 7/20 | Global examples: 396864 | Avg Loss (last 1024 ex): 0.4947
2026-07-26 01:42:06,311 - INFO: [exp3_d128] Epoch 7/20 | Global examples: 397888 | Avg Loss (last 1024 ex): 0.5128
2026-07-26 01:42:14,528 - INFO: [exp3_d128] Epoch 7/20 | Global examples: 398912 | Avg Loss (last 1024 ex): 0.5169
2026-07-26 01:42:22,328 - INFO: [exp3_d128] Epoch 7/20 | Global examples: 399936 | Avg Loss (last 1024 ex): 0.5131
2026-07-26 01:42:30,116 - INFO: [exp3_d128] Epoch 7/20 | Global examples: 400960 | Avg Loss (last 1024 ex): 0.5161
2026-07-26 01:42:37,843 - INFO: [exp3_d128] Epoch 7/20 | Global examples: 401984 | Avg Loss (last 1024 ex): 0.5089
2026-07-26 01:42:46,063 - INFO: [exp3_d128] Epoch 7/20 | Global examples: 403008 | Avg Loss (last 1024 ex): 0.5241
2026-07-26 01:42:53,760 - INFO: [exp3_d128] Epoch 7/20 | Global examples: 404032 | Avg Loss (last 1024 ex): 0.5127
2026-07-26 01:43:01,881 - INFO: [exp3_d128] Epoch 7/20 | Global examples: 405056 | Avg Loss (last 1024 ex): 0.5362
2026-07-26 01:43:09,522 - INFO: [exp3_d128] Epoch 7/20 | Global examples: 406080 | Avg Loss (last 1024 ex): 0.5255
2026-07-26 01:43:17,650 - INFO: [exp3_d128] Epoch 7/20 | Global examples: 407104 | Avg Loss (last 1024 ex): 0.4781
2026-07-26 01:43:25,299 - INFO: [exp3_d128] Epoch 7/20 | Global examples: 408128 | Avg Loss (last 1024 ex): 0.5356
2026-07-26 01:43:33,409 - INFO: [exp3_d128] Epoch 7/20 | Global examples: 409152 | Avg Loss (last 1024 ex): 0.5080
2026-07-26 01:43:34,111 - INFO: [exp3_d128] Epoch 7/20 | Global examples: 409248 | Avg Loss (last 96 ex): 0.4604
2026-07-26 01:43:35,181 - INFO: [exp3_d128] Epoch 7 Val | Examples: 1024 | Avg Loss (last 1024 ex): 0.3615
2026-07-26 01:43:36,235 - INFO: [exp3_d128] Epoch 7 Val | Examples: 2048 | Avg Loss (last 1024 ex): 0.3618
2026-07-26 01:43:37,333 - INFO: [exp3_d128] Epoch 7 Val | Examples: 3072 | Avg Loss (last 1024 ex): 0.3688
2026-07-26 01:43:38,413 - INFO: [exp3_d128] Epoch 7 Val | Examples: 4096 | Avg Loss (last 1024 ex): 0.3687
2026-07-26 01:43:39,495 - INFO: [exp3_d128] Epoch 7 Val | Examples: 5120 | Avg Loss (last 1024 ex): 0.3827
2026-07-26 01:43:39,495 - INFO: [exp3_d128] === Epoch 7 done | Train Loss: 0.5239 | Val Loss: 0.3687 | Time: 452.8s ===
2026-07-26 01:43:39,529 - INFO: [exp3_d128] Model saved to C:/PythonProject/English2French/model/exp3_d128_epoch7.pth
2026-07-26 01:43:48,047 - INFO: [exp3_d128] Epoch 8/20 | Global examples: 410272 | Avg Loss (last 1024 ex): 0.4694
2026-07-26 01:43:55,794 - INFO: [exp3_d128] Epoch 8/20 | Global examples: 411296 | Avg Loss (last 1024 ex): 0.4404
2026-07-26 01:44:03,848 - INFO: [exp3_d128] Epoch 8/20 | Global examples: 412320 | Avg Loss (last 1024 ex): 0.4753
2026-07-26 01:44:11,387 - INFO: [exp3_d128] Epoch 8/20 | Global examples: 413344 | Avg Loss (last 1024 ex): 0.4518
2026-07-26 01:44:19,605 - INFO: [exp3_d128] Epoch 8/20 | Global examples: 414368 | Avg Loss (last 1024 ex): 0.4593
2026-07-26 01:44:27,304 - INFO: [exp3_d128] Epoch 8/20 | Global examples: 415392 | Avg Loss (last 1024 ex): 0.4712
2026-07-26 01:44:35,313 - INFO: [exp3_d128] Epoch 8/20 | Global examples: 416416 | Avg Loss (last 1024 ex): 0.4729
2026-07-26 01:44:43,063 - INFO: [exp3_d128] Epoch 8/20 | Global examples: 417440 | Avg Loss (last 1024 ex): 0.4968
2026-07-26 01:44:51,321 - INFO: [exp3_d128] Epoch 8/20 | Global examples: 418464 | Avg Loss (last 1024 ex): 0.4897
2026-07-26 01:44:59,459 - INFO: [exp3_d128] Epoch 8/20 | Global examples: 419488 | Avg Loss (last 1024 ex): 0.4864
2026-07-26 01:45:07,126 - INFO: [exp3_d128] Epoch 8/20 | Global examples: 420512 | Avg Loss (last 1024 ex): 0.4731
2026-07-26 01:45:15,418 - INFO: [exp3_d128] Epoch 8/20 | Global examples: 421536 | Avg Loss (last 1024 ex): 0.4768
2026-07-26 01:45:22,926 - INFO: [exp3_d128] Epoch 8/20 | Global examples: 422560 | Avg Loss (last 1024 ex): 0.4664
2026-07-26 01:45:30,925 - INFO: [exp3_d128] Epoch 8/20 | Global examples: 423584 | Avg Loss (last 1024 ex): 0.4833
2026-07-26 01:45:38,678 - INFO: [exp3_d128] Epoch 8/20 | Global examples: 424608 | Avg Loss (last 1024 ex): 0.4804
2026-07-26 01:45:46,911 - INFO: [exp3_d128] Epoch 8/20 | Global examples: 425632 | Avg Loss (last 1024 ex): 0.4796
2026-07-26 01:45:54,654 - INFO: [exp3_d128] Epoch 8/20 | Global examples: 426656 | Avg Loss (last 1024 ex): 0.4807
2026-07-26 01:46:02,738 - INFO: [exp3_d128] Epoch 8/20 | Global examples: 427680 | Avg Loss (last 1024 ex): 0.4728
2026-07-26 01:46:10,396 - INFO: [exp3_d128] Epoch 8/20 | Global examples: 428704 | Avg Loss (last 1024 ex): 0.4964
2026-07-26 01:46:18,547 - INFO: [exp3_d128] Epoch 8/20 | Global examples: 429728 | Avg Loss (last 1024 ex): 0.4972
2026-07-26 01:46:26,195 - INFO: [exp3_d128] Epoch 8/20 | Global examples: 430752 | Avg Loss (last 1024 ex): 0.4858
2026-07-26 01:46:34,271 - INFO: [exp3_d128] Epoch 8/20 | Global examples: 431776 | Avg Loss (last 1024 ex): 0.4848
2026-07-26 01:46:42,011 - INFO: [exp3_d128] Epoch 8/20 | Global examples: 432800 | Avg Loss (last 1024 ex): 0.4761
2026-07-26 01:46:50,142 - INFO: [exp3_d128] Epoch 8/20 | Global examples: 433824 | Avg Loss (last 1024 ex): 0.4966
2026-07-26 01:46:57,855 - INFO: [exp3_d128] Epoch 8/20 | Global examples: 434848 | Avg Loss (last 1024 ex): 0.4847
2026-07-26 01:47:05,984 - INFO: [exp3_d128] Epoch 8/20 | Global examples: 435872 | Avg Loss (last 1024 ex): 0.4886
2026-07-26 01:47:13,670 - INFO: [exp3_d128] Epoch 8/20 | Global examples: 436896 | Avg Loss (last 1024 ex): 0.4720
2026-07-26 01:47:21,945 - INFO: [exp3_d128] Epoch 8/20 | Global examples: 437920 | Avg Loss (last 1024 ex): 0.4706
2026-07-26 01:47:29,939 - INFO: [exp3_d128] Epoch 8/20 | Global examples: 438944 | Avg Loss (last 1024 ex): 0.4780
2026-07-26 01:47:37,696 - INFO: [exp3_d128] Epoch 8/20 | Global examples: 439968 | Avg Loss (last 1024 ex): 0.4777
2026-07-26 01:47:45,929 - INFO: [exp3_d128] Epoch 8/20 | Global examples: 440992 | Avg Loss (last 1024 ex): 0.4997
2026-07-26 01:47:53,566 - INFO: [exp3_d128] Epoch 8/20 | Global examples: 442016 | Avg Loss (last 1024 ex): 0.4895
2026-07-26 01:48:01,238 - INFO: [exp3_d128] Epoch 8/20 | Global examples: 443040 | Avg Loss (last 1024 ex): 0.4710
2026-07-26 01:48:08,838 - INFO: [exp3_d128] Epoch 8/20 | Global examples: 444064 | Avg Loss (last 1024 ex): 0.4713
2026-07-26 01:48:17,284 - INFO: [exp3_d128] Epoch 8/20 | Global examples: 445088 | Avg Loss (last 1024 ex): 0.4845
2026-07-26 01:48:25,002 - INFO: [exp3_d128] Epoch 8/20 | Global examples: 446112 | Avg Loss (last 1024 ex): 0.5098
2026-07-26 01:48:33,209 - INFO: [exp3_d128] Epoch 8/20 | Global examples: 447136 | Avg Loss (last 1024 ex): 0.4826
2026-07-26 01:48:41,060 - INFO: [exp3_d128] Epoch 8/20 | Global examples: 448160 | Avg Loss (last 1024 ex): 0.5055
2026-07-26 01:48:49,242 - INFO: [exp3_d128] Epoch 8/20 | Global examples: 449184 | Avg Loss (last 1024 ex): 0.4906
2026-07-26 01:48:57,006 - INFO: [exp3_d128] Epoch 8/20 | Global examples: 450208 | Avg Loss (last 1024 ex): 0.4752
2026-07-26 01:49:05,073 - INFO: [exp3_d128] Epoch 8/20 | Global examples: 451232 | Avg Loss (last 1024 ex): 0.4931
2026-07-26 01:49:12,899 - INFO: [exp3_d128] Epoch 8/20 | Global examples: 452256 | Avg Loss (last 1024 ex): 0.4846
2026-07-26 01:49:21,409 - INFO: [exp3_d128] Epoch 8/20 | Global examples: 453280 | Avg Loss (last 1024 ex): 0.4635
2026-07-26 01:49:29,211 - INFO: [exp3_d128] Epoch 8/20 | Global examples: 454304 | Avg Loss (last 1024 ex): 0.4633
2026-07-26 01:49:37,358 - INFO: [exp3_d128] Epoch 8/20 | Global examples: 455328 | Avg Loss (last 1024 ex): 0.4992
2026-07-26 01:49:45,624 - INFO: [exp3_d128] Epoch 8/20 | Global examples: 456352 | Avg Loss (last 1024 ex): 0.4701
2026-07-26 01:49:53,325 - INFO: [exp3_d128] Epoch 8/20 | Global examples: 457376 | Avg Loss (last 1024 ex): 0.4915
2026-07-26 01:50:01,418 - INFO: [exp3_d128] Epoch 8/20 | Global examples: 458400 | Avg Loss (last 1024 ex): 0.4754
2026-07-26 01:50:09,186 - INFO: [exp3_d128] Epoch 8/20 | Global examples: 459424 | Avg Loss (last 1024 ex): 0.4693
2026-07-26 01:50:17,433 - INFO: [exp3_d128] Epoch 8/20 | Global examples: 460448 | Avg Loss (last 1024 ex): 0.4816
2026-07-26 01:50:24,945 - INFO: [exp3_d128] Epoch 8/20 | Global examples: 461472 | Avg Loss (last 1024 ex): 0.4971
2026-07-26 01:50:32,848 - INFO: [exp3_d128] Epoch 8/20 | Global examples: 462496 | Avg Loss (last 1024 ex): 0.4770
2026-07-26 01:50:40,172 - INFO: [exp3_d128] Epoch 8/20 | Global examples: 463520 | Avg Loss (last 1024 ex): 0.4759
2026-07-26 01:50:48,527 - INFO: [exp3_d128] Epoch 8/20 | Global examples: 464544 | Avg Loss (last 1024 ex): 0.4555
2026-07-26 01:50:56,403 - INFO: [exp3_d128] Epoch 8/20 | Global examples: 465568 | Avg Loss (last 1024 ex): 0.4477
2026-07-26 01:51:04,711 - INFO: [exp3_d128] Epoch 8/20 | Global examples: 466592 | Avg Loss (last 1024 ex): 0.4556
2026-07-26 01:51:12,522 - INFO: [exp3_d128] Epoch 8/20 | Global examples: 467616 | Avg Loss (last 1024 ex): 0.4864
2026-07-26 01:51:13,262 - INFO: [exp3_d128] Epoch 8/20 | Global examples: 467712 | Avg Loss (last 96 ex): 0.4104
2026-07-26 01:51:14,412 - INFO: [exp3_d128] Epoch 8 Val | Examples: 1024 | Avg Loss (last 1024 ex): 0.3438
2026-07-26 01:51:16,153 - INFO: [exp3_d128] Epoch 8 Val | Examples: 2048 | Avg Loss (last 1024 ex): 0.3324
2026-07-26 01:51:17,254 - INFO: [exp3_d128] Epoch 8 Val | Examples: 3072 | Avg Loss (last 1024 ex): 0.3310
2026-07-26 01:51:18,358 - INFO: [exp3_d128] Epoch 8 Val | Examples: 4096 | Avg Loss (last 1024 ex): 0.3419
2026-07-26 01:51:19,550 - INFO: [exp3_d128] Epoch 8 Val | Examples: 5120 | Avg Loss (last 1024 ex): 0.3410
2026-07-26 01:51:19,550 - INFO: [exp3_d128] === Epoch 8 done | Train Loss: 0.4789 | Val Loss: 0.3380 | Time: 453.7s ===
2026-07-26 01:51:19,583 - INFO: [exp3_d128] Model saved to C:/PythonProject/English2French/model/exp3_d128_epoch8.pth
2026-07-26 01:51:27,277 - INFO: [exp3_d128] Epoch 9/20 | Global examples: 468736 | Avg Loss (last 1024 ex): 0.4117
2026-07-26 01:51:36,016 - INFO: [exp3_d128] Epoch 9/20 | Global examples: 469760 | Avg Loss (last 1024 ex): 0.4250
2026-07-26 01:51:43,851 - INFO: [exp3_d128] Epoch 9/20 | Global examples: 470784 | Avg Loss (last 1024 ex): 0.4259
2026-07-26 01:51:52,093 - INFO: [exp3_d128] Epoch 9/20 | Global examples: 471808 | Avg Loss (last 1024 ex): 0.4690
2026-07-26 01:51:59,767 - INFO: [exp3_d128] Epoch 9/20 | Global examples: 472832 | Avg Loss (last 1024 ex): 0.4315
2026-07-26 01:52:07,995 - INFO: [exp3_d128] Epoch 9/20 | Global examples: 473856 | Avg Loss (last 1024 ex): 0.4342
2026-07-26 01:52:15,875 - INFO: [exp3_d128] Epoch 9/20 | Global examples: 474880 | Avg Loss (last 1024 ex): 0.4410
2026-07-26 01:52:23,476 - INFO: [exp3_d128] Epoch 9/20 | Global examples: 475904 | Avg Loss (last 1024 ex): 0.4139
2026-07-26 01:52:31,761 - INFO: [exp3_d128] Epoch 9/20 | Global examples: 476928 | Avg Loss (last 1024 ex): 0.4299
2026-07-26 01:52:39,624 - INFO: [exp3_d128] Epoch 9/20 | Global examples: 477952 | Avg Loss (last 1024 ex): 0.4598
2026-07-26 01:52:47,910 - INFO: [exp3_d128] Epoch 9/20 | Global examples: 478976 | Avg Loss (last 1024 ex): 0.4652
2026-07-26 01:52:55,874 - INFO: [exp3_d128] Epoch 9/20 | Global examples: 480000 | Avg Loss (last 1024 ex): 0.4516
2026-07-26 01:53:04,143 - INFO: [exp3_d128] Epoch 9/20 | Global examples: 481024 | Avg Loss (last 1024 ex): 0.4291
2026-07-26 01:53:11,805 - INFO: [exp3_d128] Epoch 9/20 | Global examples: 482048 | Avg Loss (last 1024 ex): 0.4279
2026-07-26 01:53:20,069 - INFO: [exp3_d128] Epoch 9/20 | Global examples: 483072 | Avg Loss (last 1024 ex): 0.4308
2026-07-26 01:53:27,941 - INFO: [exp3_d128] Epoch 9/20 | Global examples: 484096 | Avg Loss (last 1024 ex): 0.4335
2026-07-26 01:53:36,294 - INFO: [exp3_d128] Epoch 9/20 | Global examples: 485120 | Avg Loss (last 1024 ex): 0.4681
2026-07-26 01:53:44,028 - INFO: [exp3_d128] Epoch 9/20 | Global examples: 486144 | Avg Loss (last 1024 ex): 0.4462
2026-07-26 01:53:52,222 - INFO: [exp3_d128] Epoch 9/20 | Global examples: 487168 | Avg Loss (last 1024 ex): 0.4632
2026-07-26 01:53:59,853 - INFO: [exp3_d128] Epoch 9/20 | Global examples: 488192 | Avg Loss (last 1024 ex): 0.4339
2026-07-26 01:54:08,213 - INFO: [exp3_d128] Epoch 9/20 | Global examples: 489216 | Avg Loss (last 1024 ex): 0.4469
2026-07-26 01:54:16,271 - INFO: [exp3_d128] Epoch 9/20 | Global examples: 490240 | Avg Loss (last 1024 ex): 0.4464
2026-07-26 01:54:23,993 - INFO: [exp3_d128] Epoch 9/20 | Global examples: 491264 | Avg Loss (last 1024 ex): 0.4759
2026-07-26 01:54:32,402 - INFO: [exp3_d128] Epoch 9/20 | Global examples: 492288 | Avg Loss (last 1024 ex): 0.4435
2026-07-26 01:54:40,268 - INFO: [exp3_d128] Epoch 9/20 | Global examples: 493312 | Avg Loss (last 1024 ex): 0.4497
2026-07-26 01:54:48,496 - INFO: [exp3_d128] Epoch 9/20 | Global examples: 494336 | Avg Loss (last 1024 ex): 0.4525
2026-07-26 01:54:56,137 - INFO: [exp3_d128] Epoch 9/20 | Global examples: 495360 | Avg Loss (last 1024 ex): 0.4523
2026-07-26 01:55:04,480 - INFO: [exp3_d128] Epoch 9/20 | Global examples: 496384 | Avg Loss (last 1024 ex): 0.4495
2026-07-26 01:55:12,343 - INFO: [exp3_d128] Epoch 9/20 | Global examples: 497408 | Avg Loss (last 1024 ex): 0.4363
2026-07-26 01:55:20,557 - INFO: [exp3_d128] Epoch 9/20 | Global examples: 498432 | Avg Loss (last 1024 ex): 0.4459
2026-07-26 01:55:28,731 - INFO: [exp3_d128] Epoch 9/20 | Global examples: 499456 | Avg Loss (last 1024 ex): 0.4645
2026-07-26 01:55:37,176 - INFO: [exp3_d128] Epoch 9/20 | Global examples: 500480 | Avg Loss (last 1024 ex): 0.4640
2026-07-26 01:55:44,744 - INFO: [exp3_d128] Epoch 9/20 | Global examples: 501504 | Avg Loss (last 1024 ex): 0.4179
2026-07-26 01:55:53,043 - INFO: [exp3_d128] Epoch 9/20 | Global examples: 502528 | Avg Loss (last 1024 ex): 0.4483
2026-07-26 01:56:01,352 - INFO: [exp3_d128] Epoch 9/20 | Global examples: 503552 | Avg Loss (last 1024 ex): 0.4476
2026-07-26 01:56:09,224 - INFO: [exp3_d128] Epoch 9/20 | Global examples: 504576 | Avg Loss (last 1024 ex): 0.4427
2026-07-26 01:56:17,429 - INFO: [exp3_d128] Epoch 9/20 | Global examples: 505600 | Avg Loss (last 1024 ex): 0.4522
2026-07-26 01:56:25,065 - INFO: [exp3_d128] Epoch 9/20 | Global examples: 506624 | Avg Loss (last 1024 ex): 0.4750
2026-07-26 01:56:33,335 - INFO: [exp3_d128] Epoch 9/20 | Global examples: 507648 | Avg Loss (last 1024 ex): 0.4681
2026-07-26 01:56:41,125 - INFO: [exp3_d128] Epoch 9/20 | Global examples: 508672 | Avg Loss (last 1024 ex): 0.4462
2026-07-26 01:56:49,462 - INFO: [exp3_d128] Epoch 9/20 | Global examples: 509696 | Avg Loss (last 1024 ex): 0.4754
2026-07-26 01:56:57,543 - INFO: [exp3_d128] Epoch 9/20 | Global examples: 510720 | Avg Loss (last 1024 ex): 0.4311
2026-07-26 01:57:06,145 - INFO: [exp3_d128] Epoch 9/20 | Global examples: 511744 | Avg Loss (last 1024 ex): 0.4643
2026-07-26 01:57:14,027 - INFO: [exp3_d128] Epoch 9/20 | Global examples: 512768 | Avg Loss (last 1024 ex): 0.4673
2026-07-26 01:57:22,130 - INFO: [exp3_d128] Epoch 9/20 | Global examples: 513792 | Avg Loss (last 1024 ex): 0.4658
2026-07-26 01:57:30,054 - INFO: [exp3_d128] Epoch 9/20 | Global examples: 514816 | Avg Loss (last 1024 ex): 0.4406
2026-07-26 01:57:38,214 - INFO: [exp3_d128] Epoch 9/20 | Global examples: 515840 | Avg Loss (last 1024 ex): 0.4589
2026-07-26 01:57:46,066 - INFO: [exp3_d128] Epoch 9/20 | Global examples: 516864 | Avg Loss (last 1024 ex): 0.4518
2026-07-26 01:57:54,271 - INFO: [exp3_d128] Epoch 9/20 | Global examples: 517888 | Avg Loss (last 1024 ex): 0.4531
2026-07-26 01:58:02,579 - INFO: [exp3_d128] Epoch 9/20 | Global examples: 518912 | Avg Loss (last 1024 ex): 0.4662
2026-07-26 01:58:10,634 - INFO: [exp3_d128] Epoch 9/20 | Global examples: 519936 | Avg Loss (last 1024 ex): 0.4455
2026-07-26 01:58:18,845 - INFO: [exp3_d128] Epoch 9/20 | Global examples: 520960 | Avg Loss (last 1024 ex): 0.4700
2026-07-26 01:58:26,795 - INFO: [exp3_d128] Epoch 9/20 | Global examples: 521984 | Avg Loss (last 1024 ex): 0.4481
2026-07-26 01:58:35,302 - INFO: [exp3_d128] Epoch 9/20 | Global examples: 523008 | Avg Loss (last 1024 ex): 0.4329
2026-07-26 01:58:43,081 - INFO: [exp3_d128] Epoch 9/20 | Global examples: 524032 | Avg Loss (last 1024 ex): 0.4554
2026-07-26 01:58:51,409 - INFO: [exp3_d128] Epoch 9/20 | Global examples: 525056 | Avg Loss (last 1024 ex): 0.4670
2026-07-26 01:58:59,356 - INFO: [exp3_d128] Epoch 9/20 | Global examples: 526080 | Avg Loss (last 1024 ex): 0.4377
2026-07-26 01:59:00,146 - INFO: [exp3_d128] Epoch 9/20 | Global examples: 526176 | Avg Loss (last 96 ex): 0.4560
2026-07-26 01:59:01,309 - INFO: [exp3_d128] Epoch 9 Val | Examples: 1024 | Avg Loss (last 1024 ex): 0.3175
2026-07-26 01:59:03,065 - INFO: [exp3_d128] Epoch 9 Val | Examples: 2048 | Avg Loss (last 1024 ex): 0.2978
2026-07-26 01:59:04,173 - INFO: [exp3_d128] Epoch 9 Val | Examples: 3072 | Avg Loss (last 1024 ex): 0.3009
2026-07-26 01:59:05,344 - INFO: [exp3_d128] Epoch 9 Val | Examples: 4096 | Avg Loss (last 1024 ex): 0.3240
2026-07-26 01:59:06,489 - INFO: [exp3_d128] Epoch 9 Val | Examples: 5120 | Avg Loss (last 1024 ex): 0.3277
2026-07-26 01:59:06,490 - INFO: [exp3_d128] === Epoch 9 done | Train Loss: 0.4482 | Val Loss: 0.3136 | Time: 460.6s ===
2026-07-26 01:59:06,523 - INFO: [exp3_d128] Model saved to C:/PythonProject/English2French/model/exp3_d128_epoch9.pth
2026-07-26 01:59:14,387 - INFO: [exp3_d128] Epoch 10/20 | Global examples: 527200 | Avg Loss (last 1024 ex): 0.3930
2026-07-26 01:59:23,053 - INFO: [exp3_d128] Epoch 10/20 | Global examples: 528224 | Avg Loss (last 1024 ex): 0.4113
2026-07-26 01:59:31,130 - INFO: [exp3_d128] Epoch 10/20 | Global examples: 529248 | Avg Loss (last 1024 ex): 0.4007
2026-07-26 01:59:39,532 - INFO: [exp3_d128] Epoch 10/20 | Global examples: 530272 | Avg Loss (last 1024 ex): 0.3990
2026-07-26 01:59:48,087 - INFO: [exp3_d128] Epoch 10/20 | Global examples: 531296 | Avg Loss (last 1024 ex): 0.4103
2026-07-26 01:59:56,018 - INFO: [exp3_d128] Epoch 10/20 | Global examples: 532320 | Avg Loss (last 1024 ex): 0.4215
2026-07-26 02:00:04,344 - INFO: [exp3_d128] Epoch 10/20 | Global examples: 533344 | Avg Loss (last 1024 ex): 0.3898
2026-07-26 02:00:12,130 - INFO: [exp3_d128] Epoch 10/20 | Global examples: 534368 | Avg Loss (last 1024 ex): 0.4068
2026-07-26 02:00:20,488 - INFO: [exp3_d128] Epoch 10/20 | Global examples: 535392 | Avg Loss (last 1024 ex): 0.4221
2026-07-26 02:00:28,274 - INFO: [exp3_d128] Epoch 10/20 | Global examples: 536416 | Avg Loss (last 1024 ex): 0.4307
2026-07-26 02:00:36,538 - INFO: [exp3_d128] Epoch 10/20 | Global examples: 537440 | Avg Loss (last 1024 ex): 0.4477
2026-07-26 02:00:44,461 - INFO: [exp3_d128] Epoch 10/20 | Global examples: 538464 | Avg Loss (last 1024 ex): 0.4116
2026-07-26 02:00:52,804 - INFO: [exp3_d128] Epoch 10/20 | Global examples: 539488 | Avg Loss (last 1024 ex): 0.4113
2026-07-26 02:01:00,426 - INFO: [exp3_d128] Epoch 10/20 | Global examples: 540512 | Avg Loss (last 1024 ex): 0.4134
2026-07-26 02:01:08,764 - INFO: [exp3_d128] Epoch 10/20 | Global examples: 541536 | Avg Loss (last 1024 ex): 0.4163
2026-07-26 02:01:16,603 - INFO: [exp3_d128] Epoch 10/20 | Global examples: 542560 | Avg Loss (last 1024 ex): 0.4150
2026-07-26 02:01:25,247 - INFO: [exp3_d128] Epoch 10/20 | Global examples: 543584 | Avg Loss (last 1024 ex): 0.4288
2026-07-26 02:01:33,561 - INFO: [exp3_d128] Epoch 10/20 | Global examples: 544608 | Avg Loss (last 1024 ex): 0.4127
2026-07-26 02:01:41,283 - INFO: [exp3_d128] Epoch 10/20 | Global examples: 545632 | Avg Loss (last 1024 ex): 0.4176
2026-07-26 02:01:49,451 - INFO: [exp3_d128] Epoch 10/20 | Global examples: 546656 | Avg Loss (last 1024 ex): 0.4205
2026-07-26 02:01:57,235 - INFO: [exp3_d128] Epoch 10/20 | Global examples: 547680 | Avg Loss (last 1024 ex): 0.4309
2026-07-26 02:02:05,473 - INFO: [exp3_d128] Epoch 10/20 | Global examples: 548704 | Avg Loss (last 1024 ex): 0.4193
2026-07-26 02:02:13,329 - INFO: [exp3_d128] Epoch 10/20 | Global examples: 549728 | Avg Loss (last 1024 ex): 0.4442
2026-07-26 02:02:21,648 - INFO: [exp3_d128] Epoch 10/20 | Global examples: 550752 | Avg Loss (last 1024 ex): 0.4481
2026-07-26 02:02:29,587 - INFO: [exp3_d128] Epoch 10/20 | Global examples: 551776 | Avg Loss (last 1024 ex): 0.4207
2026-07-26 02:02:37,858 - INFO: [exp3_d128] Epoch 10/20 | Global examples: 552800 | Avg Loss (last 1024 ex): 0.4309
2026-07-26 02:02:45,725 - INFO: [exp3_d128] Epoch 10/20 | Global examples: 553824 | Avg Loss (last 1024 ex): 0.4476
2026-07-26 02:02:54,187 - INFO: [exp3_d128] Epoch 10/20 | Global examples: 554848 | Avg Loss (last 1024 ex): 0.4337
2026-07-26 02:03:02,175 - INFO: [exp3_d128] Epoch 10/20 | Global examples: 555872 | Avg Loss (last 1024 ex): 0.4494
2026-07-26 02:03:10,431 - INFO: [exp3_d128] Epoch 10/20 | Global examples: 556896 | Avg Loss (last 1024 ex): 0.4370
2026-07-26 02:03:18,756 - INFO: [exp3_d128] Epoch 10/20 | Global examples: 557920 | Avg Loss (last 1024 ex): 0.4218
2026-07-26 02:03:26,611 - INFO: [exp3_d128] Epoch 10/20 | Global examples: 558944 | Avg Loss (last 1024 ex): 0.4523
2026-07-26 02:03:34,815 - INFO: [exp3_d128] Epoch 10/20 | Global examples: 559968 | Avg Loss (last 1024 ex): 0.4130
2026-07-26 02:03:42,777 - INFO: [exp3_d128] Epoch 10/20 | Global examples: 560992 | Avg Loss (last 1024 ex): 0.4527
2026-07-26 02:03:51,224 - INFO: [exp3_d128] Epoch 10/20 | Global examples: 562016 | Avg Loss (last 1024 ex): 0.4223
2026-07-26 02:03:59,181 - INFO: [exp3_d128] Epoch 10/20 | Global examples: 563040 | Avg Loss (last 1024 ex): 0.4464
2026-07-26 02:04:07,564 - INFO: [exp3_d128] Epoch 10/20 | Global examples: 564064 | Avg Loss (last 1024 ex): 0.4571
2026-07-26 02:04:15,461 - INFO: [exp3_d128] Epoch 10/20 | Global examples: 565088 | Avg Loss (last 1024 ex): 0.4254
2026-07-26 02:04:24,009 - INFO: [exp3_d128] Epoch 10/20 | Global examples: 566112 | Avg Loss (last 1024 ex): 0.4360
2026-07-26 02:04:31,891 - INFO: [exp3_d128] Epoch 10/20 | Global examples: 567136 | Avg Loss (last 1024 ex): 0.4232
2026-07-26 02:04:40,269 - INFO: [exp3_d128] Epoch 10/20 | Global examples: 568160 | Avg Loss (last 1024 ex): 0.4409
2026-07-26 02:04:48,847 - INFO: [exp3_d128] Epoch 10/20 | Global examples: 569184 | Avg Loss (last 1024 ex): 0.4164
2026-07-26 02:04:56,746 - INFO: [exp3_d128] Epoch 10/20 | Global examples: 570208 | Avg Loss (last 1024 ex): 0.4351
2026-07-26 02:05:05,064 - INFO: [exp3_d128] Epoch 10/20 | Global examples: 571232 | Avg Loss (last 1024 ex): 0.4690
2026-07-26 02:05:13,082 - INFO: [exp3_d128] Epoch 10/20 | Global examples: 572256 | Avg Loss (last 1024 ex): 0.4289
2026-07-26 02:05:21,627 - INFO: [exp3_d128] Epoch 10/20 | Global examples: 573280 | Avg Loss (last 1024 ex): 0.4439
2026-07-26 02:05:29,709 - INFO: [exp3_d128] Epoch 10/20 | Global examples: 574304 | Avg Loss (last 1024 ex): 0.4494
2026-07-26 02:05:37,990 - INFO: [exp3_d128] Epoch 10/20 | Global examples: 575328 | Avg Loss (last 1024 ex): 0.4365
2026-07-26 02:05:46,207 - INFO: [exp3_d128] Epoch 10/20 | Global examples: 576352 | Avg Loss (last 1024 ex): 0.4142
2026-07-26 02:05:54,754 - INFO: [exp3_d128] Epoch 10/20 | Global examples: 577376 | Avg Loss (last 1024 ex): 0.4624
2026-07-26 02:06:02,418 - INFO: [exp3_d128] Epoch 10/20 | Global examples: 578400 | Avg Loss (last 1024 ex): 0.4339
2026-07-26 02:06:10,439 - INFO: [exp3_d128] Epoch 10/20 | Global examples: 579424 | Avg Loss (last 1024 ex): 0.4162
2026-07-26 02:06:18,353 - INFO: [exp3_d128] Epoch 10/20 | Global examples: 580448 | Avg Loss (last 1024 ex): 0.4303
2026-07-26 02:06:26,370 - INFO: [exp3_d128] Epoch 10/20 | Global examples: 581472 | Avg Loss (last 1024 ex): 0.4114
2026-07-26 02:06:34,592 - INFO: [exp3_d128] Epoch 10/20 | Global examples: 582496 | Avg Loss (last 1024 ex): 0.4356
2026-07-26 02:06:42,509 - INFO: [exp3_d128] Epoch 10/20 | Global examples: 583520 | Avg Loss (last 1024 ex): 0.3955
2026-07-26 02:06:50,984 - INFO: [exp3_d128] Epoch 10/20 | Global examples: 584544 | Avg Loss (last 1024 ex): 0.3998
2026-07-26 02:06:51,759 - INFO: [exp3_d128] Epoch 10/20 | Global examples: 584640 | Avg Loss (last 96 ex): 0.4434
2026-07-26 02:06:52,900 - INFO: [exp3_d128] Epoch 10 Val | Examples: 1024 | Avg Loss (last 1024 ex): 0.3006
2026-07-26 02:06:53,996 - INFO: [exp3_d128] Epoch 10 Val | Examples: 2048 | Avg Loss (last 1024 ex): 0.2805
2026-07-26 02:06:55,134 - INFO: [exp3_d128] Epoch 10 Val | Examples: 3072 | Avg Loss (last 1024 ex): 0.3003
2026-07-26 02:06:56,230 - INFO: [exp3_d128] Epoch 10 Val | Examples: 4096 | Avg Loss (last 1024 ex): 0.3228
2026-07-26 02:06:57,597 - INFO: [exp3_d128] Epoch 10 Val | Examples: 5120 | Avg Loss (last 1024 ex): 0.3101
2026-07-26 02:06:57,597 - INFO: [exp3_d128] === Epoch 10 done | Train Loss: 0.4265 | Val Loss: 0.3029 | Time: 465.2s ===
2026-07-26 02:06:57,634 - INFO: [exp3_d128] Model saved to C:/PythonProject/English2French/model/exp3_d128_epoch10.pth
2026-07-26 02:07:06,646 - INFO: [exp3_d128] Epoch 11/20 | Global examples: 585664 | Avg Loss (last 1024 ex): 0.3913
2026-07-26 02:07:14,530 - INFO: [exp3_d128] Epoch 11/20 | Global examples: 586688 | Avg Loss (last 1024 ex): 0.3812
2026-07-26 02:07:23,039 - INFO: [exp3_d128] Epoch 11/20 | Global examples: 587712 | Avg Loss (last 1024 ex): 0.3874
2026-07-26 02:07:31,113 - INFO: [exp3_d128] Epoch 11/20 | Global examples: 588736 | Avg Loss (last 1024 ex): 0.3929
2026-07-26 02:07:39,754 - INFO: [exp3_d128] Epoch 11/20 | Global examples: 589760 | Avg Loss (last 1024 ex): 0.3943
2026-07-26 02:07:47,532 - INFO: [exp3_d128] Epoch 11/20 | Global examples: 590784 | Avg Loss (last 1024 ex): 0.3897
2026-07-26 02:07:55,721 - INFO: [exp3_d128] Epoch 11/20 | Global examples: 591808 | Avg Loss (last 1024 ex): 0.4177
2026-07-26 02:08:04,363 - INFO: [exp3_d128] Epoch 11/20 | Global examples: 592832 | Avg Loss (last 1024 ex): 0.3952
2026-07-26 02:08:12,333 - INFO: [exp3_d128] Epoch 11/20 | Global examples: 593856 | Avg Loss (last 1024 ex): 0.4054
2026-07-26 02:08:20,826 - INFO: [exp3_d128] Epoch 11/20 | Global examples: 594880 | Avg Loss (last 1024 ex): 0.3982
2026-07-26 02:08:28,832 - INFO: [exp3_d128] Epoch 11/20 | Global examples: 595904 | Avg Loss (last 1024 ex): 0.3960
2026-07-26 02:08:37,402 - INFO: [exp3_d128] Epoch 11/20 | Global examples: 596928 | Avg Loss (last 1024 ex): 0.4072
2026-07-26 02:08:45,446 - INFO: [exp3_d128] Epoch 11/20 | Global examples: 597952 | Avg Loss (last 1024 ex): 0.3887
2026-07-26 02:08:53,878 - INFO: [exp3_d128] Epoch 11/20 | Global examples: 598976 | Avg Loss (last 1024 ex): 0.4013
2026-07-26 02:09:02,021 - INFO: [exp3_d128] Epoch 11/20 | Global examples: 600000 | Avg Loss (last 1024 ex): 0.4145
2026-07-26 02:09:10,781 - INFO: [exp3_d128] Epoch 11/20 | Global examples: 601024 | Avg Loss (last 1024 ex): 0.4134
2026-07-26 02:09:19,025 - INFO: [exp3_d128] Epoch 11/20 | Global examples: 602048 | Avg Loss (last 1024 ex): 0.3913
2026-07-26 02:09:26,961 - INFO: [exp3_d128] Epoch 11/20 | Global examples: 603072 | Avg Loss (last 1024 ex): 0.4132
2026-07-26 02:09:35,557 - INFO: [exp3_d128] Epoch 11/20 | Global examples: 604096 | Avg Loss (last 1024 ex): 0.4155
2026-07-26 02:09:43,713 - INFO: [exp3_d128] Epoch 11/20 | Global examples: 605120 | Avg Loss (last 1024 ex): 0.4048
2026-07-26 02:09:51,932 - INFO: [exp3_d128] Epoch 11/20 | Global examples: 606144 | Avg Loss (last 1024 ex): 0.3972
2026-07-26 02:10:00,075 - INFO: [exp3_d128] Epoch 11/20 | Global examples: 607168 | Avg Loss (last 1024 ex): 0.4306
2026-07-26 02:10:08,832 - INFO: [exp3_d128] Epoch 11/20 | Global examples: 608192 | Avg Loss (last 1024 ex): 0.4178
2026-07-26 02:10:16,865 - INFO: [exp3_d128] Epoch 11/20 | Global examples: 609216 | Avg Loss (last 1024 ex): 0.4446
2026-07-26 02:10:24,917 - INFO: [exp3_d128] Epoch 11/20 | Global examples: 610240 | Avg Loss (last 1024 ex): 0.4078
2026-07-26 02:10:32,819 - INFO: [exp3_d128] Epoch 11/20 | Global examples: 611264 | Avg Loss (last 1024 ex): 0.4094
2026-07-26 02:10:41,439 - INFO: [exp3_d128] Epoch 11/20 | Global examples: 612288 | Avg Loss (last 1024 ex): 0.4228
2026-07-26 02:10:49,900 - INFO: [exp3_d128] Epoch 11/20 | Global examples: 613312 | Avg Loss (last 1024 ex): 0.4190
2026-07-26 02:10:57,831 - INFO: [exp3_d128] Epoch 11/20 | Global examples: 614336 | Avg Loss (last 1024 ex): 0.4290
2026-07-26 02:11:06,458 - INFO: [exp3_d128] Epoch 11/20 | Global examples: 615360 | Avg Loss (last 1024 ex): 0.4356
2026-07-26 02:11:14,490 - INFO: [exp3_d128] Epoch 11/20 | Global examples: 616384 | Avg Loss (last 1024 ex): 0.4195
2026-07-26 02:11:22,811 - INFO: [exp3_d128] Epoch 11/20 | Global examples: 617408 | Avg Loss (last 1024 ex): 0.4097
2026-07-26 02:11:30,623 - INFO: [exp3_d128] Epoch 11/20 | Global examples: 618432 | Avg Loss (last 1024 ex): 0.4218
2026-07-26 02:11:39,078 - INFO: [exp3_d128] Epoch 11/20 | Global examples: 619456 | Avg Loss (last 1024 ex): 0.4209
2026-07-26 02:11:47,171 - INFO: [exp3_d128] Epoch 11/20 | Global examples: 620480 | Avg Loss (last 1024 ex): 0.4163
2026-07-26 02:11:55,446 - INFO: [exp3_d128] Epoch 11/20 | Global examples: 621504 | Avg Loss (last 1024 ex): 0.4092
2026-07-26 02:12:03,429 - INFO: [exp3_d128] Epoch 11/20 | Global examples: 622528 | Avg Loss (last 1024 ex): 0.4170
2026-07-26 02:12:11,520 - INFO: [exp3_d128] Epoch 11/20 | Global examples: 623552 | Avg Loss (last 1024 ex): 0.4340
2026-07-26 02:12:19,820 - INFO: [exp3_d128] Epoch 11/20 | Global examples: 624576 | Avg Loss (last 1024 ex): 0.4011
2026-07-26 02:12:27,790 - INFO: [exp3_d128] Epoch 11/20 | Global examples: 625600 | Avg Loss (last 1024 ex): 0.4037
2026-07-26 02:12:36,211 - INFO: [exp3_d128] Epoch 11/20 | Global examples: 626624 | Avg Loss (last 1024 ex): 0.4254
2026-07-26 02:12:44,342 - INFO: [exp3_d128] Epoch 11/20 | Global examples: 627648 | Avg Loss (last 1024 ex): 0.4136
2026-07-26 02:12:52,685 - INFO: [exp3_d128] Epoch 11/20 | Global examples: 628672 | Avg Loss (last 1024 ex): 0.3940
2026-07-26 02:13:00,253 - INFO: [exp3_d128] Epoch 11/20 | Global examples: 629696 | Avg Loss (last 1024 ex): 0.4288
2026-07-26 02:13:08,730 - INFO: [exp3_d128] Epoch 11/20 | Global examples: 630720 | Avg Loss (last 1024 ex): 0.4146
2026-07-26 02:13:16,810 - INFO: [exp3_d128] Epoch 11/20 | Global examples: 631744 | Avg Loss (last 1024 ex): 0.4082
2026-07-26 02:13:25,304 - INFO: [exp3_d128] Epoch 11/20 | Global examples: 632768 | Avg Loss (last 1024 ex): 0.4112
2026-07-26 02:13:33,213 - INFO: [exp3_d128] Epoch 11/20 | Global examples: 633792 | Avg Loss (last 1024 ex): 0.4294
2026-07-26 02:13:41,726 - INFO: [exp3_d128] Epoch 11/20 | Global examples: 634816 | Avg Loss (last 1024 ex): 0.4026
2026-07-26 02:13:50,025 - INFO: [exp3_d128] Epoch 11/20 | Global examples: 635840 | Avg Loss (last 1024 ex): 0.4093
2026-07-26 02:13:57,963 - INFO: [exp3_d128] Epoch 11/20 | Global examples: 636864 | Avg Loss (last 1024 ex): 0.4206
2026-07-26 02:14:06,407 - INFO: [exp3_d128] Epoch 11/20 | Global examples: 637888 | Avg Loss (last 1024 ex): 0.4326
2026-07-26 02:14:14,294 - INFO: [exp3_d128] Epoch 11/20 | Global examples: 638912 | Avg Loss (last 1024 ex): 0.4060
2026-07-26 02:14:22,688 - INFO: [exp3_d128] Epoch 11/20 | Global examples: 639936 | Avg Loss (last 1024 ex): 0.4187
2026-07-26 02:14:30,509 - INFO: [exp3_d128] Epoch 11/20 | Global examples: 640960 | Avg Loss (last 1024 ex): 0.4006
2026-07-26 02:14:40,302 - INFO: [exp3_d128] Epoch 11/20 | Global examples: 641984 | Avg Loss (last 1024 ex): 0.4127
2026-07-26 02:14:49,321 - INFO: [exp3_d128] Epoch 11/20 | Global examples: 643008 | Avg Loss (last 1024 ex): 0.3855
2026-07-26 02:14:50,501 - INFO: [exp3_d128] Epoch 11/20 | Global examples: 643104 | Avg Loss (last 96 ex): 0.4042
2026-07-26 02:14:51,767 - INFO: [exp3_d128] Epoch 11 Val | Examples: 1024 | Avg Loss (last 1024 ex): 0.2925
2026-07-26 02:14:52,993 - INFO: [exp3_d128] Epoch 11 Val | Examples: 2048 | Avg Loss (last 1024 ex): 0.2729
2026-07-26 02:14:54,132 - INFO: [exp3_d128] Epoch 11 Val | Examples: 3072 | Avg Loss (last 1024 ex): 0.2778
2026-07-26 02:14:55,227 - INFO: [exp3_d128] Epoch 11 Val | Examples: 4096 | Avg Loss (last 1024 ex): 0.2951
2026-07-26 02:14:56,392 - INFO: [exp3_d128] Epoch 11 Val | Examples: 5120 | Avg Loss (last 1024 ex): 0.3038
2026-07-26 02:14:56,392 - INFO: [exp3_d128] === Epoch 11 done | Train Loss: 0.4102 | Val Loss: 0.2884 | Time: 472.9s ===
2026-07-26 02:14:56,418 - INFO: [exp3_d128] Model saved to C:/PythonProject/English2French/model/exp3_d128_epoch11.pth
2026-07-26 02:15:04,391 - INFO: [exp3_d128] Epoch 12/20 | Global examples: 644128 | Avg Loss (last 1024 ex): 0.3756
2026-07-26 02:15:13,453 - INFO: [exp3_d128] Epoch 12/20 | Global examples: 645152 | Avg Loss (last 1024 ex): 0.3571
2026-07-26 02:15:21,759 - INFO: [exp3_d128] Epoch 12/20 | Global examples: 646176 | Avg Loss (last 1024 ex): 0.3498
2026-07-26 02:15:29,823 - INFO: [exp3_d128] Epoch 12/20 | Global examples: 647200 | Avg Loss (last 1024 ex): 0.3857
2026-07-26 02:15:38,341 - INFO: [exp3_d128] Epoch 12/20 | Global examples: 648224 | Avg Loss (last 1024 ex): 0.3747
2026-07-26 02:15:46,417 - INFO: [exp3_d128] Epoch 12/20 | Global examples: 649248 | Avg Loss (last 1024 ex): 0.3984
2026-07-26 02:15:54,670 - INFO: [exp3_d128] Epoch 12/20 | Global examples: 650272 | Avg Loss (last 1024 ex): 0.3862
2026-07-26 02:16:02,774 - INFO: [exp3_d128] Epoch 12/20 | Global examples: 651296 | Avg Loss (last 1024 ex): 0.3689
2026-07-26 02:16:11,329 - INFO: [exp3_d128] Epoch 12/20 | Global examples: 652320 | Avg Loss (last 1024 ex): 0.3590
2026-07-26 02:16:19,430 - INFO: [exp3_d128] Epoch 12/20 | Global examples: 653344 | Avg Loss (last 1024 ex): 0.4015
2026-07-26 02:16:28,003 - INFO: [exp3_d128] Epoch 12/20 | Global examples: 654368 | Avg Loss (last 1024 ex): 0.3767
2026-07-26 02:16:36,602 - INFO: [exp3_d128] Epoch 12/20 | Global examples: 655392 | Avg Loss (last 1024 ex): 0.4139
2026-07-26 02:16:44,722 - INFO: [exp3_d128] Epoch 12/20 | Global examples: 656416 | Avg Loss (last 1024 ex): 0.3757
2026-07-26 02:16:52,935 - INFO: [exp3_d128] Epoch 12/20 | Global examples: 657440 | Avg Loss (last 1024 ex): 0.4139
2026-07-26 02:17:01,267 - INFO: [exp3_d128] Epoch 12/20 | Global examples: 658464 | Avg Loss (last 1024 ex): 0.3820
2026-07-26 02:17:09,953 - INFO: [exp3_d128] Epoch 12/20 | Global examples: 659488 | Avg Loss (last 1024 ex): 0.4071
2026-07-26 02:17:17,815 - INFO: [exp3_d128] Epoch 12/20 | Global examples: 660512 | Avg Loss (last 1024 ex): 0.3668
2026-07-26 02:17:26,020 - INFO: [exp3_d128] Epoch 12/20 | Global examples: 661536 | Avg Loss (last 1024 ex): 0.4142
2026-07-26 02:17:33,873 - INFO: [exp3_d128] Epoch 12/20 | Global examples: 662560 | Avg Loss (last 1024 ex): 0.3934
2026-07-26 02:17:42,515 - INFO: [exp3_d128] Epoch 12/20 | Global examples: 663584 | Avg Loss (last 1024 ex): 0.3832
2026-07-26 02:17:50,998 - INFO: [exp3_d128] Epoch 12/20 | Global examples: 664608 | Avg Loss (last 1024 ex): 0.3968
2026-07-26 02:17:59,168 - INFO: [exp3_d128] Epoch 12/20 | Global examples: 665632 | Avg Loss (last 1024 ex): 0.4024
2026-07-26 02:18:07,672 - INFO: [exp3_d128] Epoch 12/20 | Global examples: 666656 | Avg Loss (last 1024 ex): 0.4074
2026-07-26 02:18:15,500 - INFO: [exp3_d128] Epoch 12/20 | Global examples: 667680 | Avg Loss (last 1024 ex): 0.3964
2026-07-26 02:18:24,005 - INFO: [exp3_d128] Epoch 12/20 | Global examples: 668704 | Avg Loss (last 1024 ex): 0.4334
2026-07-26 02:18:31,992 - INFO: [exp3_d128] Epoch 12/20 | Global examples: 669728 | Avg Loss (last 1024 ex): 0.4098
2026-07-26 02:18:40,584 - INFO: [exp3_d128] Epoch 12/20 | Global examples: 670752 | Avg Loss (last 1024 ex): 0.3967
2026-07-26 02:18:48,570 - INFO: [exp3_d128] Epoch 12/20 | Global examples: 671776 | Avg Loss (last 1024 ex): 0.4196
2026-07-26 02:18:56,919 - INFO: [exp3_d128] Epoch 12/20 | Global examples: 672800 | Avg Loss (last 1024 ex): 0.4095
2026-07-26 02:19:04,701 - INFO: [exp3_d128] Epoch 12/20 | Global examples: 673824 | Avg Loss (last 1024 ex): 0.3844
2026-07-26 02:19:13,220 - INFO: [exp3_d128] Epoch 12/20 | Global examples: 674848 | Avg Loss (last 1024 ex): 0.4133
2026-07-26 02:19:21,645 - INFO: [exp3_d128] Epoch 12/20 | Global examples: 675872 | Avg Loss (last 1024 ex): 0.4079
2026-07-26 02:19:29,792 - INFO: [exp3_d128] Epoch 12/20 | Global examples: 676896 | Avg Loss (last 1024 ex): 0.4199
2026-07-26 02:19:38,416 - INFO: [exp3_d128] Epoch 12/20 | Global examples: 677920 | Avg Loss (last 1024 ex): 0.3995
2026-07-26 02:19:46,471 - INFO: [exp3_d128] Epoch 12/20 | Global examples: 678944 | Avg Loss (last 1024 ex): 0.3948
2026-07-26 02:19:54,820 - INFO: [exp3_d128] Epoch 12/20 | Global examples: 679968 | Avg Loss (last 1024 ex): 0.4026
2026-07-26 02:20:02,672 - INFO: [exp3_d128] Epoch 12/20 | Global examples: 680992 | Avg Loss (last 1024 ex): 0.4049
2026-07-26 02:20:11,369 - INFO: [exp3_d128] Epoch 12/20 | Global examples: 682016 | Avg Loss (last 1024 ex): 0.4097
2026-07-26 02:20:19,455 - INFO: [exp3_d128] Epoch 12/20 | Global examples: 683040 | Avg Loss (last 1024 ex): 0.3948
2026-07-26 02:20:27,808 - INFO: [exp3_d128] Epoch 12/20 | Global examples: 684064 | Avg Loss (last 1024 ex): 0.3940
2026-07-26 02:20:35,717 - INFO: [exp3_d128] Epoch 12/20 | Global examples: 685088 | Avg Loss (last 1024 ex): 0.3975
2026-07-26 02:20:44,323 - INFO: [exp3_d128] Epoch 12/20 | Global examples: 686112 | Avg Loss (last 1024 ex): 0.4212
2026-07-26 02:20:52,772 - INFO: [exp3_d128] Epoch 12/20 | Global examples: 687136 | Avg Loss (last 1024 ex): 0.3927
2026-07-26 02:21:00,795 - INFO: [exp3_d128] Epoch 12/20 | Global examples: 688160 | Avg Loss (last 1024 ex): 0.4105
2026-07-26 02:21:09,425 - INFO: [exp3_d128] Epoch 12/20 | Global examples: 689184 | Avg Loss (last 1024 ex): 0.4150
2026-07-26 02:21:17,544 - INFO: [exp3_d128] Epoch 12/20 | Global examples: 690208 | Avg Loss (last 1024 ex): 0.4375
2026-07-26 02:21:26,109 - INFO: [exp3_d128] Epoch 12/20 | Global examples: 691232 | Avg Loss (last 1024 ex): 0.3923
2026-07-26 02:21:33,844 - INFO: [exp3_d128] Epoch 12/20 | Global examples: 692256 | Avg Loss (last 1024 ex): 0.3934
2026-07-26 02:21:42,374 - INFO: [exp3_d128] Epoch 12/20 | Global examples: 693280 | Avg Loss (last 1024 ex): 0.4017
2026-07-26 02:21:50,201 - INFO: [exp3_d128] Epoch 12/20 | Global examples: 694304 | Avg Loss (last 1024 ex): 0.4014
2026-07-26 02:21:58,562 - INFO: [exp3_d128] Epoch 12/20 | Global examples: 695328 | Avg Loss (last 1024 ex): 0.4102
2026-07-26 02:22:07,113 - INFO: [exp3_d128] Epoch 12/20 | Global examples: 696352 | Avg Loss (last 1024 ex): 0.3930
2026-07-26 02:22:15,184 - INFO: [exp3_d128] Epoch 12/20 | Global examples: 697376 | Avg Loss (last 1024 ex): 0.3927
2026-07-26 02:22:23,780 - INFO: [exp3_d128] Epoch 12/20 | Global examples: 698400 | Avg Loss (last 1024 ex): 0.4177
2026-07-26 02:22:31,685 - INFO: [exp3_d128] Epoch 12/20 | Global examples: 699424 | Avg Loss (last 1024 ex): 0.3971
2026-07-26 02:22:40,252 - INFO: [exp3_d128] Epoch 12/20 | Global examples: 700448 | Avg Loss (last 1024 ex): 0.3957
2026-07-26 02:22:48,211 - INFO: [exp3_d128] Epoch 12/20 | Global examples: 701472 | Avg Loss (last 1024 ex): 0.3968
2026-07-26 02:22:48,928 - INFO: [exp3_d128] Epoch 12/20 | Global examples: 701568 | Avg Loss (last 96 ex): 0.3868
2026-07-26 02:22:50,084 - INFO: [exp3_d128] Epoch 12 Val | Examples: 1024 | Avg Loss (last 1024 ex): 0.2884
2026-07-26 02:22:51,285 - INFO: [exp3_d128] Epoch 12 Val | Examples: 2048 | Avg Loss (last 1024 ex): 0.2761
2026-07-26 02:22:52,865 - INFO: [exp3_d128] Epoch 12 Val | Examples: 3072 | Avg Loss (last 1024 ex): 0.2758
2026-07-26 02:22:54,023 - INFO: [exp3_d128] Epoch 12 Val | Examples: 4096 | Avg Loss (last 1024 ex): 0.2874
2026-07-26 02:22:55,224 - INFO: [exp3_d128] Epoch 12 Val | Examples: 5120 | Avg Loss (last 1024 ex): 0.2810
2026-07-26 02:22:55,225 - INFO: [exp3_d128] === Epoch 12 done | Train Loss: 0.3973 | Val Loss: 0.2817 | Time: 472.5s ===
2026-07-26 02:22:55,258 - INFO: [exp3_d128] Model saved to C:/PythonProject/English2French/model/exp3_d128_epoch12.pth
2026-07-26 02:23:03,389 - INFO: [exp3_d128] Epoch 13/20 | Global examples: 702592 | Avg Loss (last 1024 ex): 0.3534
2026-07-26 02:23:12,386 - INFO: [exp3_d128] Epoch 13/20 | Global examples: 703616 | Avg Loss (last 1024 ex): 0.3406
2026-07-26 02:23:20,169 - INFO: [exp3_d128] Epoch 13/20 | Global examples: 704640 | Avg Loss (last 1024 ex): 0.3533
2026-07-26 02:23:28,521 - INFO: [exp3_d128] Epoch 13/20 | Global examples: 705664 | Avg Loss (last 1024 ex): 0.3485
2026-07-26 02:23:36,893 - INFO: [exp3_d128] Epoch 13/20 | Global examples: 706688 | Avg Loss (last 1024 ex): 0.3648
2026-07-26 02:23:44,838 - INFO: [exp3_d128] Epoch 13/20 | Global examples: 707712 | Avg Loss (last 1024 ex): 0.3800
2026-07-26 02:23:53,293 - INFO: [exp3_d128] Epoch 13/20 | Global examples: 708736 | Avg Loss (last 1024 ex): 0.3856
2026-07-26 02:24:01,394 - INFO: [exp3_d128] Epoch 13/20 | Global examples: 709760 | Avg Loss (last 1024 ex): 0.3775
2026-07-26 02:24:09,941 - INFO: [exp3_d128] Epoch 13/20 | Global examples: 710784 | Avg Loss (last 1024 ex): 0.3791
2026-07-26 02:24:17,733 - INFO: [exp3_d128] Epoch 13/20 | Global examples: 711808 | Avg Loss (last 1024 ex): 0.3773
2026-07-26 02:24:26,042 - INFO: [exp3_d128] Epoch 13/20 | Global examples: 712832 | Avg Loss (last 1024 ex): 0.3610
2026-07-26 02:24:34,255 - INFO: [exp3_d128] Epoch 13/20 | Global examples: 713856 | Avg Loss (last 1024 ex): 0.3779
2026-07-26 02:24:42,892 - INFO: [exp3_d128] Epoch 13/20 | Global examples: 714880 | Avg Loss (last 1024 ex): 0.3644
2026-07-26 02:24:50,838 - INFO: [exp3_d128] Epoch 13/20 | Global examples: 715904 | Avg Loss (last 1024 ex): 0.3850
2026-07-26 02:24:59,619 - INFO: [exp3_d128] Epoch 13/20 | Global examples: 716928 | Avg Loss (last 1024 ex): 0.3744
2026-07-26 02:25:08,351 - INFO: [exp3_d128] Epoch 13/20 | Global examples: 717952 | Avg Loss (last 1024 ex): 0.3896
2026-07-26 02:25:16,414 - INFO: [exp3_d128] Epoch 13/20 | Global examples: 718976 | Avg Loss (last 1024 ex): 0.3790
2026-07-26 02:25:24,847 - INFO: [exp3_d128] Epoch 13/20 | Global examples: 720000 | Avg Loss (last 1024 ex): 0.3706
2026-07-26 02:25:33,004 - INFO: [exp3_d128] Epoch 13/20 | Global examples: 721024 | Avg Loss (last 1024 ex): 0.4120
2026-07-26 02:25:41,796 - INFO: [exp3_d128] Epoch 13/20 | Global examples: 722048 | Avg Loss (last 1024 ex): 0.3492
2026-07-26 02:25:49,725 - INFO: [exp3_d128] Epoch 13/20 | Global examples: 723072 | Avg Loss (last 1024 ex): 0.3828
2026-07-26 02:25:58,072 - INFO: [exp3_d128] Epoch 13/20 | Global examples: 724096 | Avg Loss (last 1024 ex): 0.3862
2026-07-26 02:26:06,444 - INFO: [exp3_d128] Epoch 13/20 | Global examples: 725120 | Avg Loss (last 1024 ex): 0.3940
2026-07-26 02:26:15,825 - INFO: [exp3_d128] Epoch 13/20 | Global examples: 726144 | Avg Loss (last 1024 ex): 0.3938
2026-07-26 02:26:25,010 - INFO: [exp3_d128] Epoch 13/20 | Global examples: 727168 | Avg Loss (last 1024 ex): 0.3871
2026-07-26 02:26:33,200 - INFO: [exp3_d128] Epoch 13/20 | Global examples: 728192 | Avg Loss (last 1024 ex): 0.3781
2026-07-26 02:26:41,989 - INFO: [exp3_d128] Epoch 13/20 | Global examples: 729216 | Avg Loss (last 1024 ex): 0.3988
2026-07-26 02:26:50,124 - INFO: [exp3_d128] Epoch 13/20 | Global examples: 730240 | Avg Loss (last 1024 ex): 0.3774
2026-07-26 02:26:59,094 - INFO: [exp3_d128] Epoch 13/20 | Global examples: 731264 | Avg Loss (last 1024 ex): 0.3799
2026-07-26 02:27:07,246 - INFO: [exp3_d128] Epoch 13/20 | Global examples: 732288 | Avg Loss (last 1024 ex): 0.4014
2026-07-26 02:27:16,071 - INFO: [exp3_d128] Epoch 13/20 | Global examples: 733312 | Avg Loss (last 1024 ex): 0.3898
2026-07-26 02:27:24,648 - INFO: [exp3_d128] Epoch 13/20 | Global examples: 734336 | Avg Loss (last 1024 ex): 0.3672
2026-07-26 02:27:32,682 - INFO: [exp3_d128] Epoch 13/20 | Global examples: 735360 | Avg Loss (last 1024 ex): 0.3719
2026-07-26 02:27:41,348 - INFO: [exp3_d128] Epoch 13/20 | Global examples: 736384 | Avg Loss (last 1024 ex): 0.4151
2026-07-26 02:27:49,550 - INFO: [exp3_d128] Epoch 13/20 | Global examples: 737408 | Avg Loss (last 1024 ex): 0.4000
2026-07-26 02:27:58,140 - INFO: [exp3_d128] Epoch 13/20 | Global examples: 738432 | Avg Loss (last 1024 ex): 0.3983
2026-07-26 02:28:06,124 - INFO: [exp3_d128] Epoch 13/20 | Global examples: 739456 | Avg Loss (last 1024 ex): 0.3833
2026-07-26 02:28:14,883 - INFO: [exp3_d128] Epoch 13/20 | Global examples: 740480 | Avg Loss (last 1024 ex): 0.3749
2026-07-26 02:28:23,227 - INFO: [exp3_d128] Epoch 13/20 | Global examples: 741504 | Avg Loss (last 1024 ex): 0.4173
2026-07-26 02:28:31,317 - INFO: [exp3_d128] Epoch 13/20 | Global examples: 742528 | Avg Loss (last 1024 ex): 0.4065
2026-07-26 02:28:39,911 - INFO: [exp3_d128] Epoch 13/20 | Global examples: 743552 | Avg Loss (last 1024 ex): 0.3887
2026-07-26 02:28:47,846 - INFO: [exp3_d128] Epoch 13/20 | Global examples: 744576 | Avg Loss (last 1024 ex): 0.3798
2026-07-26 02:28:56,601 - INFO: [exp3_d128] Epoch 13/20 | Global examples: 745600 | Avg Loss (last 1024 ex): 0.3763
2026-07-26 02:29:04,698 - INFO: [exp3_d128] Epoch 13/20 | Global examples: 746624 | Avg Loss (last 1024 ex): 0.3800
2026-07-26 02:29:13,605 - INFO: [exp3_d128] Epoch 13/20 | Global examples: 747648 | Avg Loss (last 1024 ex): 0.3895
2026-07-26 02:29:22,000 - INFO: [exp3_d128] Epoch 13/20 | Global examples: 748672 | Avg Loss (last 1024 ex): 0.3784
2026-07-26 02:29:30,466 - INFO: [exp3_d128] Epoch 13/20 | Global examples: 749696 | Avg Loss (last 1024 ex): 0.3812
2026-07-26 02:29:39,390 - INFO: [exp3_d128] Epoch 13/20 | Global examples: 750720 | Avg Loss (last 1024 ex): 0.3944
2026-07-26 02:29:47,763 - INFO: [exp3_d128] Epoch 13/20 | Global examples: 751744 | Avg Loss (last 1024 ex): 0.4004
2026-07-26 02:29:56,432 - INFO: [exp3_d128] Epoch 13/20 | Global examples: 752768 | Avg Loss (last 1024 ex): 0.4096
2026-07-26 02:30:04,428 - INFO: [exp3_d128] Epoch 13/20 | Global examples: 753792 | Avg Loss (last 1024 ex): 0.3765
2026-07-26 02:30:13,013 - INFO: [exp3_d128] Epoch 13/20 | Global examples: 754816 | Avg Loss (last 1024 ex): 0.3725
2026-07-26 02:30:20,790 - INFO: [exp3_d128] Epoch 13/20 | Global examples: 755840 | Avg Loss (last 1024 ex): 0.3858
2026-07-26 02:30:29,434 - INFO: [exp3_d128] Epoch 13/20 | Global examples: 756864 | Avg Loss (last 1024 ex): 0.3999
2026-07-26 02:30:37,773 - INFO: [exp3_d128] Epoch 13/20 | Global examples: 757888 | Avg Loss (last 1024 ex): 0.3924
2026-07-26 02:30:46,586 - INFO: [exp3_d128] Epoch 13/20 | Global examples: 758912 | Avg Loss (last 1024 ex): 0.3964
2026-07-26 02:30:55,160 - INFO: [exp3_d128] Epoch 13/20 | Global examples: 759936 | Avg Loss (last 1024 ex): 0.3854
2026-07-26 02:30:55,935 - INFO: [exp3_d128] Epoch 13/20 | Global examples: 760032 | Avg Loss (last 96 ex): 0.3987
2026-07-26 02:30:57,156 - INFO: [exp3_d128] Epoch 13 Val | Examples: 1024 | Avg Loss (last 1024 ex): 0.2834
2026-07-26 02:30:58,318 - INFO: [exp3_d128] Epoch 13 Val | Examples: 2048 | Avg Loss (last 1024 ex): 0.2658
2026-07-26 02:30:59,471 - INFO: [exp3_d128] Epoch 13 Val | Examples: 3072 | Avg Loss (last 1024 ex): 0.2661
2026-07-26 02:31:00,653 - INFO: [exp3_d128] Epoch 13 Val | Examples: 4096 | Avg Loss (last 1024 ex): 0.2884
2026-07-26 02:31:01,802 - INFO: [exp3_d128] Epoch 13 Val | Examples: 5120 | Avg Loss (last 1024 ex): 0.2898
2026-07-26 02:31:01,803 - INFO: [exp3_d128] === Epoch 13 done | Train Loss: 0.3827 | Val Loss: 0.2787 | Time: 480.7s ===
2026-07-26 02:31:01,838 - INFO: [exp3_d128] Model saved to C:/PythonProject/English2French/model/exp3_d128_epoch13.pth
2026-07-26 02:31:10,968 - INFO: [exp3_d128] Epoch 14/20 | Global examples: 761056 | Avg Loss (last 1024 ex): 0.3474
2026-07-26 02:31:19,255 - INFO: [exp3_d128] Epoch 14/20 | Global examples: 762080 | Avg Loss (last 1024 ex): 0.3329
2026-07-26 02:31:27,702 - INFO: [exp3_d128] Epoch 14/20 | Global examples: 763104 | Avg Loss (last 1024 ex): 0.3433
2026-07-26 02:31:36,248 - INFO: [exp3_d128] Epoch 14/20 | Global examples: 764128 | Avg Loss (last 1024 ex): 0.3622
2026-07-26 02:31:45,042 - INFO: [exp3_d128] Epoch 14/20 | Global examples: 765152 | Avg Loss (last 1024 ex): 0.3689
2026-07-26 02:31:53,144 - INFO: [exp3_d128] Epoch 14/20 | Global examples: 766176 | Avg Loss (last 1024 ex): 0.3593
2026-07-26 02:32:01,561 - INFO: [exp3_d128] Epoch 14/20 | Global examples: 767200 | Avg Loss (last 1024 ex): 0.3781
2026-07-26 02:32:10,221 - INFO: [exp3_d128] Epoch 14/20 | Global examples: 768224 | Avg Loss (last 1024 ex): 0.3673
2026-07-26 02:32:18,396 - INFO: [exp3_d128] Epoch 14/20 | Global examples: 769248 | Avg Loss (last 1024 ex): 0.3568
2026-07-26 02:32:26,890 - INFO: [exp3_d128] Epoch 14/20 | Global examples: 770272 | Avg Loss (last 1024 ex): 0.3599
2026-07-26 02:32:35,151 - INFO: [exp3_d128] Epoch 14/20 | Global examples: 771296 | Avg Loss (last 1024 ex): 0.3594
2026-07-26 02:32:43,402 - INFO: [exp3_d128] Epoch 14/20 | Global examples: 772320 | Avg Loss (last 1024 ex): 0.3889
2026-07-26 02:32:51,133 - INFO: [exp3_d128] Epoch 14/20 | Global examples: 773344 | Avg Loss (last 1024 ex): 0.3593
2026-07-26 02:32:59,140 - INFO: [exp3_d128] Epoch 14/20 | Global examples: 774368 | Avg Loss (last 1024 ex): 0.3670
2026-07-26 02:33:06,895 - INFO: [exp3_d128] Epoch 14/20 | Global examples: 775392 | Avg Loss (last 1024 ex): 0.3402
2026-07-26 02:33:15,253 - INFO: [exp3_d128] Epoch 14/20 | Global examples: 776416 | Avg Loss (last 1024 ex): 0.3545
2026-07-26 02:33:22,993 - INFO: [exp3_d128] Epoch 14/20 | Global examples: 777440 | Avg Loss (last 1024 ex): 0.3742
2026-07-26 02:33:31,106 - INFO: [exp3_d128] Epoch 14/20 | Global examples: 778464 | Avg Loss (last 1024 ex): 0.3509
2026-07-26 02:33:39,068 - INFO: [exp3_d128] Epoch 14/20 | Global examples: 779488 | Avg Loss (last 1024 ex): 0.3817
2026-07-26 02:33:46,995 - INFO: [exp3_d128] Epoch 14/20 | Global examples: 780512 | Avg Loss (last 1024 ex): 0.3765
2026-07-26 02:33:54,975 - INFO: [exp3_d128] Epoch 14/20 | Global examples: 781536 | Avg Loss (last 1024 ex): 0.3959
2026-07-26 02:34:02,679 - INFO: [exp3_d128] Epoch 14/20 | Global examples: 782560 | Avg Loss (last 1024 ex): 0.3698
2026-07-26 02:34:11,000 - INFO: [exp3_d128] Epoch 14/20 | Global examples: 783584 | Avg Loss (last 1024 ex): 0.3808
2026-07-26 02:34:18,643 - INFO: [exp3_d128] Epoch 14/20 | Global examples: 784608 | Avg Loss (last 1024 ex): 0.3778
2026-07-26 02:34:26,565 - INFO: [exp3_d128] Epoch 14/20 | Global examples: 785632 | Avg Loss (last 1024 ex): 0.3666
2026-07-26 02:34:33,994 - INFO: [exp3_d128] Epoch 14/20 | Global examples: 786656 | Avg Loss (last 1024 ex): 0.3704
2026-07-26 02:34:42,122 - INFO: [exp3_d128] Epoch 14/20 | Global examples: 787680 | Avg Loss (last 1024 ex): 0.3977
2026-07-26 02:34:49,678 - INFO: [exp3_d128] Epoch 14/20 | Global examples: 788704 | Avg Loss (last 1024 ex): 0.3682
2026-07-26 02:34:57,955 - INFO: [exp3_d128] Epoch 14/20 | Global examples: 789728 | Avg Loss (last 1024 ex): 0.3887
2026-07-26 02:35:05,668 - INFO: [exp3_d128] Epoch 14/20 | Global examples: 790752 | Avg Loss (last 1024 ex): 0.3937
2026-07-26 02:35:13,824 - INFO: [exp3_d128] Epoch 14/20 | Global examples: 791776 | Avg Loss (last 1024 ex): 0.3761
2026-07-26 02:35:21,599 - INFO: [exp3_d128] Epoch 14/20 | Global examples: 792800 | Avg Loss (last 1024 ex): 0.3799
2026-07-26 02:35:29,371 - INFO: [exp3_d128] Epoch 14/20 | Global examples: 793824 | Avg Loss (last 1024 ex): 0.3597
2026-07-26 02:35:37,123 - INFO: [exp3_d128] Epoch 14/20 | Global examples: 794848 | Avg Loss (last 1024 ex): 0.3791
2026-07-26 02:35:45,327 - INFO: [exp3_d128] Epoch 14/20 | Global examples: 795872 | Avg Loss (last 1024 ex): 0.3581
2026-07-26 02:35:53,246 - INFO: [exp3_d128] Epoch 14/20 | Global examples: 796896 | Avg Loss (last 1024 ex): 0.4087
2026-07-26 02:36:01,395 - INFO: [exp3_d128] Epoch 14/20 | Global examples: 797920 | Avg Loss (last 1024 ex): 0.3888
2026-07-26 02:36:09,056 - INFO: [exp3_d128] Epoch 14/20 | Global examples: 798944 | Avg Loss (last 1024 ex): 0.3766
2026-07-26 02:36:17,111 - INFO: [exp3_d128] Epoch 14/20 | Global examples: 799968 | Avg Loss (last 1024 ex): 0.3780
2026-07-26 02:36:24,950 - INFO: [exp3_d128] Epoch 14/20 | Global examples: 800992 | Avg Loss (last 1024 ex): 0.3604
2026-07-26 02:36:32,794 - INFO: [exp3_d128] Epoch 14/20 | Global examples: 802016 | Avg Loss (last 1024 ex): 0.3768
2026-07-26 02:36:41,172 - INFO: [exp3_d128] Epoch 14/20 | Global examples: 803040 | Avg Loss (last 1024 ex): 0.3967
2026-07-26 02:36:49,182 - INFO: [exp3_d128] Epoch 14/20 | Global examples: 804064 | Avg Loss (last 1024 ex): 0.3843
2026-07-26 02:36:57,171 - INFO: [exp3_d128] Epoch 14/20 | Global examples: 805088 | Avg Loss (last 1024 ex): 0.3868
2026-07-26 02:37:04,815 - INFO: [exp3_d128] Epoch 14/20 | Global examples: 806112 | Avg Loss (last 1024 ex): 0.3642
2026-07-26 02:37:12,940 - INFO: [exp3_d128] Epoch 14/20 | Global examples: 807136 | Avg Loss (last 1024 ex): 0.3844
2026-07-26 02:37:20,689 - INFO: [exp3_d128] Epoch 14/20 | Global examples: 808160 | Avg Loss (last 1024 ex): 0.3878
2026-07-26 02:37:28,712 - INFO: [exp3_d128] Epoch 14/20 | Global examples: 809184 | Avg Loss (last 1024 ex): 0.3715
2026-07-26 02:37:36,416 - INFO: [exp3_d128] Epoch 14/20 | Global examples: 810208 | Avg Loss (last 1024 ex): 0.3771
2026-07-26 02:37:44,455 - INFO: [exp3_d128] Epoch 14/20 | Global examples: 811232 | Avg Loss (last 1024 ex): 0.3816
2026-07-26 02:37:52,108 - INFO: [exp3_d128] Epoch 14/20 | Global examples: 812256 | Avg Loss (last 1024 ex): 0.4039
2026-07-26 02:38:00,039 - INFO: [exp3_d128] Epoch 14/20 | Global examples: 813280 | Avg Loss (last 1024 ex): 0.3919
2026-07-26 02:38:07,726 - INFO: [exp3_d128] Epoch 14/20 | Global examples: 814304 | Avg Loss (last 1024 ex): 0.3928
2026-07-26 02:38:15,899 - INFO: [exp3_d128] Epoch 14/20 | Global examples: 815328 | Avg Loss (last 1024 ex): 0.3594
2026-07-26 02:38:23,537 - INFO: [exp3_d128] Epoch 14/20 | Global examples: 816352 | Avg Loss (last 1024 ex): 0.3776
2026-07-26 02:38:31,617 - INFO: [exp3_d128] Epoch 14/20 | Global examples: 817376 | Avg Loss (last 1024 ex): 0.3666
2026-07-26 02:38:39,423 - INFO: [exp3_d128] Epoch 14/20 | Global examples: 818400 | Avg Loss (last 1024 ex): 0.4057
2026-07-26 02:38:40,644 - INFO: [exp3_d128] Epoch 14/20 | Global examples: 818496 | Avg Loss (last 96 ex): 0.3009
2026-07-26 02:38:41,736 - INFO: [exp3_d128] Epoch 14 Val | Examples: 1024 | Avg Loss (last 1024 ex): 0.2727
2026-07-26 02:38:42,822 - INFO: [exp3_d128] Epoch 14 Val | Examples: 2048 | Avg Loss (last 1024 ex): 0.2410
2026-07-26 02:38:43,891 - INFO: [exp3_d128] Epoch 14 Val | Examples: 3072 | Avg Loss (last 1024 ex): 0.2496
2026-07-26 02:38:45,000 - INFO: [exp3_d128] Epoch 14 Val | Examples: 4096 | Avg Loss (last 1024 ex): 0.2597
2026-07-26 02:38:46,064 - INFO: [exp3_d128] Epoch 14 Val | Examples: 5120 | Avg Loss (last 1024 ex): 0.2841
2026-07-26 02:38:46,065 - INFO: [exp3_d128] === Epoch 14 done | Train Loss: 0.3738 | Val Loss: 0.2614 | Time: 458.8s ===
2026-07-26 02:38:46,098 - INFO: [exp3_d128] Model saved to C:/PythonProject/English2French/model/exp3_d128_epoch14.pth
2026-07-26 02:38:53,956 - INFO: [exp3_d128] Epoch 15/20 | Global examples: 819520 | Avg Loss (last 1024 ex): 0.3472
2026-07-26 02:39:02,481 - INFO: [exp3_d128] Epoch 15/20 | Global examples: 820544 | Avg Loss (last 1024 ex): 0.3299
2026-07-26 02:39:10,544 - INFO: [exp3_d128] Epoch 15/20 | Global examples: 821568 | Avg Loss (last 1024 ex): 0.3312
2026-07-26 02:39:18,257 - INFO: [exp3_d128] Epoch 15/20 | Global examples: 822592 | Avg Loss (last 1024 ex): 0.3450
2026-07-26 02:39:26,506 - INFO: [exp3_d128] Epoch 15/20 | Global examples: 823616 | Avg Loss (last 1024 ex): 0.3541
2026-07-26 02:39:34,215 - INFO: [exp3_d128] Epoch 15/20 | Global examples: 824640 | Avg Loss (last 1024 ex): 0.3431
2026-07-26 02:39:42,178 - INFO: [exp3_d128] Epoch 15/20 | Global examples: 825664 | Avg Loss (last 1024 ex): 0.3617
2026-07-26 02:39:49,689 - INFO: [exp3_d128] Epoch 15/20 | Global examples: 826688 | Avg Loss (last 1024 ex): 0.3564
2026-07-26 02:39:57,675 - INFO: [exp3_d128] Epoch 15/20 | Global examples: 827712 | Avg Loss (last 1024 ex): 0.3529
2026-07-26 02:40:05,562 - INFO: [exp3_d128] Epoch 15/20 | Global examples: 828736 | Avg Loss (last 1024 ex): 0.3601
2026-07-26 02:40:13,627 - INFO: [exp3_d128] Epoch 15/20 | Global examples: 829760 | Avg Loss (last 1024 ex): 0.3740
2026-07-26 02:40:21,340 - INFO: [exp3_d128] Epoch 15/20 | Global examples: 830784 | Avg Loss (last 1024 ex): 0.3832
2026-07-26 02:40:29,501 - INFO: [exp3_d128] Epoch 15/20 | Global examples: 831808 | Avg Loss (last 1024 ex): 0.3517
2026-07-26 02:40:37,106 - INFO: [exp3_d128] Epoch 15/20 | Global examples: 832832 | Avg Loss (last 1024 ex): 0.3692
2026-07-26 02:40:45,179 - INFO: [exp3_d128] Epoch 15/20 | Global examples: 833856 | Avg Loss (last 1024 ex): 0.3655
2026-07-26 02:40:52,963 - INFO: [exp3_d128] Epoch 15/20 | Global examples: 834880 | Avg Loss (last 1024 ex): 0.3639
2026-07-26 02:41:01,159 - INFO: [exp3_d128] Epoch 15/20 | Global examples: 835904 | Avg Loss (last 1024 ex): 0.3559
2026-07-26 02:41:08,904 - INFO: [exp3_d128] Epoch 15/20 | Global examples: 836928 | Avg Loss (last 1024 ex): 0.3710
2026-07-26 02:41:17,136 - INFO: [exp3_d128] Epoch 15/20 | Global examples: 837952 | Avg Loss (last 1024 ex): 0.3606
2026-07-26 02:41:24,800 - INFO: [exp3_d128] Epoch 15/20 | Global examples: 838976 | Avg Loss (last 1024 ex): 0.3547
2026-07-26 02:41:33,008 - INFO: [exp3_d128] Epoch 15/20 | Global examples: 840000 | Avg Loss (last 1024 ex): 0.3598
2026-07-26 02:41:40,934 - INFO: [exp3_d128] Epoch 15/20 | Global examples: 841024 | Avg Loss (last 1024 ex): 0.3719
2026-07-26 02:41:48,806 - INFO: [exp3_d128] Epoch 15/20 | Global examples: 842048 | Avg Loss (last 1024 ex): 0.3868
2026-07-26 02:41:56,979 - INFO: [exp3_d128] Epoch 15/20 | Global examples: 843072 | Avg Loss (last 1024 ex): 0.3864
2026-07-26 02:42:04,673 - INFO: [exp3_d128] Epoch 15/20 | Global examples: 844096 | Avg Loss (last 1024 ex): 0.3782
2026-07-26 02:42:12,830 - INFO: [exp3_d128] Epoch 15/20 | Global examples: 845120 | Avg Loss (last 1024 ex): 0.3794
2026-07-26 02:42:20,534 - INFO: [exp3_d128] Epoch 15/20 | Global examples: 846144 | Avg Loss (last 1024 ex): 0.3741
2026-07-26 02:42:28,857 - INFO: [exp3_d128] Epoch 15/20 | Global examples: 847168 | Avg Loss (last 1024 ex): 0.3467
2026-07-26 02:42:36,535 - INFO: [exp3_d128] Epoch 15/20 | Global examples: 848192 | Avg Loss (last 1024 ex): 0.3776
2026-07-26 02:42:44,748 - INFO: [exp3_d128] Epoch 15/20 | Global examples: 849216 | Avg Loss (last 1024 ex): 0.3696
2026-07-26 02:42:52,724 - INFO: [exp3_d128] Epoch 15/20 | Global examples: 850240 | Avg Loss (last 1024 ex): 0.3659
2026-07-26 02:43:00,836 - INFO: [exp3_d128] Epoch 15/20 | Global examples: 851264 | Avg Loss (last 1024 ex): 0.3631
2026-07-26 02:43:08,501 - INFO: [exp3_d128] Epoch 15/20 | Global examples: 852288 | Avg Loss (last 1024 ex): 0.3859
2026-07-26 02:43:16,678 - INFO: [exp3_d128] Epoch 15/20 | Global examples: 853312 | Avg Loss (last 1024 ex): 0.3838
2026-07-26 02:43:24,263 - INFO: [exp3_d128] Epoch 15/20 | Global examples: 854336 | Avg Loss (last 1024 ex): 0.3720
2026-07-26 02:43:32,511 - INFO: [exp3_d128] Epoch 15/20 | Global examples: 855360 | Avg Loss (last 1024 ex): 0.3845
2026-07-26 02:43:40,090 - INFO: [exp3_d128] Epoch 15/20 | Global examples: 856384 | Avg Loss (last 1024 ex): 0.3687
2026-07-26 02:43:48,297 - INFO: [exp3_d128] Epoch 15/20 | Global examples: 857408 | Avg Loss (last 1024 ex): 0.3797
2026-07-26 02:43:56,178 - INFO: [exp3_d128] Epoch 15/20 | Global examples: 858432 | Avg Loss (last 1024 ex): 0.3596
2026-07-26 02:44:04,082 - INFO: [exp3_d128] Epoch 15/20 | Global examples: 859456 | Avg Loss (last 1024 ex): 0.3842
2026-07-26 02:44:12,290 - INFO: [exp3_d128] Epoch 15/20 | Global examples: 860480 | Avg Loss (last 1024 ex): 0.3716
2026-07-26 02:44:19,880 - INFO: [exp3_d128] Epoch 15/20 | Global examples: 861504 | Avg Loss (last 1024 ex): 0.3948
2026-07-26 02:44:28,200 - INFO: [exp3_d128] Epoch 15/20 | Global examples: 862528 | Avg Loss (last 1024 ex): 0.3880
2026-07-26 02:44:36,328 - INFO: [exp3_d128] Epoch 15/20 | Global examples: 863552 | Avg Loss (last 1024 ex): 0.3888
2026-07-26 02:44:44,386 - INFO: [exp3_d128] Epoch 15/20 | Global examples: 864576 | Avg Loss (last 1024 ex): 0.3986
2026-07-26 02:44:52,194 - INFO: [exp3_d128] Epoch 15/20 | Global examples: 865600 | Avg Loss (last 1024 ex): 0.3868
2026-07-26 02:45:00,247 - INFO: [exp3_d128] Epoch 15/20 | Global examples: 866624 | Avg Loss (last 1024 ex): 0.3845
2026-07-26 02:45:08,034 - INFO: [exp3_d128] Epoch 15/20 | Global examples: 867648 | Avg Loss (last 1024 ex): 0.3772
2026-07-26 02:45:16,062 - INFO: [exp3_d128] Epoch 15/20 | Global examples: 868672 | Avg Loss (last 1024 ex): 0.3645
2026-07-26 02:45:23,776 - INFO: [exp3_d128] Epoch 15/20 | Global examples: 869696 | Avg Loss (last 1024 ex): 0.3739
2026-07-26 02:45:31,993 - INFO: [exp3_d128] Epoch 15/20 | Global examples: 870720 | Avg Loss (last 1024 ex): 0.3676
2026-07-26 02:45:39,562 - INFO: [exp3_d128] Epoch 15/20 | Global examples: 871744 | Avg Loss (last 1024 ex): 0.3701
2026-07-26 02:45:47,561 - INFO: [exp3_d128] Epoch 15/20 | Global examples: 872768 | Avg Loss (last 1024 ex): 0.3809
2026-07-26 02:45:55,033 - INFO: [exp3_d128] Epoch 15/20 | Global examples: 873792 | Avg Loss (last 1024 ex): 0.3592
2026-07-26 02:46:03,047 - INFO: [exp3_d128] Epoch 15/20 | Global examples: 874816 | Avg Loss (last 1024 ex): 0.3788
2026-07-26 02:46:10,844 - INFO: [exp3_d128] Epoch 15/20 | Global examples: 875840 | Avg Loss (last 1024 ex): 0.3559
2026-07-26 02:46:18,926 - INFO: [exp3_d128] Epoch 15/20 | Global examples: 876864 | Avg Loss (last 1024 ex): 0.3732
2026-07-26 02:46:19,664 - INFO: [exp3_d128] Epoch 15/20 | Global examples: 876960 | Avg Loss (last 96 ex): 0.3206
2026-07-26 02:46:20,794 - INFO: [exp3_d128] Epoch 15 Val | Examples: 1024 | Avg Loss (last 1024 ex): 0.2700
2026-07-26 02:46:21,926 - INFO: [exp3_d128] Epoch 15 Val | Examples: 2048 | Avg Loss (last 1024 ex): 0.2486
2026-07-26 02:46:23,046 - INFO: [exp3_d128] Epoch 15 Val | Examples: 3072 | Avg Loss (last 1024 ex): 0.2480
2026-07-26 02:46:24,164 - INFO: [exp3_d128] Epoch 15 Val | Examples: 4096 | Avg Loss (last 1024 ex): 0.2673
2026-07-26 02:46:25,283 - INFO: [exp3_d128] Epoch 15 Val | Examples: 5120 | Avg Loss (last 1024 ex): 0.2773
2026-07-26 02:46:25,284 - INFO: [exp3_d128] === Epoch 15 done | Train Loss: 0.3688 | Val Loss: 0.2622 | Time: 453.6s ===
2026-07-26 02:46:25,313 - INFO: [exp3_d128] Model saved to C:/PythonProject/English2French/model/exp3_d128_epoch15.pth
2026-07-26 02:46:33,996 - INFO: [exp3_d128] Epoch 16/20 | Global examples: 877984 | Avg Loss (last 1024 ex): 0.3120
2026-07-26 02:46:41,760 - INFO: [exp3_d128] Epoch 16/20 | Global examples: 879008 | Avg Loss (last 1024 ex): 0.3341
2026-07-26 02:46:49,598 - INFO: [exp3_d128] Epoch 16/20 | Global examples: 880032 | Avg Loss (last 1024 ex): 0.3370
2026-07-26 02:46:57,830 - INFO: [exp3_d128] Epoch 16/20 | Global examples: 881056 | Avg Loss (last 1024 ex): 0.3375
2026-07-26 02:47:05,839 - INFO: [exp3_d128] Epoch 16/20 | Global examples: 882080 | Avg Loss (last 1024 ex): 0.3272
2026-07-26 02:47:14,049 - INFO: [exp3_d128] Epoch 16/20 | Global examples: 883104 | Avg Loss (last 1024 ex): 0.3693
2026-07-26 02:47:21,761 - INFO: [exp3_d128] Epoch 16/20 | Global examples: 884128 | Avg Loss (last 1024 ex): 0.3453
2026-07-26 02:47:29,781 - INFO: [exp3_d128] Epoch 16/20 | Global examples: 885152 | Avg Loss (last 1024 ex): 0.3581
2026-07-26 02:47:37,487 - INFO: [exp3_d128] Epoch 16/20 | Global examples: 886176 | Avg Loss (last 1024 ex): 0.3258
2026-07-26 02:47:45,674 - INFO: [exp3_d128] Epoch 16/20 | Global examples: 887200 | Avg Loss (last 1024 ex): 0.3529
2026-07-26 02:47:53,253 - INFO: [exp3_d128] Epoch 16/20 | Global examples: 888224 | Avg Loss (last 1024 ex): 0.3363
2026-07-26 02:48:01,588 - INFO: [exp3_d128] Epoch 16/20 | Global examples: 889248 | Avg Loss (last 1024 ex): 0.3524
2026-07-26 02:48:09,407 - INFO: [exp3_d128] Epoch 16/20 | Global examples: 890272 | Avg Loss (last 1024 ex): 0.3507
2026-07-26 02:48:17,189 - INFO: [exp3_d128] Epoch 16/20 | Global examples: 891296 | Avg Loss (last 1024 ex): 0.3468
2026-07-26 02:48:24,666 - INFO: [exp3_d128] Epoch 16/20 | Global examples: 892320 | Avg Loss (last 1024 ex): 0.3602
2026-07-26 02:48:32,801 - INFO: [exp3_d128] Epoch 16/20 | Global examples: 893344 | Avg Loss (last 1024 ex): 0.3641
2026-07-26 02:48:40,416 - INFO: [exp3_d128] Epoch 16/20 | Global examples: 894368 | Avg Loss (last 1024 ex): 0.3544
2026-07-26 02:48:48,522 - INFO: [exp3_d128] Epoch 16/20 | Global examples: 895392 | Avg Loss (last 1024 ex): 0.3867
2026-07-26 02:48:55,946 - INFO: [exp3_d128] Epoch 16/20 | Global examples: 896416 | Avg Loss (last 1024 ex): 0.3806
2026-07-26 02:49:04,149 - INFO: [exp3_d128] Epoch 16/20 | Global examples: 897440 | Avg Loss (last 1024 ex): 0.3460
2026-07-26 02:49:11,908 - INFO: [exp3_d128] Epoch 16/20 | Global examples: 898464 | Avg Loss (last 1024 ex): 0.3604
2026-07-26 02:49:19,942 - INFO: [exp3_d128] Epoch 16/20 | Global examples: 899488 | Avg Loss (last 1024 ex): 0.3381
2026-07-26 02:49:28,241 - INFO: [exp3_d128] Epoch 16/20 | Global examples: 900512 | Avg Loss (last 1024 ex): 0.3547
2026-07-26 02:49:35,928 - INFO: [exp3_d128] Epoch 16/20 | Global examples: 901536 | Avg Loss (last 1024 ex): 0.3403
2026-07-26 02:49:43,980 - INFO: [exp3_d128] Epoch 16/20 | Global examples: 902560 | Avg Loss (last 1024 ex): 0.3499
2026-07-26 02:49:51,595 - INFO: [exp3_d128] Epoch 16/20 | Global examples: 903584 | Avg Loss (last 1024 ex): 0.3397
2026-07-26 02:49:59,814 - INFO: [exp3_d128] Epoch 16/20 | Global examples: 904608 | Avg Loss (last 1024 ex): 0.3621
2026-07-26 02:50:07,436 - INFO: [exp3_d128] Epoch 16/20 | Global examples: 905632 | Avg Loss (last 1024 ex): 0.3483
2026-07-26 02:50:15,339 - INFO: [exp3_d128] Epoch 16/20 | Global examples: 906656 | Avg Loss (last 1024 ex): 0.3455
2026-07-26 02:50:22,992 - INFO: [exp3_d128] Epoch 16/20 | Global examples: 907680 | Avg Loss (last 1024 ex): 0.3734
2026-07-26 02:50:31,249 - INFO: [exp3_d128] Epoch 16/20 | Global examples: 908704 | Avg Loss (last 1024 ex): 0.3531
2026-07-26 02:50:39,049 - INFO: [exp3_d128] Epoch 16/20 | Global examples: 909728 | Avg Loss (last 1024 ex): 0.3660
2026-07-26 02:50:47,092 - INFO: [exp3_d128] Epoch 16/20 | Global examples: 910752 | Avg Loss (last 1024 ex): 0.3627
2026-07-26 02:50:54,701 - INFO: [exp3_d128] Epoch 16/20 | Global examples: 911776 | Avg Loss (last 1024 ex): 0.3677
2026-07-26 02:51:03,033 - INFO: [exp3_d128] Epoch 16/20 | Global examples: 912800 | Avg Loss (last 1024 ex): 0.3528
2026-07-26 02:51:10,753 - INFO: [exp3_d128] Epoch 16/20 | Global examples: 913824 | Avg Loss (last 1024 ex): 0.3546
2026-07-26 02:51:18,757 - INFO: [exp3_d128] Epoch 16/20 | Global examples: 914848 | Avg Loss (last 1024 ex): 0.3582
2026-07-26 02:51:26,542 - INFO: [exp3_d128] Epoch 16/20 | Global examples: 915872 | Avg Loss (last 1024 ex): 0.3613
2026-07-26 02:51:34,778 - INFO: [exp3_d128] Epoch 16/20 | Global examples: 916896 | Avg Loss (last 1024 ex): 0.3880
2026-07-26 02:51:42,875 - INFO: [exp3_d128] Epoch 16/20 | Global examples: 917920 | Avg Loss (last 1024 ex): 0.3961
2026-07-26 02:51:50,498 - INFO: [exp3_d128] Epoch 16/20 | Global examples: 918944 | Avg Loss (last 1024 ex): 0.3700
2026-07-26 02:51:58,544 - INFO: [exp3_d128] Epoch 16/20 | Global examples: 919968 | Avg Loss (last 1024 ex): 0.3863
2026-07-26 02:52:06,332 - INFO: [exp3_d128] Epoch 16/20 | Global examples: 920992 | Avg Loss (last 1024 ex): 0.3590
2026-07-26 02:52:14,530 - INFO: [exp3_d128] Epoch 16/20 | Global examples: 922016 | Avg Loss (last 1024 ex): 0.3589
2026-07-26 02:52:22,210 - INFO: [exp3_d128] Epoch 16/20 | Global examples: 923040 | Avg Loss (last 1024 ex): 0.3875
2026-07-26 02:52:30,255 - INFO: [exp3_d128] Epoch 16/20 | Global examples: 924064 | Avg Loss (last 1024 ex): 0.3782
2026-07-26 02:52:37,583 - INFO: [exp3_d128] Epoch 16/20 | Global examples: 925088 | Avg Loss (last 1024 ex): 0.3660
2026-07-26 02:52:45,504 - INFO: [exp3_d128] Epoch 16/20 | Global examples: 926112 | Avg Loss (last 1024 ex): 0.3733
2026-07-26 02:52:53,188 - INFO: [exp3_d128] Epoch 16/20 | Global examples: 927136 | Avg Loss (last 1024 ex): 0.3669
2026-07-26 02:53:01,567 - INFO: [exp3_d128] Epoch 16/20 | Global examples: 928160 | Avg Loss (last 1024 ex): 0.3725
2026-07-26 02:53:09,260 - INFO: [exp3_d128] Epoch 16/20 | Global examples: 929184 | Avg Loss (last 1024 ex): 0.3659
2026-07-26 02:53:17,135 - INFO: [exp3_d128] Epoch 16/20 | Global examples: 930208 | Avg Loss (last 1024 ex): 0.3587
2026-07-26 02:53:24,797 - INFO: [exp3_d128] Epoch 16/20 | Global examples: 931232 | Avg Loss (last 1024 ex): 0.3505
2026-07-26 02:53:32,837 - INFO: [exp3_d128] Epoch 16/20 | Global examples: 932256 | Avg Loss (last 1024 ex): 0.3846
2026-07-26 02:53:40,496 - INFO: [exp3_d128] Epoch 16/20 | Global examples: 933280 | Avg Loss (last 1024 ex): 0.3635
2026-07-26 02:53:48,662 - INFO: [exp3_d128] Epoch 16/20 | Global examples: 934304 | Avg Loss (last 1024 ex): 0.3577
2026-07-26 02:53:56,301 - INFO: [exp3_d128] Epoch 16/20 | Global examples: 935328 | Avg Loss (last 1024 ex): 0.3675
2026-07-26 02:53:57,048 - INFO: [exp3_d128] Epoch 16/20 | Global examples: 935424 | Avg Loss (last 96 ex): 0.4111
2026-07-26 02:53:58,833 - INFO: [exp3_d128] Epoch 16 Val | Examples: 1024 | Avg Loss (last 1024 ex): 0.2764
2026-07-26 02:54:00,008 - INFO: [exp3_d128] Epoch 16 Val | Examples: 2048 | Avg Loss (last 1024 ex): 0.2442
2026-07-26 02:54:01,172 - INFO: [exp3_d128] Epoch 16 Val | Examples: 3072 | Avg Loss (last 1024 ex): 0.2523
2026-07-26 02:54:02,318 - INFO: [exp3_d128] Epoch 16 Val | Examples: 4096 | Avg Loss (last 1024 ex): 0.2486
2026-07-26 02:54:03,467 - INFO: [exp3_d128] Epoch 16 Val | Examples: 5120 | Avg Loss (last 1024 ex): 0.2630
2026-07-26 02:54:03,467 - INFO: [exp3_d128] === Epoch 16 done | Train Loss: 0.3583 | Val Loss: 0.2569 | Time: 451.7s ===
2026-07-26 02:54:03,501 - INFO: [exp3_d128] Model saved to C:/PythonProject/English2French/model/exp3_d128_epoch16.pth
2026-07-26 02:54:11,171 - INFO: [exp3_d128] Epoch 17/20 | Global examples: 936448 | Avg Loss (last 1024 ex): 0.3204
2026-07-26 02:54:19,756 - INFO: [exp3_d128] Epoch 17/20 | Global examples: 937472 | Avg Loss (last 1024 ex): 0.3480
2026-07-26 02:54:27,471 - INFO: [exp3_d128] Epoch 17/20 | Global examples: 938496 | Avg Loss (last 1024 ex): 0.3354
2026-07-26 02:54:35,506 - INFO: [exp3_d128] Epoch 17/20 | Global examples: 939520 | Avg Loss (last 1024 ex): 0.3213
2026-07-26 02:54:43,876 - INFO: [exp3_d128] Epoch 17/20 | Global examples: 940544 | Avg Loss (last 1024 ex): 0.3445
2026-07-26 02:54:51,613 - INFO: [exp3_d128] Epoch 17/20 | Global examples: 941568 | Avg Loss (last 1024 ex): 0.3458
2026-07-26 02:54:59,738 - INFO: [exp3_d128] Epoch 17/20 | Global examples: 942592 | Avg Loss (last 1024 ex): 0.3292
2026-07-26 02:55:07,489 - INFO: [exp3_d128] Epoch 17/20 | Global examples: 943616 | Avg Loss (last 1024 ex): 0.3505
2026-07-26 02:55:15,820 - INFO: [exp3_d128] Epoch 17/20 | Global examples: 944640 | Avg Loss (last 1024 ex): 0.3372
2026-07-26 02:55:23,575 - INFO: [exp3_d128] Epoch 17/20 | Global examples: 945664 | Avg Loss (last 1024 ex): 0.3525
2026-07-26 02:55:31,367 - INFO: [exp3_d128] Epoch 17/20 | Global examples: 946688 | Avg Loss (last 1024 ex): 0.3289
2026-07-26 02:55:39,219 - INFO: [exp3_d128] Epoch 17/20 | Global examples: 947712 | Avg Loss (last 1024 ex): 0.3405
2026-07-26 02:55:47,657 - INFO: [exp3_d128] Epoch 17/20 | Global examples: 948736 | Avg Loss (last 1024 ex): 0.3351
2026-07-26 02:55:55,524 - INFO: [exp3_d128] Epoch 17/20 | Global examples: 949760 | Avg Loss (last 1024 ex): 0.3502
2026-07-26 02:56:03,569 - INFO: [exp3_d128] Epoch 17/20 | Global examples: 950784 | Avg Loss (last 1024 ex): 0.3499
2026-07-26 02:56:11,402 - INFO: [exp3_d128] Epoch 17/20 | Global examples: 951808 | Avg Loss (last 1024 ex): 0.3422
2026-07-26 02:56:19,688 - INFO: [exp3_d128] Epoch 17/20 | Global examples: 952832 | Avg Loss (last 1024 ex): 0.3586
2026-07-26 02:56:27,512 - INFO: [exp3_d128] Epoch 17/20 | Global examples: 953856 | Avg Loss (last 1024 ex): 0.3415
2026-07-26 02:56:35,634 - INFO: [exp3_d128] Epoch 17/20 | Global examples: 954880 | Avg Loss (last 1024 ex): 0.3623
2026-07-26 02:56:43,844 - INFO: [exp3_d128] Epoch 17/20 | Global examples: 955904 | Avg Loss (last 1024 ex): 0.3671
2026-07-26 02:56:51,730 - INFO: [exp3_d128] Epoch 17/20 | Global examples: 956928 | Avg Loss (last 1024 ex): 0.3510
2026-07-26 02:56:59,598 - INFO: [exp3_d128] Epoch 17/20 | Global examples: 957952 | Avg Loss (last 1024 ex): 0.3378
2026-07-26 02:57:07,257 - INFO: [exp3_d128] Epoch 17/20 | Global examples: 958976 | Avg Loss (last 1024 ex): 0.3423
2026-07-26 02:57:15,385 - INFO: [exp3_d128] Epoch 17/20 | Global examples: 960000 | Avg Loss (last 1024 ex): 0.3356
2026-07-26 02:57:23,007 - INFO: [exp3_d128] Epoch 17/20 | Global examples: 961024 | Avg Loss (last 1024 ex): 0.3470
2026-07-26 02:57:31,072 - INFO: [exp3_d128] Epoch 17/20 | Global examples: 962048 | Avg Loss (last 1024 ex): 0.3513
2026-07-26 02:57:38,837 - INFO: [exp3_d128] Epoch 17/20 | Global examples: 963072 | Avg Loss (last 1024 ex): 0.3732
2026-07-26 02:57:47,069 - INFO: [exp3_d128] Epoch 17/20 | Global examples: 964096 | Avg Loss (last 1024 ex): 0.3591
2026-07-26 02:57:54,724 - INFO: [exp3_d128] Epoch 17/20 | Global examples: 965120 | Avg Loss (last 1024 ex): 0.3321
2026-07-26 02:58:02,771 - INFO: [exp3_d128] Epoch 17/20 | Global examples: 966144 | Avg Loss (last 1024 ex): 0.3665
2026-07-26 02:58:10,416 - INFO: [exp3_d128] Epoch 17/20 | Global examples: 967168 | Avg Loss (last 1024 ex): 0.3570
2026-07-26 02:58:18,597 - INFO: [exp3_d128] Epoch 17/20 | Global examples: 968192 | Avg Loss (last 1024 ex): 0.3569
2026-07-26 02:58:26,444 - INFO: [exp3_d128] Epoch 17/20 | Global examples: 969216 | Avg Loss (last 1024 ex): 0.3500
2026-07-26 02:58:34,342 - INFO: [exp3_d128] Epoch 17/20 | Global examples: 970240 | Avg Loss (last 1024 ex): 0.3497
2026-07-26 02:58:41,891 - INFO: [exp3_d128] Epoch 17/20 | Global examples: 971264 | Avg Loss (last 1024 ex): 0.3464
2026-07-26 02:58:50,032 - INFO: [exp3_d128] Epoch 17/20 | Global examples: 972288 | Avg Loss (last 1024 ex): 0.3594
2026-07-26 02:58:57,844 - INFO: [exp3_d128] Epoch 17/20 | Global examples: 973312 | Avg Loss (last 1024 ex): 0.3501
2026-07-26 02:59:05,965 - INFO: [exp3_d128] Epoch 17/20 | Global examples: 974336 | Avg Loss (last 1024 ex): 0.3637
2026-07-26 02:59:13,676 - INFO: [exp3_d128] Epoch 17/20 | Global examples: 975360 | Avg Loss (last 1024 ex): 0.3299
2026-07-26 02:59:21,843 - INFO: [exp3_d128] Epoch 17/20 | Global examples: 976384 | Avg Loss (last 1024 ex): 0.3663
2026-07-26 02:59:30,037 - INFO: [exp3_d128] Epoch 17/20 | Global examples: 977408 | Avg Loss (last 1024 ex): 0.3594
2026-07-26 02:59:37,998 - INFO: [exp3_d128] Epoch 17/20 | Global examples: 978432 | Avg Loss (last 1024 ex): 0.3537
2026-07-26 02:59:46,235 - INFO: [exp3_d128] Epoch 17/20 | Global examples: 979456 | Avg Loss (last 1024 ex): 0.3545
2026-07-26 02:59:54,127 - INFO: [exp3_d128] Epoch 17/20 | Global examples: 980480 | Avg Loss (last 1024 ex): 0.3549
2026-07-26 03:00:02,162 - INFO: [exp3_d128] Epoch 17/20 | Global examples: 981504 | Avg Loss (last 1024 ex): 0.3703
2026-07-26 03:00:09,678 - INFO: [exp3_d128] Epoch 17/20 | Global examples: 982528 | Avg Loss (last 1024 ex): 0.3724
2026-07-26 03:00:18,262 - INFO: [exp3_d128] Epoch 17/20 | Global examples: 983552 | Avg Loss (last 1024 ex): 0.3581
2026-07-26 03:00:25,880 - INFO: [exp3_d128] Epoch 17/20 | Global examples: 984576 | Avg Loss (last 1024 ex): 0.3506
2026-07-26 03:00:34,148 - INFO: [exp3_d128] Epoch 17/20 | Global examples: 985600 | Avg Loss (last 1024 ex): 0.3335
2026-07-26 03:00:41,999 - INFO: [exp3_d128] Epoch 17/20 | Global examples: 986624 | Avg Loss (last 1024 ex): 0.3607
2026-07-26 03:00:50,247 - INFO: [exp3_d128] Epoch 17/20 | Global examples: 987648 | Avg Loss (last 1024 ex): 0.3524
2026-07-26 03:00:58,229 - INFO: [exp3_d128] Epoch 17/20 | Global examples: 988672 | Avg Loss (last 1024 ex): 0.3457
2026-07-26 03:01:06,470 - INFO: [exp3_d128] Epoch 17/20 | Global examples: 989696 | Avg Loss (last 1024 ex): 0.3406
2026-07-26 03:01:14,227 - INFO: [exp3_d128] Epoch 17/20 | Global examples: 990720 | Avg Loss (last 1024 ex): 0.3631
2026-07-26 03:01:22,463 - INFO: [exp3_d128] Epoch 17/20 | Global examples: 991744 | Avg Loss (last 1024 ex): 0.3599
2026-07-26 03:01:30,551 - INFO: [exp3_d128] Epoch 17/20 | Global examples: 992768 | Avg Loss (last 1024 ex): 0.3500
2026-07-26 03:01:38,329 - INFO: [exp3_d128] Epoch 17/20 | Global examples: 993792 | Avg Loss (last 1024 ex): 0.3580
2026-07-26 03:01:39,028 - INFO: [exp3_d128] Epoch 17/20 | Global examples: 993888 | Avg Loss (last 96 ex): 0.3501
2026-07-26 03:01:40,153 - INFO: [exp3_d128] Epoch 17 Val | Examples: 1024 | Avg Loss (last 1024 ex): 0.2672
2026-07-26 03:01:41,277 - INFO: [exp3_d128] Epoch 17 Val | Examples: 2048 | Avg Loss (last 1024 ex): 0.2302
2026-07-26 03:01:42,351 - INFO: [exp3_d128] Epoch 17 Val | Examples: 3072 | Avg Loss (last 1024 ex): 0.2367
2026-07-26 03:01:43,455 - INFO: [exp3_d128] Epoch 17 Val | Examples: 4096 | Avg Loss (last 1024 ex): 0.2474
2026-07-26 03:01:44,966 - INFO: [exp3_d128] Epoch 17 Val | Examples: 5120 | Avg Loss (last 1024 ex): 0.2689
2026-07-26 03:01:44,966 - INFO: [exp3_d128] === Epoch 17 done | Train Loss: 0.3496 | Val Loss: 0.2501 | Time: 455.5s ===
2026-07-26 03:01:45,003 - INFO: [exp3_d128] Model saved to C:/PythonProject/English2French/model/exp3_d128_epoch17.pth
2026-07-26 03:01:53,100 - INFO: [exp3_d128] Epoch 18/20 | Global examples: 994912 | Avg Loss (last 1024 ex): 0.2947
2026-07-26 03:02:01,875 - INFO: [exp3_d128] Epoch 18/20 | Global examples: 995936 | Avg Loss (last 1024 ex): 0.3305
2026-07-26 03:02:09,529 - INFO: [exp3_d128] Epoch 18/20 | Global examples: 996960 | Avg Loss (last 1024 ex): 0.3361
2026-07-26 03:02:17,679 - INFO: [exp3_d128] Epoch 18/20 | Global examples: 997984 | Avg Loss (last 1024 ex): 0.3318
2026-07-26 03:02:25,313 - INFO: [exp3_d128] Epoch 18/20 | Global examples: 999008 | Avg Loss (last 1024 ex): 0.3072
2026-07-26 03:02:33,630 - INFO: [exp3_d128] Epoch 18/20 | Global examples: 1000032 | Avg Loss (last 1024 ex): 0.3261
2026-07-26 03:02:41,452 - INFO: [exp3_d128] Epoch 18/20 | Global examples: 1001056 | Avg Loss (last 1024 ex): 0.3313
2026-07-26 03:02:49,708 - INFO: [exp3_d128] Epoch 18/20 | Global examples: 1002080 | Avg Loss (last 1024 ex): 0.3189
2026-07-26 03:02:57,462 - INFO: [exp3_d128] Epoch 18/20 | Global examples: 1003104 | Avg Loss (last 1024 ex): 0.3335
2026-07-26 03:03:05,805 - INFO: [exp3_d128] Epoch 18/20 | Global examples: 1004128 | Avg Loss (last 1024 ex): 0.3423
2026-07-26 03:03:13,562 - INFO: [exp3_d128] Epoch 18/20 | Global examples: 1005152 | Avg Loss (last 1024 ex): 0.3343
2026-07-26 03:03:21,794 - INFO: [exp3_d128] Epoch 18/20 | Global examples: 1006176 | Avg Loss (last 1024 ex): 0.3370
2026-07-26 03:03:29,512 - INFO: [exp3_d128] Epoch 18/20 | Global examples: 1007200 | Avg Loss (last 1024 ex): 0.3247
2026-07-26 03:03:37,786 - INFO: [exp3_d128] Epoch 18/20 | Global examples: 1008224 | Avg Loss (last 1024 ex): 0.3409
2026-07-26 03:03:45,948 - INFO: [exp3_d128] Epoch 18/20 | Global examples: 1009248 | Avg Loss (last 1024 ex): 0.3407
2026-07-26 03:03:53,555 - INFO: [exp3_d128] Epoch 18/20 | Global examples: 1010272 | Avg Loss (last 1024 ex): 0.3428
2026-07-26 03:04:01,629 - INFO: [exp3_d128] Epoch 18/20 | Global examples: 1011296 | Avg Loss (last 1024 ex): 0.3255
2026-07-26 03:04:09,258 - INFO: [exp3_d128] Epoch 18/20 | Global examples: 1012320 | Avg Loss (last 1024 ex): 0.3577
2026-07-26 03:04:17,485 - INFO: [exp3_d128] Epoch 18/20 | Global examples: 1013344 | Avg Loss (last 1024 ex): 0.3637
2026-07-26 03:04:25,384 - INFO: [exp3_d128] Epoch 18/20 | Global examples: 1014368 | Avg Loss (last 1024 ex): 0.3520
2026-07-26 03:04:33,824 - INFO: [exp3_d128] Epoch 18/20 | Global examples: 1015392 | Avg Loss (last 1024 ex): 0.3457
2026-07-26 03:04:41,630 - INFO: [exp3_d128] Epoch 18/20 | Global examples: 1016416 | Avg Loss (last 1024 ex): 0.3519
2026-07-26 03:04:49,907 - INFO: [exp3_d128] Epoch 18/20 | Global examples: 1017440 | Avg Loss (last 1024 ex): 0.3274
2026-07-26 03:04:57,817 - INFO: [exp3_d128] Epoch 18/20 | Global examples: 1018464 | Avg Loss (last 1024 ex): 0.3599
2026-07-26 03:05:06,045 - INFO: [exp3_d128] Epoch 18/20 | Global examples: 1019488 | Avg Loss (last 1024 ex): 0.3608
2026-07-26 03:05:13,949 - INFO: [exp3_d128] Epoch 18/20 | Global examples: 1020512 | Avg Loss (last 1024 ex): 0.3704
2026-07-26 03:05:22,206 - INFO: [exp3_d128] Epoch 18/20 | Global examples: 1021536 | Avg Loss (last 1024 ex): 0.3700
2026-07-26 03:05:29,806 - INFO: [exp3_d128] Epoch 18/20 | Global examples: 1022560 | Avg Loss (last 1024 ex): 0.3558
2026-07-26 03:05:38,032 - INFO: [exp3_d128] Epoch 18/20 | Global examples: 1023584 | Avg Loss (last 1024 ex): 0.3837
2026-07-26 03:05:46,283 - INFO: [exp3_d128] Epoch 18/20 | Global examples: 1024608 | Avg Loss (last 1024 ex): 0.3538
2026-07-26 03:05:54,122 - INFO: [exp3_d128] Epoch 18/20 | Global examples: 1025632 | Avg Loss (last 1024 ex): 0.3432
2026-07-26 03:06:02,542 - INFO: [exp3_d128] Epoch 18/20 | Global examples: 1026656 | Avg Loss (last 1024 ex): 0.3669
2026-07-26 03:06:10,311 - INFO: [exp3_d128] Epoch 18/20 | Global examples: 1027680 | Avg Loss (last 1024 ex): 0.3648
2026-07-26 03:06:18,611 - INFO: [exp3_d128] Epoch 18/20 | Global examples: 1028704 | Avg Loss (last 1024 ex): 0.3391
2026-07-26 03:06:26,465 - INFO: [exp3_d128] Epoch 18/20 | Global examples: 1029728 | Avg Loss (last 1024 ex): 0.3698
2026-07-26 03:06:35,050 - INFO: [exp3_d128] Epoch 18/20 | Global examples: 1030752 | Avg Loss (last 1024 ex): 0.3595
2026-07-26 03:06:42,805 - INFO: [exp3_d128] Epoch 18/20 | Global examples: 1031776 | Avg Loss (last 1024 ex): 0.3427
2026-07-26 03:06:50,991 - INFO: [exp3_d128] Epoch 18/20 | Global examples: 1032800 | Avg Loss (last 1024 ex): 0.3542
2026-07-26 03:06:58,930 - INFO: [exp3_d128] Epoch 18/20 | Global examples: 1033824 | Avg Loss (last 1024 ex): 0.3511
2026-07-26 03:07:07,388 - INFO: [exp3_d128] Epoch 18/20 | Global examples: 1034848 | Avg Loss (last 1024 ex): 0.3573
2026-07-26 03:07:15,150 - INFO: [exp3_d128] Epoch 18/20 | Global examples: 1035872 | Avg Loss (last 1024 ex): 0.3250
2026-07-26 03:07:23,328 - INFO: [exp3_d128] Epoch 18/20 | Global examples: 1036896 | Avg Loss (last 1024 ex): 0.3510
2026-07-26 03:07:31,702 - INFO: [exp3_d128] Epoch 18/20 | Global examples: 1037920 | Avg Loss (last 1024 ex): 0.3581
2026-07-26 03:07:39,431 - INFO: [exp3_d128] Epoch 18/20 | Global examples: 1038944 | Avg Loss (last 1024 ex): 0.3466
2026-07-26 03:07:47,496 - INFO: [exp3_d128] Epoch 18/20 | Global examples: 1039968 | Avg Loss (last 1024 ex): 0.3454
2026-07-26 03:07:55,272 - INFO: [exp3_d128] Epoch 18/20 | Global examples: 1040992 | Avg Loss (last 1024 ex): 0.3651
2026-07-26 03:08:03,723 - INFO: [exp3_d128] Epoch 18/20 | Global examples: 1042016 | Avg Loss (last 1024 ex): 0.3599
2026-07-26 03:08:11,504 - INFO: [exp3_d128] Epoch 18/20 | Global examples: 1043040 | Avg Loss (last 1024 ex): 0.3414
2026-07-26 03:08:19,630 - INFO: [exp3_d128] Epoch 18/20 | Global examples: 1044064 | Avg Loss (last 1024 ex): 0.3570
2026-07-26 03:08:27,381 - INFO: [exp3_d128] Epoch 18/20 | Global examples: 1045088 | Avg Loss (last 1024 ex): 0.3622
2026-07-26 03:08:35,893 - INFO: [exp3_d128] Epoch 18/20 | Global examples: 1046112 | Avg Loss (last 1024 ex): 0.3445
2026-07-26 03:08:43,669 - INFO: [exp3_d128] Epoch 18/20 | Global examples: 1047136 | Avg Loss (last 1024 ex): 0.3668
2026-07-26 03:08:51,840 - INFO: [exp3_d128] Epoch 18/20 | Global examples: 1048160 | Avg Loss (last 1024 ex): 0.3539
2026-07-26 03:08:59,660 - INFO: [exp3_d128] Epoch 18/20 | Global examples: 1049184 | Avg Loss (last 1024 ex): 0.3371
2026-07-26 03:09:07,855 - INFO: [exp3_d128] Epoch 18/20 | Global examples: 1050208 | Avg Loss (last 1024 ex): 0.3636
2026-07-26 03:09:15,711 - INFO: [exp3_d128] Epoch 18/20 | Global examples: 1051232 | Avg Loss (last 1024 ex): 0.3565
2026-07-26 03:09:24,147 - INFO: [exp3_d128] Epoch 18/20 | Global examples: 1052256 | Avg Loss (last 1024 ex): 0.3639
2026-07-26 03:09:24,899 - INFO: [exp3_d128] Epoch 18/20 | Global examples: 1052352 | Avg Loss (last 96 ex): 0.3432
2026-07-26 03:09:26,105 - INFO: [exp3_d128] Epoch 18 Val | Examples: 1024 | Avg Loss (last 1024 ex): 0.2554
2026-07-26 03:09:27,249 - INFO: [exp3_d128] Epoch 18 Val | Examples: 2048 | Avg Loss (last 1024 ex): 0.2401
2026-07-26 03:09:28,375 - INFO: [exp3_d128] Epoch 18 Val | Examples: 3072 | Avg Loss (last 1024 ex): 0.2466
2026-07-26 03:09:29,476 - INFO: [exp3_d128] Epoch 18 Val | Examples: 4096 | Avg Loss (last 1024 ex): 0.2529
2026-07-26 03:09:30,596 - INFO: [exp3_d128] Epoch 18 Val | Examples: 5120 | Avg Loss (last 1024 ex): 0.2596
2026-07-26 03:09:30,597 - INFO: [exp3_d128] === Epoch 18 done | Train Loss: 0.3473 | Val Loss: 0.2509 | Time: 459.9s ===
2026-07-26 03:09:30,632 - INFO: [exp3_d128] Model saved to C:/PythonProject/English2French/model/exp3_d128_epoch18.pth
2026-07-26 03:09:39,600 - INFO: [exp3_d128] Epoch 19/20 | Global examples: 1053376 | Avg Loss (last 1024 ex): 0.3371
2026-07-26 03:09:47,915 - INFO: [exp3_d128] Epoch 19/20 | Global examples: 1054400 | Avg Loss (last 1024 ex): 0.2945
2026-07-26 03:09:55,542 - INFO: [exp3_d128] Epoch 19/20 | Global examples: 1055424 | Avg Loss (last 1024 ex): 0.3025
2026-07-26 03:10:03,809 - INFO: [exp3_d128] Epoch 19/20 | Global examples: 1056448 | Avg Loss (last 1024 ex): 0.3292
2026-07-26 03:10:12,099 - INFO: [exp3_d128] Epoch 19/20 | Global examples: 1057472 | Avg Loss (last 1024 ex): 0.3238
2026-07-26 03:10:20,492 - INFO: [exp3_d128] Epoch 19/20 | Global examples: 1058496 | Avg Loss (last 1024 ex): 0.3131
2026-07-26 03:10:28,370 - INFO: [exp3_d128] Epoch 19/20 | Global examples: 1059520 | Avg Loss (last 1024 ex): 0.3277
2026-07-26 03:10:36,966 - INFO: [exp3_d128] Epoch 19/20 | Global examples: 1060544 | Avg Loss (last 1024 ex): 0.3128
2026-07-26 03:10:44,724 - INFO: [exp3_d128] Epoch 19/20 | Global examples: 1061568 | Avg Loss (last 1024 ex): 0.3388
2026-07-26 03:10:52,910 - INFO: [exp3_d128] Epoch 19/20 | Global examples: 1062592 | Avg Loss (last 1024 ex): 0.3493
2026-07-26 03:11:00,763 - INFO: [exp3_d128] Epoch 19/20 | Global examples: 1063616 | Avg Loss (last 1024 ex): 0.3152
2026-07-26 03:11:09,289 - INFO: [exp3_d128] Epoch 19/20 | Global examples: 1064640 | Avg Loss (last 1024 ex): 0.3388
2026-07-26 03:11:17,514 - INFO: [exp3_d128] Epoch 19/20 | Global examples: 1065664 | Avg Loss (last 1024 ex): 0.3383
2026-07-26 03:11:25,380 - INFO: [exp3_d128] Epoch 19/20 | Global examples: 1066688 | Avg Loss (last 1024 ex): 0.3496
2026-07-26 03:11:33,701 - INFO: [exp3_d128] Epoch 19/20 | Global examples: 1067712 | Avg Loss (last 1024 ex): 0.3398
2026-07-26 03:11:41,493 - INFO: [exp3_d128] Epoch 19/20 | Global examples: 1068736 | Avg Loss (last 1024 ex): 0.3417
2026-07-26 03:11:49,752 - INFO: [exp3_d128] Epoch 19/20 | Global examples: 1069760 | Avg Loss (last 1024 ex): 0.3574
2026-07-26 03:11:57,636 - INFO: [exp3_d128] Epoch 19/20 | Global examples: 1070784 | Avg Loss (last 1024 ex): 0.3475
2026-07-26 03:12:05,876 - INFO: [exp3_d128] Epoch 19/20 | Global examples: 1071808 | Avg Loss (last 1024 ex): 0.3365
2026-07-26 03:12:13,775 - INFO: [exp3_d128] Epoch 19/20 | Global examples: 1072832 | Avg Loss (last 1024 ex): 0.3479
2026-07-26 03:12:21,942 - INFO: [exp3_d128] Epoch 19/20 | Global examples: 1073856 | Avg Loss (last 1024 ex): 0.3513
2026-07-26 03:12:29,708 - INFO: [exp3_d128] Epoch 19/20 | Global examples: 1074880 | Avg Loss (last 1024 ex): 0.3625
2026-07-26 03:12:38,209 - INFO: [exp3_d128] Epoch 19/20 | Global examples: 1075904 | Avg Loss (last 1024 ex): 0.3633
2026-07-26 03:12:46,132 - INFO: [exp3_d128] Epoch 19/20 | Global examples: 1076928 | Avg Loss (last 1024 ex): 0.3561
2026-07-26 03:12:54,462 - INFO: [exp3_d128] Epoch 19/20 | Global examples: 1077952 | Avg Loss (last 1024 ex): 0.3380
2026-07-26 03:13:02,860 - INFO: [exp3_d128] Epoch 19/20 | Global examples: 1078976 | Avg Loss (last 1024 ex): 0.3330
2026-07-26 03:13:10,869 - INFO: [exp3_d128] Epoch 19/20 | Global examples: 1080000 | Avg Loss (last 1024 ex): 0.3435
2026-07-26 03:13:19,059 - INFO: [exp3_d128] Epoch 19/20 | Global examples: 1081024 | Avg Loss (last 1024 ex): 0.3426
2026-07-26 03:13:26,871 - INFO: [exp3_d128] Epoch 19/20 | Global examples: 1082048 | Avg Loss (last 1024 ex): 0.3367
2026-07-26 03:13:35,390 - INFO: [exp3_d128] Epoch 19/20 | Global examples: 1083072 | Avg Loss (last 1024 ex): 0.3402
2026-07-26 03:13:43,107 - INFO: [exp3_d128] Epoch 19/20 | Global examples: 1084096 | Avg Loss (last 1024 ex): 0.3445
2026-07-26 03:13:51,408 - INFO: [exp3_d128] Epoch 19/20 | Global examples: 1085120 | Avg Loss (last 1024 ex): 0.3565
2026-07-26 03:13:59,217 - INFO: [exp3_d128] Epoch 19/20 | Global examples: 1086144 | Avg Loss (last 1024 ex): 0.3580
2026-07-26 03:14:07,725 - INFO: [exp3_d128] Epoch 19/20 | Global examples: 1087168 | Avg Loss (last 1024 ex): 0.3438
2026-07-26 03:14:15,409 - INFO: [exp3_d128] Epoch 19/20 | Global examples: 1088192 | Avg Loss (last 1024 ex): 0.3499
2026-07-26 03:14:23,414 - INFO: [exp3_d128] Epoch 19/20 | Global examples: 1089216 | Avg Loss (last 1024 ex): 0.3392
2026-07-26 03:14:31,339 - INFO: [exp3_d128] Epoch 19/20 | Global examples: 1090240 | Avg Loss (last 1024 ex): 0.3333
2026-07-26 03:14:41,082 - INFO: [exp3_d128] Epoch 19/20 | Global examples: 1091264 | Avg Loss (last 1024 ex): 0.3557
2026-07-26 03:14:50,785 - INFO: [exp3_d128] Epoch 19/20 | Global examples: 1092288 | Avg Loss (last 1024 ex): 0.3329
2026-07-26 03:14:58,956 - INFO: [exp3_d128] Epoch 19/20 | Global examples: 1093312 | Avg Loss (last 1024 ex): 0.3568
2026-07-26 03:15:07,018 - INFO: [exp3_d128] Epoch 19/20 | Global examples: 1094336 | Avg Loss (last 1024 ex): 0.3291
2026-07-26 03:15:14,919 - INFO: [exp3_d128] Epoch 19/20 | Global examples: 1095360 | Avg Loss (last 1024 ex): 0.3424
2026-07-26 03:15:23,239 - INFO: [exp3_d128] Epoch 19/20 | Global examples: 1096384 | Avg Loss (last 1024 ex): 0.3363
2026-07-26 03:15:31,082 - INFO: [exp3_d128] Epoch 19/20 | Global examples: 1097408 | Avg Loss (last 1024 ex): 0.3600
2026-07-26 03:15:39,421 - INFO: [exp3_d128] Epoch 19/20 | Global examples: 1098432 | Avg Loss (last 1024 ex): 0.3459
2026-07-26 03:15:47,040 - INFO: [exp3_d128] Epoch 19/20 | Global examples: 1099456 | Avg Loss (last 1024 ex): 0.3393
2026-07-26 03:15:55,207 - INFO: [exp3_d128] Epoch 19/20 | Global examples: 1100480 | Avg Loss (last 1024 ex): 0.3359
2026-07-26 03:16:03,469 - INFO: [exp3_d128] Epoch 19/20 | Global examples: 1101504 | Avg Loss (last 1024 ex): 0.3191
2026-07-26 03:16:11,360 - INFO: [exp3_d128] Epoch 19/20 | Global examples: 1102528 | Avg Loss (last 1024 ex): 0.3539
2026-07-26 03:16:19,649 - INFO: [exp3_d128] Epoch 19/20 | Global examples: 1103552 | Avg Loss (last 1024 ex): 0.3526
2026-07-26 03:16:27,649 - INFO: [exp3_d128] Epoch 19/20 | Global examples: 1104576 | Avg Loss (last 1024 ex): 0.3386
2026-07-26 03:16:36,118 - INFO: [exp3_d128] Epoch 19/20 | Global examples: 1105600 | Avg Loss (last 1024 ex): 0.3574
2026-07-26 03:16:43,979 - INFO: [exp3_d128] Epoch 19/20 | Global examples: 1106624 | Avg Loss (last 1024 ex): 0.3367
2026-07-26 03:16:52,247 - INFO: [exp3_d128] Epoch 19/20 | Global examples: 1107648 | Avg Loss (last 1024 ex): 0.3293
2026-07-26 03:17:00,033 - INFO: [exp3_d128] Epoch 19/20 | Global examples: 1108672 | Avg Loss (last 1024 ex): 0.3165
2026-07-26 03:17:08,658 - INFO: [exp3_d128] Epoch 19/20 | Global examples: 1109696 | Avg Loss (last 1024 ex): 0.3395
2026-07-26 03:17:16,532 - INFO: [exp3_d128] Epoch 19/20 | Global examples: 1110720 | Avg Loss (last 1024 ex): 0.3619
2026-07-26 03:17:17,260 - INFO: [exp3_d128] Epoch 19/20 | Global examples: 1110816 | Avg Loss (last 96 ex): 0.3351
2026-07-26 03:17:18,904 - INFO: [exp3_d128] Epoch 19 Val | Examples: 1024 | Avg Loss (last 1024 ex): 0.2608
2026-07-26 03:17:20,068 - INFO: [exp3_d128] Epoch 19 Val | Examples: 2048 | Avg Loss (last 1024 ex): 0.2371
2026-07-26 03:17:21,277 - INFO: [exp3_d128] Epoch 19 Val | Examples: 3072 | Avg Loss (last 1024 ex): 0.2374
2026-07-26 03:17:22,460 - INFO: [exp3_d128] Epoch 19 Val | Examples: 4096 | Avg Loss (last 1024 ex): 0.2636
2026-07-26 03:17:23,704 - INFO: [exp3_d128] Epoch 19 Val | Examples: 5120 | Avg Loss (last 1024 ex): 0.2549
2026-07-26 03:17:23,705 - INFO: [exp3_d128] === Epoch 19 done | Train Loss: 0.3399 | Val Loss: 0.2507 | Time: 466.6s ===
2026-07-26 03:17:23,738 - INFO: [exp3_d128] Model saved to C:/PythonProject/English2French/model/exp3_d128_epoch19.pth
2026-07-26 03:17:31,751 - INFO: [exp3_d128] Epoch 20/20 | Global examples: 1111840 | Avg Loss (last 1024 ex): 0.2990
2026-07-26 03:17:40,669 - INFO: [exp3_d128] Epoch 20/20 | Global examples: 1112864 | Avg Loss (last 1024 ex): 0.3077
2026-07-26 03:17:49,164 - INFO: [exp3_d128] Epoch 20/20 | Global examples: 1113888 | Avg Loss (last 1024 ex): 0.3006
2026-07-26 03:17:57,223 - INFO: [exp3_d128] Epoch 20/20 | Global examples: 1114912 | Avg Loss (last 1024 ex): 0.3137
2026-07-26 03:18:05,814 - INFO: [exp3_d128] Epoch 20/20 | Global examples: 1115936 | Avg Loss (last 1024 ex): 0.3141
2026-07-26 03:18:13,767 - INFO: [exp3_d128] Epoch 20/20 | Global examples: 1116960 | Avg Loss (last 1024 ex): 0.3113
2026-07-26 03:18:22,047 - INFO: [exp3_d128] Epoch 20/20 | Global examples: 1117984 | Avg Loss (last 1024 ex): 0.3144
2026-07-26 03:18:29,996 - INFO: [exp3_d128] Epoch 20/20 | Global examples: 1119008 | Avg Loss (last 1024 ex): 0.3134
2026-07-26 03:18:38,393 - INFO: [exp3_d128] Epoch 20/20 | Global examples: 1120032 | Avg Loss (last 1024 ex): 0.3166
2026-07-26 03:18:46,306 - INFO: [exp3_d128] Epoch 20/20 | Global examples: 1121056 | Avg Loss (last 1024 ex): 0.3098
2026-07-26 03:18:54,650 - INFO: [exp3_d128] Epoch 20/20 | Global examples: 1122080 | Avg Loss (last 1024 ex): 0.3237
2026-07-26 03:19:02,426 - INFO: [exp3_d128] Epoch 20/20 | Global examples: 1123104 | Avg Loss (last 1024 ex): 0.3056
2026-07-26 03:19:11,006 - INFO: [exp3_d128] Epoch 20/20 | Global examples: 1124128 | Avg Loss (last 1024 ex): 0.3240
2026-07-26 03:19:19,417 - INFO: [exp3_d128] Epoch 20/20 | Global examples: 1125152 | Avg Loss (last 1024 ex): 0.3221
2026-07-26 03:19:27,054 - INFO: [exp3_d128] Epoch 20/20 | Global examples: 1126176 | Avg Loss (last 1024 ex): 0.3410
2026-07-26 03:19:35,658 - INFO: [exp3_d128] Epoch 20/20 | Global examples: 1127200 | Avg Loss (last 1024 ex): 0.3328
2026-07-26 03:19:43,648 - INFO: [exp3_d128] Epoch 20/20 | Global examples: 1128224 | Avg Loss (last 1024 ex): 0.3163
2026-07-26 03:19:52,004 - INFO: [exp3_d128] Epoch 20/20 | Global examples: 1129248 | Avg Loss (last 1024 ex): 0.3316
2026-07-26 03:19:59,856 - INFO: [exp3_d128] Epoch 20/20 | Global examples: 1130272 | Avg Loss (last 1024 ex): 0.3479
2026-07-26 03:20:08,618 - INFO: [exp3_d128] Epoch 20/20 | Global examples: 1131296 | Avg Loss (last 1024 ex): 0.3250
2026-07-26 03:20:16,465 - INFO: [exp3_d128] Epoch 20/20 | Global examples: 1132320 | Avg Loss (last 1024 ex): 0.3305
2026-07-26 03:20:24,634 - INFO: [exp3_d128] Epoch 20/20 | Global examples: 1133344 | Avg Loss (last 1024 ex): 0.3145
2026-07-26 03:20:32,690 - INFO: [exp3_d128] Epoch 20/20 | Global examples: 1134368 | Avg Loss (last 1024 ex): 0.3474
2026-07-26 03:20:41,336 - INFO: [exp3_d128] Epoch 20/20 | Global examples: 1135392 | Avg Loss (last 1024 ex): 0.3366
2026-07-26 03:20:49,697 - INFO: [exp3_d128] Epoch 20/20 | Global examples: 1136416 | Avg Loss (last 1024 ex): 0.3445
2026-07-26 03:20:57,630 - INFO: [exp3_d128] Epoch 20/20 | Global examples: 1137440 | Avg Loss (last 1024 ex): 0.3355
2026-07-26 03:21:05,886 - INFO: [exp3_d128] Epoch 20/20 | Global examples: 1138464 | Avg Loss (last 1024 ex): 0.3454
2026-07-26 03:21:13,656 - INFO: [exp3_d128] Epoch 20/20 | Global examples: 1139488 | Avg Loss (last 1024 ex): 0.3541
2026-07-26 03:21:21,951 - INFO: [exp3_d128] Epoch 20/20 | Global examples: 1140512 | Avg Loss (last 1024 ex): 0.3174
2026-07-26 03:21:30,086 - INFO: [exp3_d128] Epoch 20/20 | Global examples: 1141536 | Avg Loss (last 1024 ex): 0.3389
2026-07-26 03:21:38,469 - INFO: [exp3_d128] Epoch 20/20 | Global examples: 1142560 | Avg Loss (last 1024 ex): 0.3164
2026-07-26 03:21:46,408 - INFO: [exp3_d128] Epoch 20/20 | Global examples: 1143584 | Avg Loss (last 1024 ex): 0.3297
2026-07-26 03:21:54,777 - INFO: [exp3_d128] Epoch 20/20 | Global examples: 1144608 | Avg Loss (last 1024 ex): 0.3493
2026-07-26 03:22:02,548 - INFO: [exp3_d128] Epoch 20/20 | Global examples: 1145632 | Avg Loss (last 1024 ex): 0.3385
2026-07-26 03:22:11,145 - INFO: [exp3_d128] Epoch 20/20 | Global examples: 1146656 | Avg Loss (last 1024 ex): 0.3261
2026-07-26 03:22:19,019 - INFO: [exp3_d128] Epoch 20/20 | Global examples: 1147680 | Avg Loss (last 1024 ex): 0.3171
2026-07-26 03:22:27,264 - INFO: [exp3_d128] Epoch 20/20 | Global examples: 1148704 | Avg Loss (last 1024 ex): 0.3154
2026-07-26 03:22:35,723 - INFO: [exp3_d128] Epoch 20/20 | Global examples: 1149728 | Avg Loss (last 1024 ex): 0.3472
2026-07-26 03:22:43,423 - INFO: [exp3_d128] Epoch 20/20 | Global examples: 1150752 | Avg Loss (last 1024 ex): 0.3234
2026-07-26 03:22:51,630 - INFO: [exp3_d128] Epoch 20/20 | Global examples: 1151776 | Avg Loss (last 1024 ex): 0.3607
2026-07-26 03:22:59,711 - INFO: [exp3_d128] Epoch 20/20 | Global examples: 1152800 | Avg Loss (last 1024 ex): 0.3608
2026-07-26 03:23:08,399 - INFO: [exp3_d128] Epoch 20/20 | Global examples: 1153824 | Avg Loss (last 1024 ex): 0.3319
2026-07-26 03:23:16,195 - INFO: [exp3_d128] Epoch 20/20 | Global examples: 1154848 | Avg Loss (last 1024 ex): 0.3523
2026-07-26 03:23:24,574 - INFO: [exp3_d128] Epoch 20/20 | Global examples: 1155872 | Avg Loss (last 1024 ex): 0.3643
2026-07-26 03:23:32,548 - INFO: [exp3_d128] Epoch 20/20 | Global examples: 1156896 | Avg Loss (last 1024 ex): 0.3492
2026-07-26 03:23:41,062 - INFO: [exp3_d128] Epoch 20/20 | Global examples: 1157920 | Avg Loss (last 1024 ex): 0.3433
2026-07-26 03:23:48,948 - INFO: [exp3_d128] Epoch 20/20 | Global examples: 1158944 | Avg Loss (last 1024 ex): 0.3415
2026-07-26 03:23:57,135 - INFO: [exp3_d128] Epoch 20/20 | Global examples: 1159968 | Avg Loss (last 1024 ex): 0.3523
2026-07-26 03:24:05,814 - INFO: [exp3_d128] Epoch 20/20 | Global examples: 1160992 | Avg Loss (last 1024 ex): 0.3508
2026-07-26 03:24:13,988 - INFO: [exp3_d128] Epoch 20/20 | Global examples: 1162016 | Avg Loss (last 1024 ex): 0.3384
2026-07-26 03:24:22,354 - INFO: [exp3_d128] Epoch 20/20 | Global examples: 1163040 | Avg Loss (last 1024 ex): 0.3536
2026-07-26 03:24:30,421 - INFO: [exp3_d128] Epoch 20/20 | Global examples: 1164064 | Avg Loss (last 1024 ex): 0.3586
2026-07-26 03:24:38,789 - INFO: [exp3_d128] Epoch 20/20 | Global examples: 1165088 | Avg Loss (last 1024 ex): 0.3496
2026-07-26 03:24:46,690 - INFO: [exp3_d128] Epoch 20/20 | Global examples: 1166112 | Avg Loss (last 1024 ex): 0.3345
2026-07-26 03:24:55,041 - INFO: [exp3_d128] Epoch 20/20 | Global examples: 1167136 | Avg Loss (last 1024 ex): 0.3360
2026-07-26 03:25:03,064 - INFO: [exp3_d128] Epoch 20/20 | Global examples: 1168160 | Avg Loss (last 1024 ex): 0.3159
2026-07-26 03:25:11,608 - INFO: [exp3_d128] Epoch 20/20 | Global examples: 1169184 | Avg Loss (last 1024 ex): 0.3503
2026-07-26 03:25:12,412 - INFO: [exp3_d128] Epoch 20/20 | Global examples: 1169280 | Avg Loss (last 96 ex): 0.3415
2026-07-26 03:25:13,620 - INFO: [exp3_d128] Epoch 20 Val | Examples: 1024 | Avg Loss (last 1024 ex): 0.2570
2026-07-26 03:25:14,736 - INFO: [exp3_d128] Epoch 20 Val | Examples: 2048 | Avg Loss (last 1024 ex): 0.2342
2026-07-26 03:25:15,823 - INFO: [exp3_d128] Epoch 20 Val | Examples: 3072 | Avg Loss (last 1024 ex): 0.2457
2026-07-26 03:25:16,892 - INFO: [exp3_d128] Epoch 20 Val | Examples: 4096 | Avg Loss (last 1024 ex): 0.2543
2026-07-26 03:25:17,958 - INFO: [exp3_d128] Epoch 20 Val | Examples: 5120 | Avg Loss (last 1024 ex): 0.2664
2026-07-26 03:25:17,959 - INFO: [exp3_d128] === Epoch 20 done | Train Loss: 0.3323 | Val Loss: 0.2515 | Time: 468.7s ===
2026-07-26 03:25:17,991 - INFO: [exp3_d128] Model saved to C:/PythonProject/English2French/model/exp3_d128_epoch20.pth
