2026-07-26 03:25:17,996 - INFO: Starting experiment: exp5_dropout0 — dropout=0.0
2026-07-26 03:25:17,996 - INFO: Config: d_model=256, d_ff=1024, head=4, n_layers=4, dropout=0.0, warmup=True
2026-07-26 03:25:18,150 - INFO: Params: 11,987,824
2026-07-26 03:25:28,184 - INFO: [exp5_dropout0] Epoch 1/20 | Global examples: 1024 | Avg Loss (last 1024 ex): 8.7033
2026-07-26 03:25:37,100 - INFO: [exp5_dropout0] Epoch 1/20 | Global examples: 2048 | Avg Loss (last 1024 ex): 8.1283
2026-07-26 03:25:46,109 - INFO: [exp5_dropout0] Epoch 1/20 | Global examples: 3072 | Avg Loss (last 1024 ex): 7.6741
2026-07-26 03:25:55,715 - INFO: [exp5_dropout0] Epoch 1/20 | Global examples: 4096 | Avg Loss (last 1024 ex): 7.2636
2026-07-26 03:26:04,766 - INFO: [exp5_dropout0] Epoch 1/20 | Global examples: 5120 | Avg Loss (last 1024 ex): 6.7259
2026-07-26 03:26:14,028 - INFO: [exp5_dropout0] Epoch 1/20 | Global examples: 6144 | Avg Loss (last 1024 ex): 6.2817
2026-07-26 03:26:23,493 - INFO: [exp5_dropout0] Epoch 1/20 | Global examples: 7168 | Avg Loss (last 1024 ex): 5.7809
2026-07-26 03:26:32,238 - INFO: [exp5_dropout0] Epoch 1/20 | Global examples: 8192 | Avg Loss (last 1024 ex): 5.3855
2026-07-26 03:26:41,750 - INFO: [exp5_dropout0] Epoch 1/20 | Global examples: 9216 | Avg Loss (last 1024 ex): 4.9454
2026-07-26 03:26:51,441 - INFO: [exp5_dropout0] Epoch 1/20 | Global examples: 10240 | Avg Loss (last 1024 ex): 4.5350
2026-07-26 03:27:00,607 - INFO: [exp5_dropout0] Epoch 1/20 | Global examples: 11264 | Avg Loss (last 1024 ex): 4.2216
2026-07-26 03:27:10,058 - INFO: [exp5_dropout0] Epoch 1/20 | Global examples: 12288 | Avg Loss (last 1024 ex): 3.9018
2026-07-26 03:27:18,882 - INFO: [exp5_dropout0] Epoch 1/20 | Global examples: 13312 | Avg Loss (last 1024 ex): 3.7062
2026-07-26 03:27:28,817 - INFO: [exp5_dropout0] Epoch 1/20 | Global examples: 14336 | Avg Loss (last 1024 ex): 3.5253
2026-07-26 03:27:38,280 - INFO: [exp5_dropout0] Epoch 1/20 | Global examples: 15360 | Avg Loss (last 1024 ex): 3.3516
2026-07-26 03:27:47,367 - INFO: [exp5_dropout0] Epoch 1/20 | Global examples: 16384 | Avg Loss (last 1024 ex): 3.2642
2026-07-26 03:27:57,010 - INFO: [exp5_dropout0] Epoch 1/20 | Global examples: 17408 | Avg Loss (last 1024 ex): 3.1432
2026-07-26 03:28:06,248 - INFO: [exp5_dropout0] Epoch 1/20 | Global examples: 18432 | Avg Loss (last 1024 ex): 3.0160
2026-07-26 03:28:15,103 - INFO: [exp5_dropout0] Epoch 1/20 | Global examples: 19456 | Avg Loss (last 1024 ex): 3.0138
2026-07-26 03:28:24,803 - INFO: [exp5_dropout0] Epoch 1/20 | Global examples: 20480 | Avg Loss (last 1024 ex): 2.9292
2026-07-26 03:28:33,653 - INFO: [exp5_dropout0] Epoch 1/20 | Global examples: 21504 | Avg Loss (last 1024 ex): 2.8098
2026-07-26 03:28:43,007 - INFO: [exp5_dropout0] Epoch 1/20 | Global examples: 22528 | Avg Loss (last 1024 ex): 2.7870
2026-07-26 03:28:52,598 - INFO: [exp5_dropout0] Epoch 1/20 | Global examples: 23552 | Avg Loss (last 1024 ex): 2.7256
2026-07-26 03:29:01,626 - INFO: [exp5_dropout0] Epoch 1/20 | Global examples: 24576 | Avg Loss (last 1024 ex): 2.6473
2026-07-26 03:29:11,119 - INFO: [exp5_dropout0] Epoch 1/20 | Global examples: 25600 | Avg Loss (last 1024 ex): 2.6033
2026-07-26 03:29:20,059 - INFO: [exp5_dropout0] Epoch 1/20 | Global examples: 26624 | Avg Loss (last 1024 ex): 2.5314
2026-07-26 03:29:29,745 - INFO: [exp5_dropout0] Epoch 1/20 | Global examples: 27648 | Avg Loss (last 1024 ex): 2.5032
2026-07-26 03:29:39,451 - INFO: [exp5_dropout0] Epoch 1/20 | Global examples: 28672 | Avg Loss (last 1024 ex): 2.3643
2026-07-26 03:29:48,242 - INFO: [exp5_dropout0] Epoch 1/20 | Global examples: 29696 | Avg Loss (last 1024 ex): 2.4227
2026-07-26 03:29:57,927 - INFO: [exp5_dropout0] Epoch 1/20 | Global examples: 30720 | Avg Loss (last 1024 ex): 2.3258
2026-07-26 03:30:07,366 - INFO: [exp5_dropout0] Epoch 1/20 | Global examples: 31744 | Avg Loss (last 1024 ex): 2.2629
2026-07-26 03:30:16,193 - INFO: [exp5_dropout0] Epoch 1/20 | Global examples: 32768 | Avg Loss (last 1024 ex): 2.2430
2026-07-26 03:30:26,082 - INFO: [exp5_dropout0] Epoch 1/20 | Global examples: 33792 | Avg Loss (last 1024 ex): 2.1571
2026-07-26 03:30:35,108 - INFO: [exp5_dropout0] Epoch 1/20 | Global examples: 34816 | Avg Loss (last 1024 ex): 2.1126
2026-07-26 03:30:44,442 - INFO: [exp5_dropout0] Epoch 1/20 | Global examples: 35840 | Avg Loss (last 1024 ex): 2.0536
2026-07-26 03:30:53,979 - INFO: [exp5_dropout0] Epoch 1/20 | Global examples: 36864 | Avg Loss (last 1024 ex): 2.0283
2026-07-26 03:31:03,105 - INFO: [exp5_dropout0] Epoch 1/20 | Global examples: 37888 | Avg Loss (last 1024 ex): 2.0145
2026-07-26 03:31:12,630 - INFO: [exp5_dropout0] Epoch 1/20 | Global examples: 38912 | Avg Loss (last 1024 ex): 1.9814
2026-07-26 03:31:22,211 - INFO: [exp5_dropout0] Epoch 1/20 | Global examples: 39936 | Avg Loss (last 1024 ex): 1.8852
2026-07-26 03:31:31,034 - INFO: [exp5_dropout0] Epoch 1/20 | Global examples: 40960 | Avg Loss (last 1024 ex): 1.8790
2026-07-26 03:31:40,424 - INFO: [exp5_dropout0] Epoch 1/20 | Global examples: 41984 | Avg Loss (last 1024 ex): 1.8646
2026-07-26 03:31:49,676 - INFO: [exp5_dropout0] Epoch 1/20 | Global examples: 43008 | Avg Loss (last 1024 ex): 1.7753
2026-07-26 03:31:59,442 - INFO: [exp5_dropout0] Epoch 1/20 | Global examples: 44032 | Avg Loss (last 1024 ex): 1.7391
2026-07-26 03:32:08,874 - INFO: [exp5_dropout0] Epoch 1/20 | Global examples: 45056 | Avg Loss (last 1024 ex): 1.6987
2026-07-26 03:32:17,588 - INFO: [exp5_dropout0] Epoch 1/20 | Global examples: 46080 | Avg Loss (last 1024 ex): 1.6377
2026-07-26 03:32:26,847 - INFO: [exp5_dropout0] Epoch 1/20 | Global examples: 47104 | Avg Loss (last 1024 ex): 1.6137
2026-07-26 03:32:36,260 - INFO: [exp5_dropout0] Epoch 1/20 | Global examples: 48128 | Avg Loss (last 1024 ex): 1.5966
2026-07-26 03:32:45,377 - INFO: [exp5_dropout0] Epoch 1/20 | Global examples: 49152 | Avg Loss (last 1024 ex): 1.5783
2026-07-26 03:32:54,873 - INFO: [exp5_dropout0] Epoch 1/20 | Global examples: 50176 | Avg Loss (last 1024 ex): 1.5466
2026-07-26 03:33:03,934 - INFO: [exp5_dropout0] Epoch 1/20 | Global examples: 51200 | Avg Loss (last 1024 ex): 1.4899
2026-07-26 03:33:13,314 - INFO: [exp5_dropout0] Epoch 1/20 | Global examples: 52224 | Avg Loss (last 1024 ex): 1.5178
2026-07-26 03:33:24,046 - INFO: [exp5_dropout0] Epoch 1/20 | Global examples: 53248 | Avg Loss (last 1024 ex): 1.4604
2026-07-26 03:33:34,314 - INFO: [exp5_dropout0] Epoch 1/20 | Global examples: 54272 | Avg Loss (last 1024 ex): 1.4364
2026-07-26 03:33:45,420 - INFO: [exp5_dropout0] Epoch 1/20 | Global examples: 55296 | Avg Loss (last 1024 ex): 1.3779
2026-07-26 03:33:56,025 - INFO: [exp5_dropout0] Epoch 1/20 | Global examples: 56320 | Avg Loss (last 1024 ex): 1.3663
2026-07-26 03:34:05,268 - INFO: [exp5_dropout0] Epoch 1/20 | Global examples: 57344 | Avg Loss (last 1024 ex): 1.3015
2026-07-26 03:34:14,583 - INFO: [exp5_dropout0] Epoch 1/20 | Global examples: 58368 | Avg Loss (last 1024 ex): 1.3328
2026-07-26 03:34:15,440 - INFO: [exp5_dropout0] Epoch 1/20 | Global examples: 58464 | Avg Loss (last 96 ex): 1.2008
2026-07-26 03:34:17,918 - INFO: [exp5_dropout0] Epoch 1 Val | Examples: 1024 | Avg Loss (last 1024 ex): 1.2877
2026-07-26 03:34:20,276 - INFO: [exp5_dropout0] Epoch 1 Val | Examples: 2048 | Avg Loss (last 1024 ex): 1.2467
2026-07-26 03:34:23,331 - INFO: [exp5_dropout0] Epoch 1 Val | Examples: 3072 | Avg Loss (last 1024 ex): 1.3186
2026-07-26 03:34:25,715 - INFO: [exp5_dropout0] Epoch 1 Val | Examples: 4096 | Avg Loss (last 1024 ex): 1.3025
2026-07-26 03:34:28,046 - INFO: [exp5_dropout0] Epoch 1 Val | Examples: 5120 | Avg Loss (last 1024 ex): 1.2649
2026-07-26 03:34:28,047 - INFO: [exp5_dropout0] === Epoch 1 done | Train Loss: 3.0175 | Val Loss: 1.2841 | Time: 537.3s ===
2026-07-26 03:34:28,109 - INFO: [exp5_dropout0] Model saved to C:/PythonProject/English2French/model/exp5_dropout0_epoch1.pth
2026-07-26 03:34:38,380 - INFO: [exp5_dropout0] Epoch 2/20 | Global examples: 59488 | Avg Loss (last 1024 ex): 1.1967
2026-07-26 03:34:47,408 - INFO: [exp5_dropout0] Epoch 2/20 | Global examples: 60512 | Avg Loss (last 1024 ex): 1.2081
2026-07-26 03:34:56,696 - INFO: [exp5_dropout0] Epoch 2/20 | Global examples: 61536 | Avg Loss (last 1024 ex): 1.1492
2026-07-26 03:35:05,855 - INFO: [exp5_dropout0] Epoch 2/20 | Global examples: 62560 | Avg Loss (last 1024 ex): 1.2061
2026-07-26 03:35:15,246 - INFO: [exp5_dropout0] Epoch 2/20 | Global examples: 63584 | Avg Loss (last 1024 ex): 1.0811
2026-07-26 03:35:24,826 - INFO: [exp5_dropout0] Epoch 2/20 | Global examples: 64608 | Avg Loss (last 1024 ex): 1.1440
2026-07-26 03:35:33,967 - INFO: [exp5_dropout0] Epoch 2/20 | Global examples: 65632 | Avg Loss (last 1024 ex): 1.0990
2026-07-26 03:35:43,585 - INFO: [exp5_dropout0] Epoch 2/20 | Global examples: 66656 | Avg Loss (last 1024 ex): 1.0572
2026-07-26 03:35:53,187 - INFO: [exp5_dropout0] Epoch 2/20 | Global examples: 67680 | Avg Loss (last 1024 ex): 1.0885
2026-07-26 03:36:02,264 - INFO: [exp5_dropout0] Epoch 2/20 | Global examples: 68704 | Avg Loss (last 1024 ex): 1.0435
2026-07-26 03:36:11,997 - INFO: [exp5_dropout0] Epoch 2/20 | Global examples: 69728 | Avg Loss (last 1024 ex): 1.0538
2026-07-26 03:36:21,248 - INFO: [exp5_dropout0] Epoch 2/20 | Global examples: 70752 | Avg Loss (last 1024 ex): 1.0221
2026-07-26 03:36:30,861 - INFO: [exp5_dropout0] Epoch 2/20 | Global examples: 71776 | Avg Loss (last 1024 ex): 0.9748
2026-07-26 03:36:40,331 - INFO: [exp5_dropout0] Epoch 2/20 | Global examples: 72800 | Avg Loss (last 1024 ex): 0.9841
2026-07-26 03:36:49,094 - INFO: [exp5_dropout0] Epoch 2/20 | Global examples: 73824 | Avg Loss (last 1024 ex): 0.9825
2026-07-26 03:36:58,730 - INFO: [exp5_dropout0] Epoch 2/20 | Global examples: 74848 | Avg Loss (last 1024 ex): 0.9716
2026-07-26 03:37:08,919 - INFO: [exp5_dropout0] Epoch 2/20 | Global examples: 75872 | Avg Loss (last 1024 ex): 0.9211
2026-07-26 03:37:18,049 - INFO: [exp5_dropout0] Epoch 2/20 | Global examples: 76896 | Avg Loss (last 1024 ex): 0.9186
2026-07-26 03:37:27,500 - INFO: [exp5_dropout0] Epoch 2/20 | Global examples: 77920 | Avg Loss (last 1024 ex): 0.9154
2026-07-26 03:37:36,374 - INFO: [exp5_dropout0] Epoch 2/20 | Global examples: 78944 | Avg Loss (last 1024 ex): 0.8654
2026-07-26 03:37:45,356 - INFO: [exp5_dropout0] Epoch 2/20 | Global examples: 79968 | Avg Loss (last 1024 ex): 0.8538
2026-07-26 03:37:54,938 - INFO: [exp5_dropout0] Epoch 2/20 | Global examples: 80992 | Avg Loss (last 1024 ex): 0.8711
2026-07-26 03:38:04,127 - INFO: [exp5_dropout0] Epoch 2/20 | Global examples: 82016 | Avg Loss (last 1024 ex): 0.8702
2026-07-26 03:38:13,492 - INFO: [exp5_dropout0] Epoch 2/20 | Global examples: 83040 | Avg Loss (last 1024 ex): 0.8502
2026-07-26 03:38:22,778 - INFO: [exp5_dropout0] Epoch 2/20 | Global examples: 84064 | Avg Loss (last 1024 ex): 0.8603
2026-07-26 03:38:31,904 - INFO: [exp5_dropout0] Epoch 2/20 | Global examples: 85088 | Avg Loss (last 1024 ex): 0.8431
2026-07-26 03:38:41,549 - INFO: [exp5_dropout0] Epoch 2/20 | Global examples: 86112 | Avg Loss (last 1024 ex): 0.8344
2026-07-26 03:38:50,497 - INFO: [exp5_dropout0] Epoch 2/20 | Global examples: 87136 | Avg Loss (last 1024 ex): 0.8281
2026-07-26 03:39:00,143 - INFO: [exp5_dropout0] Epoch 2/20 | Global examples: 88160 | Avg Loss (last 1024 ex): 0.7812
2026-07-26 03:39:09,514 - INFO: [exp5_dropout0] Epoch 2/20 | Global examples: 89184 | Avg Loss (last 1024 ex): 0.7453
2026-07-26 03:39:18,387 - INFO: [exp5_dropout0] Epoch 2/20 | Global examples: 90208 | Avg Loss (last 1024 ex): 0.7571
2026-07-26 03:39:28,127 - INFO: [exp5_dropout0] Epoch 2/20 | Global examples: 91232 | Avg Loss (last 1024 ex): 0.7804
2026-07-26 03:39:37,636 - INFO: [exp5_dropout0] Epoch 2/20 | Global examples: 92256 | Avg Loss (last 1024 ex): 0.7493
2026-07-26 03:39:46,881 - INFO: [exp5_dropout0] Epoch 2/20 | Global examples: 93280 | Avg Loss (last 1024 ex): 0.7369
2026-07-26 03:39:56,639 - INFO: [exp5_dropout0] Epoch 2/20 | Global examples: 94304 | Avg Loss (last 1024 ex): 0.7211
2026-07-26 03:40:05,614 - INFO: [exp5_dropout0] Epoch 2/20 | Global examples: 95328 | Avg Loss (last 1024 ex): 0.7697
2026-07-26 03:40:15,340 - INFO: [exp5_dropout0] Epoch 2/20 | Global examples: 96352 | Avg Loss (last 1024 ex): 0.7623
2026-07-26 03:40:25,410 - INFO: [exp5_dropout0] Epoch 2/20 | Global examples: 97376 | Avg Loss (last 1024 ex): 0.7027
2026-07-26 03:40:34,514 - INFO: [exp5_dropout0] Epoch 2/20 | Global examples: 98400 | Avg Loss (last 1024 ex): 0.7117
2026-07-26 03:40:44,106 - INFO: [exp5_dropout0] Epoch 2/20 | Global examples: 99424 | Avg Loss (last 1024 ex): 0.7095
2026-07-26 03:40:53,693 - INFO: [exp5_dropout0] Epoch 2/20 | Global examples: 100448 | Avg Loss (last 1024 ex): 0.7400
2026-07-26 03:41:02,457 - INFO: [exp5_dropout0] Epoch 2/20 | Global examples: 101472 | Avg Loss (last 1024 ex): 0.7327
2026-07-26 03:41:11,394 - INFO: [exp5_dropout0] Epoch 2/20 | Global examples: 102496 | Avg Loss (last 1024 ex): 0.7172
2026-07-26 03:41:20,260 - INFO: [exp5_dropout0] Epoch 2/20 | Global examples: 103520 | Avg Loss (last 1024 ex): 0.6948
2026-07-26 03:41:29,475 - INFO: [exp5_dropout0] Epoch 2/20 | Global examples: 104544 | Avg Loss (last 1024 ex): 0.6920
2026-07-26 03:41:38,540 - INFO: [exp5_dropout0] Epoch 2/20 | Global examples: 105568 | Avg Loss (last 1024 ex): 0.6892
2026-07-26 03:41:47,344 - INFO: [exp5_dropout0] Epoch 2/20 | Global examples: 106592 | Avg Loss (last 1024 ex): 0.6602
2026-07-26 03:41:56,542 - INFO: [exp5_dropout0] Epoch 2/20 | Global examples: 107616 | Avg Loss (last 1024 ex): 0.6949
2026-07-26 03:42:05,137 - INFO: [exp5_dropout0] Epoch 2/20 | Global examples: 108640 | Avg Loss (last 1024 ex): 0.6756
2026-07-26 03:42:14,021 - INFO: [exp5_dropout0] Epoch 2/20 | Global examples: 109664 | Avg Loss (last 1024 ex): 0.6514
2026-07-26 03:42:23,087 - INFO: [exp5_dropout0] Epoch 2/20 | Global examples: 110688 | Avg Loss (last 1024 ex): 0.6471
2026-07-26 03:42:32,018 - INFO: [exp5_dropout0] Epoch 2/20 | Global examples: 111712 | Avg Loss (last 1024 ex): 0.6710
2026-07-26 03:42:41,037 - INFO: [exp5_dropout0] Epoch 2/20 | Global examples: 112736 | Avg Loss (last 1024 ex): 0.6406
2026-07-26 03:42:49,549 - INFO: [exp5_dropout0] Epoch 2/20 | Global examples: 113760 | Avg Loss (last 1024 ex): 0.6445
2026-07-26 03:42:58,942 - INFO: [exp5_dropout0] Epoch 2/20 | Global examples: 114784 | Avg Loss (last 1024 ex): 0.6630
2026-07-26 03:43:07,705 - INFO: [exp5_dropout0] Epoch 2/20 | Global examples: 115808 | Avg Loss (last 1024 ex): 0.6527
2026-07-26 03:43:16,826 - INFO: [exp5_dropout0] Epoch 2/20 | Global examples: 116832 | Avg Loss (last 1024 ex): 0.6565
2026-07-26 03:43:17,638 - INFO: [exp5_dropout0] Epoch 2/20 | Global examples: 116928 | Avg Loss (last 96 ex): 0.5193
2026-07-26 03:43:19,963 - INFO: [exp5_dropout0] Epoch 2 Val | Examples: 1024 | Avg Loss (last 1024 ex): 0.6610
2026-07-26 03:43:22,184 - INFO: [exp5_dropout0] Epoch 2 Val | Examples: 2048 | Avg Loss (last 1024 ex): 0.6160
2026-07-26 03:43:25,025 - INFO: [exp5_dropout0] Epoch 2 Val | Examples: 3072 | Avg Loss (last 1024 ex): 0.6552
2026-07-26 03:43:27,233 - INFO: [exp5_dropout0] Epoch 2 Val | Examples: 4096 | Avg Loss (last 1024 ex): 0.6493
2026-07-26 03:43:29,393 - INFO: [exp5_dropout0] Epoch 2 Val | Examples: 5120 | Avg Loss (last 1024 ex): 0.6250
2026-07-26 03:43:29,393 - INFO: [exp5_dropout0] === Epoch 2 done | Train Loss: 0.8441 | Val Loss: 0.6413 | Time: 529.5s ===
2026-07-26 03:43:29,454 - INFO: [exp5_dropout0] Model saved to C:/PythonProject/English2French/model/exp5_dropout0_epoch2.pth
2026-07-26 03:43:37,965 - INFO: [exp5_dropout0] Epoch 3/20 | Global examples: 117952 | Avg Loss (last 1024 ex): 0.5414
2026-07-26 03:43:47,524 - INFO: [exp5_dropout0] Epoch 3/20 | Global examples: 118976 | Avg Loss (last 1024 ex): 0.5871
2026-07-26 03:43:56,651 - INFO: [exp5_dropout0] Epoch 3/20 | Global examples: 120000 | Avg Loss (last 1024 ex): 0.5605
2026-07-26 03:44:05,390 - INFO: [exp5_dropout0] Epoch 3/20 | Global examples: 121024 | Avg Loss (last 1024 ex): 0.5999
2026-07-26 03:44:14,617 - INFO: [exp5_dropout0] Epoch 3/20 | Global examples: 122048 | Avg Loss (last 1024 ex): 0.5932
2026-07-26 03:44:23,617 - INFO: [exp5_dropout0] Epoch 3/20 | Global examples: 123072 | Avg Loss (last 1024 ex): 0.5941
2026-07-26 03:44:32,410 - INFO: [exp5_dropout0] Epoch 3/20 | Global examples: 124096 | Avg Loss (last 1024 ex): 0.5668
2026-07-26 03:44:41,776 - INFO: [exp5_dropout0] Epoch 3/20 | Global examples: 125120 | Avg Loss (last 1024 ex): 0.5681
2026-07-26 03:44:50,379 - INFO: [exp5_dropout0] Epoch 3/20 | Global examples: 126144 | Avg Loss (last 1024 ex): 0.6052
2026-07-26 03:44:59,562 - INFO: [exp5_dropout0] Epoch 3/20 | Global examples: 127168 | Avg Loss (last 1024 ex): 0.5668
2026-07-26 03:45:08,507 - INFO: [exp5_dropout0] Epoch 3/20 | Global examples: 128192 | Avg Loss (last 1024 ex): 0.5487
2026-07-26 03:45:17,106 - INFO: [exp5_dropout0] Epoch 3/20 | Global examples: 129216 | Avg Loss (last 1024 ex): 0.6125
2026-07-26 03:45:26,094 - INFO: [exp5_dropout0] Epoch 3/20 | Global examples: 130240 | Avg Loss (last 1024 ex): 0.5950
2026-07-26 03:45:34,845 - INFO: [exp5_dropout0] Epoch 3/20 | Global examples: 131264 | Avg Loss (last 1024 ex): 0.5328
2026-07-26 03:45:44,057 - INFO: [exp5_dropout0] Epoch 3/20 | Global examples: 132288 | Avg Loss (last 1024 ex): 0.5390
2026-07-26 03:45:52,734 - INFO: [exp5_dropout0] Epoch 3/20 | Global examples: 133312 | Avg Loss (last 1024 ex): 0.5958
2026-07-26 03:46:01,644 - INFO: [exp5_dropout0] Epoch 3/20 | Global examples: 134336 | Avg Loss (last 1024 ex): 0.6308
2026-07-26 03:46:10,820 - INFO: [exp5_dropout0] Epoch 3/20 | Global examples: 135360 | Avg Loss (last 1024 ex): 0.5585
2026-07-26 03:46:19,484 - INFO: [exp5_dropout0] Epoch 3/20 | Global examples: 136384 | Avg Loss (last 1024 ex): 0.5631
2026-07-26 03:46:28,545 - INFO: [exp5_dropout0] Epoch 3/20 | Global examples: 137408 | Avg Loss (last 1024 ex): 0.5290
2026-07-26 03:46:37,376 - INFO: [exp5_dropout0] Epoch 3/20 | Global examples: 138432 | Avg Loss (last 1024 ex): 0.5253
2026-07-26 03:46:46,644 - INFO: [exp5_dropout0] Epoch 3/20 | Global examples: 139456 | Avg Loss (last 1024 ex): 0.5201
2026-07-26 03:46:55,701 - INFO: [exp5_dropout0] Epoch 3/20 | Global examples: 140480 | Avg Loss (last 1024 ex): 0.5419
2026-07-26 03:47:04,254 - INFO: [exp5_dropout0] Epoch 3/20 | Global examples: 141504 | Avg Loss (last 1024 ex): 0.5433
2026-07-26 03:47:13,643 - INFO: [exp5_dropout0] Epoch 3/20 | Global examples: 142528 | Avg Loss (last 1024 ex): 0.5353
2026-07-26 03:47:22,410 - INFO: [exp5_dropout0] Epoch 3/20 | Global examples: 143552 | Avg Loss (last 1024 ex): 0.5342
2026-07-26 03:47:31,457 - INFO: [exp5_dropout0] Epoch 3/20 | Global examples: 144576 | Avg Loss (last 1024 ex): 0.5116
2026-07-26 03:47:40,804 - INFO: [exp5_dropout0] Epoch 3/20 | Global examples: 145600 | Avg Loss (last 1024 ex): 0.5097
2026-07-26 03:47:49,478 - INFO: [exp5_dropout0] Epoch 3/20 | Global examples: 146624 | Avg Loss (last 1024 ex): 0.5163
2026-07-26 03:47:58,426 - INFO: [exp5_dropout0] Epoch 3/20 | Global examples: 147648 | Avg Loss (last 1024 ex): 0.4834
2026-07-26 03:48:06,956 - INFO: [exp5_dropout0] Epoch 3/20 | Global examples: 148672 | Avg Loss (last 1024 ex): 0.5056
2026-07-26 03:48:16,362 - INFO: [exp5_dropout0] Epoch 3/20 | Global examples: 149696 | Avg Loss (last 1024 ex): 0.5012
2026-07-26 03:48:25,435 - INFO: [exp5_dropout0] Epoch 3/20 | Global examples: 150720 | Avg Loss (last 1024 ex): 0.4994
2026-07-26 03:48:34,167 - INFO: [exp5_dropout0] Epoch 3/20 | Global examples: 151744 | Avg Loss (last 1024 ex): 0.4859
2026-07-26 03:48:43,313 - INFO: [exp5_dropout0] Epoch 3/20 | Global examples: 152768 | Avg Loss (last 1024 ex): 0.4729
2026-07-26 03:48:52,097 - INFO: [exp5_dropout0] Epoch 3/20 | Global examples: 153792 | Avg Loss (last 1024 ex): 0.4670
2026-07-26 03:49:01,283 - INFO: [exp5_dropout0] Epoch 3/20 | Global examples: 154816 | Avg Loss (last 1024 ex): 0.4620
2026-07-26 03:49:10,651 - INFO: [exp5_dropout0] Epoch 3/20 | Global examples: 155840 | Avg Loss (last 1024 ex): 0.4393
2026-07-26 03:49:19,467 - INFO: [exp5_dropout0] Epoch 3/20 | Global examples: 156864 | Avg Loss (last 1024 ex): 0.4711
2026-07-26 03:49:28,517 - INFO: [exp5_dropout0] Epoch 3/20 | Global examples: 157888 | Avg Loss (last 1024 ex): 0.4732
2026-07-26 03:49:37,034 - INFO: [exp5_dropout0] Epoch 3/20 | Global examples: 158912 | Avg Loss (last 1024 ex): 0.4470
2026-07-26 03:49:46,201 - INFO: [exp5_dropout0] Epoch 3/20 | Global examples: 159936 | Avg Loss (last 1024 ex): 0.4784
2026-07-26 03:49:55,366 - INFO: [exp5_dropout0] Epoch 3/20 | Global examples: 160960 | Avg Loss (last 1024 ex): 0.4311
2026-07-26 03:50:04,233 - INFO: [exp5_dropout0] Epoch 3/20 | Global examples: 161984 | Avg Loss (last 1024 ex): 0.4543
2026-07-26 03:50:13,585 - INFO: [exp5_dropout0] Epoch 3/20 | Global examples: 163008 | Avg Loss (last 1024 ex): 0.4337
2026-07-26 03:50:22,359 - INFO: [exp5_dropout0] Epoch 3/20 | Global examples: 164032 | Avg Loss (last 1024 ex): 0.4385
2026-07-26 03:50:31,507 - INFO: [exp5_dropout0] Epoch 3/20 | Global examples: 165056 | Avg Loss (last 1024 ex): 0.4265
2026-07-26 03:50:40,860 - INFO: [exp5_dropout0] Epoch 3/20 | Global examples: 166080 | Avg Loss (last 1024 ex): 0.4171
2026-07-26 03:50:49,731 - INFO: [exp5_dropout0] Epoch 3/20 | Global examples: 167104 | Avg Loss (last 1024 ex): 0.4287
2026-07-26 03:50:59,003 - INFO: [exp5_dropout0] Epoch 3/20 | Global examples: 168128 | Avg Loss (last 1024 ex): 0.4297
2026-07-26 03:51:07,733 - INFO: [exp5_dropout0] Epoch 3/20 | Global examples: 169152 | Avg Loss (last 1024 ex): 0.4516
2026-07-26 03:51:17,131 - INFO: [exp5_dropout0] Epoch 3/20 | Global examples: 170176 | Avg Loss (last 1024 ex): 0.4206
2026-07-26 03:51:26,263 - INFO: [exp5_dropout0] Epoch 3/20 | Global examples: 171200 | Avg Loss (last 1024 ex): 0.4039
2026-07-26 03:51:35,259 - INFO: [exp5_dropout0] Epoch 3/20 | Global examples: 172224 | Avg Loss (last 1024 ex): 0.3930
2026-07-26 03:51:44,736 - INFO: [exp5_dropout0] Epoch 3/20 | Global examples: 173248 | Avg Loss (last 1024 ex): 0.4128
2026-07-26 03:51:53,648 - INFO: [exp5_dropout0] Epoch 3/20 | Global examples: 174272 | Avg Loss (last 1024 ex): 0.4194
2026-07-26 03:52:02,928 - INFO: [exp5_dropout0] Epoch 3/20 | Global examples: 175296 | Avg Loss (last 1024 ex): 0.3803
2026-07-26 03:52:03,785 - INFO: [exp5_dropout0] Epoch 3/20 | Global examples: 175392 | Avg Loss (last 96 ex): 0.4309
2026-07-26 03:52:06,054 - INFO: [exp5_dropout0] Epoch 3 Val | Examples: 1024 | Avg Loss (last 1024 ex): 0.4017
2026-07-26 03:52:08,222 - INFO: [exp5_dropout0] Epoch 3 Val | Examples: 2048 | Avg Loss (last 1024 ex): 0.3755
2026-07-26 03:52:11,083 - INFO: [exp5_dropout0] Epoch 3 Val | Examples: 3072 | Avg Loss (last 1024 ex): 0.4043
2026-07-26 03:52:13,350 - INFO: [exp5_dropout0] Epoch 3 Val | Examples: 4096 | Avg Loss (last 1024 ex): 0.4111
2026-07-26 03:52:15,601 - INFO: [exp5_dropout0] Epoch 3 Val | Examples: 5120 | Avg Loss (last 1024 ex): 0.3985
2026-07-26 03:52:15,601 - INFO: [exp5_dropout0] === Epoch 3 done | Train Loss: 0.5043 | Val Loss: 0.3982 | Time: 514.3s ===
2026-07-26 03:52:15,664 - INFO: [exp5_dropout0] Model saved to C:/PythonProject/English2French/model/exp5_dropout0_epoch3.pth
2026-07-26 03:52:24,749 - INFO: [exp5_dropout0] Epoch 4/20 | Global examples: 176416 | Avg Loss (last 1024 ex): 0.3505
2026-07-26 03:52:34,450 - INFO: [exp5_dropout0] Epoch 4/20 | Global examples: 177440 | Avg Loss (last 1024 ex): 0.3363
2026-07-26 03:52:43,748 - INFO: [exp5_dropout0] Epoch 4/20 | Global examples: 178464 | Avg Loss (last 1024 ex): 0.3529
2026-07-26 03:52:52,654 - INFO: [exp5_dropout0] Epoch 4/20 | Global examples: 179488 | Avg Loss (last 1024 ex): 0.3767
2026-07-26 03:53:02,252 - INFO: [exp5_dropout0] Epoch 4/20 | Global examples: 180512 | Avg Loss (last 1024 ex): 0.3759
2026-07-26 03:53:11,551 - INFO: [exp5_dropout0] Epoch 4/20 | Global examples: 181536 | Avg Loss (last 1024 ex): 0.3652
2026-07-26 03:53:20,387 - INFO: [exp5_dropout0] Epoch 4/20 | Global examples: 182560 | Avg Loss (last 1024 ex): 0.3561
2026-07-26 03:53:29,937 - INFO: [exp5_dropout0] Epoch 4/20 | Global examples: 183584 | Avg Loss (last 1024 ex): 0.3815
2026-07-26 03:53:38,791 - INFO: [exp5_dropout0] Epoch 4/20 | Global examples: 184608 | Avg Loss (last 1024 ex): 0.3473
2026-07-26 03:53:48,101 - INFO: [exp5_dropout0] Epoch 4/20 | Global examples: 185632 | Avg Loss (last 1024 ex): 0.3565
2026-07-26 03:53:57,246 - INFO: [exp5_dropout0] Epoch 4/20 | Global examples: 186656 | Avg Loss (last 1024 ex): 0.3713
2026-07-26 03:54:06,028 - INFO: [exp5_dropout0] Epoch 4/20 | Global examples: 187680 | Avg Loss (last 1024 ex): 0.3316
2026-07-26 03:54:15,449 - INFO: [exp5_dropout0] Epoch 4/20 | Global examples: 188704 | Avg Loss (last 1024 ex): 0.3621
2026-07-26 03:54:24,284 - INFO: [exp5_dropout0] Epoch 4/20 | Global examples: 189728 | Avg Loss (last 1024 ex): 0.3479
2026-07-26 03:54:33,885 - INFO: [exp5_dropout0] Epoch 4/20 | Global examples: 190752 | Avg Loss (last 1024 ex): 0.3504
2026-07-26 03:54:43,179 - INFO: [exp5_dropout0] Epoch 4/20 | Global examples: 191776 | Avg Loss (last 1024 ex): 0.3592
2026-07-26 03:54:52,105 - INFO: [exp5_dropout0] Epoch 4/20 | Global examples: 192800 | Avg Loss (last 1024 ex): 0.3563
2026-07-26 03:55:01,568 - INFO: [exp5_dropout0] Epoch 4/20 | Global examples: 193824 | Avg Loss (last 1024 ex): 0.3525
2026-07-26 03:55:10,961 - INFO: [exp5_dropout0] Epoch 4/20 | Global examples: 194848 | Avg Loss (last 1024 ex): 0.3540
2026-07-26 03:55:20,034 - INFO: [exp5_dropout0] Epoch 4/20 | Global examples: 195872 | Avg Loss (last 1024 ex): 0.3543
2026-07-26 03:55:29,556 - INFO: [exp5_dropout0] Epoch 4/20 | Global examples: 196896 | Avg Loss (last 1024 ex): 0.3475
2026-07-26 03:55:38,313 - INFO: [exp5_dropout0] Epoch 4/20 | Global examples: 197920 | Avg Loss (last 1024 ex): 0.3389
2026-07-26 03:55:47,741 - INFO: [exp5_dropout0] Epoch 4/20 | Global examples: 198944 | Avg Loss (last 1024 ex): 0.3403
2026-07-26 03:55:57,356 - INFO: [exp5_dropout0] Epoch 4/20 | Global examples: 199968 | Avg Loss (last 1024 ex): 0.3571
2026-07-26 03:56:06,429 - INFO: [exp5_dropout0] Epoch 4/20 | Global examples: 200992 | Avg Loss (last 1024 ex): 0.3355
2026-07-26 03:56:15,785 - INFO: [exp5_dropout0] Epoch 4/20 | Global examples: 202016 | Avg Loss (last 1024 ex): 0.3387
2026-07-26 03:56:24,532 - INFO: [exp5_dropout0] Epoch 4/20 | Global examples: 203040 | Avg Loss (last 1024 ex): 0.3364
2026-07-26 03:56:34,042 - INFO: [exp5_dropout0] Epoch 4/20 | Global examples: 204064 | Avg Loss (last 1024 ex): 0.3296
2026-07-26 03:56:43,481 - INFO: [exp5_dropout0] Epoch 4/20 | Global examples: 205088 | Avg Loss (last 1024 ex): 0.3422
2026-07-26 03:56:52,620 - INFO: [exp5_dropout0] Epoch 4/20 | Global examples: 206112 | Avg Loss (last 1024 ex): 0.3354
2026-07-26 03:57:02,256 - INFO: [exp5_dropout0] Epoch 4/20 | Global examples: 207136 | Avg Loss (last 1024 ex): 0.3765
2026-07-26 03:57:11,817 - INFO: [exp5_dropout0] Epoch 4/20 | Global examples: 208160 | Avg Loss (last 1024 ex): 0.3246
2026-07-26 03:57:20,899 - INFO: [exp5_dropout0] Epoch 4/20 | Global examples: 209184 | Avg Loss (last 1024 ex): 0.3546
2026-07-26 03:57:30,459 - INFO: [exp5_dropout0] Epoch 4/20 | Global examples: 210208 | Avg Loss (last 1024 ex): 0.3476
2026-07-26 03:57:39,537 - INFO: [exp5_dropout0] Epoch 4/20 | Global examples: 211232 | Avg Loss (last 1024 ex): 0.3249
2026-07-26 03:57:48,971 - INFO: [exp5_dropout0] Epoch 4/20 | Global examples: 212256 | Avg Loss (last 1024 ex): 0.3437
2026-07-26 03:57:58,737 - INFO: [exp5_dropout0] Epoch 4/20 | Global examples: 213280 | Avg Loss (last 1024 ex): 0.3441
2026-07-26 03:58:07,818 - INFO: [exp5_dropout0] Epoch 4/20 | Global examples: 214304 | Avg Loss (last 1024 ex): 0.3268
2026-07-26 03:58:17,216 - INFO: [exp5_dropout0] Epoch 4/20 | Global examples: 215328 | Avg Loss (last 1024 ex): 0.3232
2026-07-26 03:58:26,767 - INFO: [exp5_dropout0] Epoch 4/20 | Global examples: 216352 | Avg Loss (last 1024 ex): 0.3291
2026-07-26 03:58:35,838 - INFO: [exp5_dropout0] Epoch 4/20 | Global examples: 217376 | Avg Loss (last 1024 ex): 0.3174
2026-07-26 03:58:45,268 - INFO: [exp5_dropout0] Epoch 4/20 | Global examples: 218400 | Avg Loss (last 1024 ex): 0.3098
2026-07-26 03:58:54,656 - INFO: [exp5_dropout0] Epoch 4/20 | Global examples: 219424 | Avg Loss (last 1024 ex): 0.3216
2026-07-26 03:59:04,337 - INFO: [exp5_dropout0] Epoch 4/20 | Global examples: 220448 | Avg Loss (last 1024 ex): 0.3282
2026-07-26 03:59:13,747 - INFO: [exp5_dropout0] Epoch 4/20 | Global examples: 221472 | Avg Loss (last 1024 ex): 0.3334
2026-07-26 03:59:22,753 - INFO: [exp5_dropout0] Epoch 4/20 | Global examples: 222496 | Avg Loss (last 1024 ex): 0.3464
2026-07-26 03:59:32,602 - INFO: [exp5_dropout0] Epoch 4/20 | Global examples: 223520 | Avg Loss (last 1024 ex): 0.3205
2026-07-26 03:59:42,311 - INFO: [exp5_dropout0] Epoch 4/20 | Global examples: 224544 | Avg Loss (last 1024 ex): 0.3141
2026-07-26 03:59:51,406 - INFO: [exp5_dropout0] Epoch 4/20 | Global examples: 225568 | Avg Loss (last 1024 ex): 0.3219
2026-07-26 04:00:01,015 - INFO: [exp5_dropout0] Epoch 4/20 | Global examples: 226592 | Avg Loss (last 1024 ex): 0.3270
2026-07-26 04:00:10,181 - INFO: [exp5_dropout0] Epoch 4/20 | Global examples: 227616 | Avg Loss (last 1024 ex): 0.2954
2026-07-26 04:00:19,696 - INFO: [exp5_dropout0] Epoch 4/20 | Global examples: 228640 | Avg Loss (last 1024 ex): 0.3014
2026-07-26 04:00:29,585 - INFO: [exp5_dropout0] Epoch 4/20 | Global examples: 229664 | Avg Loss (last 1024 ex): 0.3145
2026-07-26 04:00:38,872 - INFO: [exp5_dropout0] Epoch 4/20 | Global examples: 230688 | Avg Loss (last 1024 ex): 0.3003
2026-07-26 04:00:48,214 - INFO: [exp5_dropout0] Epoch 4/20 | Global examples: 231712 | Avg Loss (last 1024 ex): 0.3247
2026-07-26 04:00:58,046 - INFO: [exp5_dropout0] Epoch 4/20 | Global examples: 232736 | Avg Loss (last 1024 ex): 0.3125
2026-07-26 04:01:07,466 - INFO: [exp5_dropout0] Epoch 4/20 | Global examples: 233760 | Avg Loss (last 1024 ex): 0.2897
2026-07-26 04:01:08,373 - INFO: [exp5_dropout0] Epoch 4/20 | Global examples: 233856 | Avg Loss (last 96 ex): 0.3083
2026-07-26 04:01:10,702 - INFO: [exp5_dropout0] Epoch 4 Val | Examples: 1024 | Avg Loss (last 1024 ex): 0.3204
2026-07-26 04:01:13,385 - INFO: [exp5_dropout0] Epoch 4 Val | Examples: 2048 | Avg Loss (last 1024 ex): 0.2882
2026-07-26 04:01:15,665 - INFO: [exp5_dropout0] Epoch 4 Val | Examples: 3072 | Avg Loss (last 1024 ex): 0.3016
2026-07-26 04:01:17,929 - INFO: [exp5_dropout0] Epoch 4 Val | Examples: 4096 | Avg Loss (last 1024 ex): 0.3117
2026-07-26 04:01:20,242 - INFO: [exp5_dropout0] Epoch 4 Val | Examples: 5120 | Avg Loss (last 1024 ex): 0.3114
2026-07-26 04:01:20,243 - INFO: [exp5_dropout0] === Epoch 4 done | Train Loss: 0.3388 | Val Loss: 0.3067 | Time: 532.7s ===
2026-07-26 04:01:20,381 - INFO: [exp5_dropout0] Model saved to C:/PythonProject/English2French/model/exp5_dropout0_epoch4.pth
2026-07-26 04:01:30,847 - INFO: [exp5_dropout0] Epoch 5/20 | Global examples: 234880 | Avg Loss (last 1024 ex): 0.2731
2026-07-26 04:01:40,094 - INFO: [exp5_dropout0] Epoch 5/20 | Global examples: 235904 | Avg Loss (last 1024 ex): 0.2770
2026-07-26 04:01:49,622 - INFO: [exp5_dropout0] Epoch 5/20 | Global examples: 236928 | Avg Loss (last 1024 ex): 0.2671
2026-07-26 04:01:59,562 - INFO: [exp5_dropout0] Epoch 5/20 | Global examples: 237952 | Avg Loss (last 1024 ex): 0.2626
2026-07-26 04:02:09,091 - INFO: [exp5_dropout0] Epoch 5/20 | Global examples: 238976 | Avg Loss (last 1024 ex): 0.3079
2026-07-26 04:02:18,722 - INFO: [exp5_dropout0] Epoch 5/20 | Global examples: 240000 | Avg Loss (last 1024 ex): 0.2749
2026-07-26 04:02:28,552 - INFO: [exp5_dropout0] Epoch 5/20 | Global examples: 241024 | Avg Loss (last 1024 ex): 0.2840
2026-07-26 04:02:37,733 - INFO: [exp5_dropout0] Epoch 5/20 | Global examples: 242048 | Avg Loss (last 1024 ex): 0.2771
2026-07-26 04:02:47,439 - INFO: [exp5_dropout0] Epoch 5/20 | Global examples: 243072 | Avg Loss (last 1024 ex): 0.2919
2026-07-26 04:02:57,399 - INFO: [exp5_dropout0] Epoch 5/20 | Global examples: 244096 | Avg Loss (last 1024 ex): 0.2804
2026-07-26 04:03:06,721 - INFO: [exp5_dropout0] Epoch 5/20 | Global examples: 245120 | Avg Loss (last 1024 ex): 0.2896
2026-07-26 04:03:16,250 - INFO: [exp5_dropout0] Epoch 5/20 | Global examples: 246144 | Avg Loss (last 1024 ex): 0.2888
2026-07-26 04:03:25,727 - INFO: [exp5_dropout0] Epoch 5/20 | Global examples: 247168 | Avg Loss (last 1024 ex): 0.2716
2026-07-26 04:03:35,684 - INFO: [exp5_dropout0] Epoch 5/20 | Global examples: 248192 | Avg Loss (last 1024 ex): 0.2990
2026-07-26 04:03:45,614 - INFO: [exp5_dropout0] Epoch 5/20 | Global examples: 249216 | Avg Loss (last 1024 ex): 0.2795
2026-07-26 04:03:55,128 - INFO: [exp5_dropout0] Epoch 5/20 | Global examples: 250240 | Avg Loss (last 1024 ex): 0.2906
2026-07-26 04:04:05,158 - INFO: [exp5_dropout0] Epoch 5/20 | Global examples: 251264 | Avg Loss (last 1024 ex): 0.2757
2026-07-26 04:04:14,865 - INFO: [exp5_dropout0] Epoch 5/20 | Global examples: 252288 | Avg Loss (last 1024 ex): 0.2980
2026-07-26 04:04:24,301 - INFO: [exp5_dropout0] Epoch 5/20 | Global examples: 253312 | Avg Loss (last 1024 ex): 0.2971
2026-07-26 04:04:34,470 - INFO: [exp5_dropout0] Epoch 5/20 | Global examples: 254336 | Avg Loss (last 1024 ex): 0.2802
2026-07-26 04:04:44,419 - INFO: [exp5_dropout0] Epoch 5/20 | Global examples: 255360 | Avg Loss (last 1024 ex): 0.2760
2026-07-26 04:04:53,935 - INFO: [exp5_dropout0] Epoch 5/20 | Global examples: 256384 | Avg Loss (last 1024 ex): 0.2847
2026-07-26 04:05:03,835 - INFO: [exp5_dropout0] Epoch 5/20 | Global examples: 257408 | Avg Loss (last 1024 ex): 0.2975
2026-07-26 04:05:13,474 - INFO: [exp5_dropout0] Epoch 5/20 | Global examples: 258432 | Avg Loss (last 1024 ex): 0.3041
2026-07-26 04:05:22,911 - INFO: [exp5_dropout0] Epoch 5/20 | Global examples: 259456 | Avg Loss (last 1024 ex): 0.2725
2026-07-26 04:05:33,001 - INFO: [exp5_dropout0] Epoch 5/20 | Global examples: 260480 | Avg Loss (last 1024 ex): 0.2892
2026-07-26 04:05:42,870 - INFO: [exp5_dropout0] Epoch 5/20 | Global examples: 261504 | Avg Loss (last 1024 ex): 0.2584
2026-07-26 04:05:52,400 - INFO: [exp5_dropout0] Epoch 5/20 | Global examples: 262528 | Avg Loss (last 1024 ex): 0.2538
2026-07-26 04:06:02,224 - INFO: [exp5_dropout0] Epoch 5/20 | Global examples: 263552 | Avg Loss (last 1024 ex): 0.2840
2026-07-26 04:06:11,419 - INFO: [exp5_dropout0] Epoch 5/20 | Global examples: 264576 | Avg Loss (last 1024 ex): 0.2754
2026-07-26 04:06:21,256 - INFO: [exp5_dropout0] Epoch 5/20 | Global examples: 265600 | Avg Loss (last 1024 ex): 0.2634
2026-07-26 04:06:31,207 - INFO: [exp5_dropout0] Epoch 5/20 | Global examples: 266624 | Avg Loss (last 1024 ex): 0.2894
2026-07-26 04:06:40,567 - INFO: [exp5_dropout0] Epoch 5/20 | Global examples: 267648 | Avg Loss (last 1024 ex): 0.2910
2026-07-26 04:06:50,048 - INFO: [exp5_dropout0] Epoch 5/20 | Global examples: 268672 | Avg Loss (last 1024 ex): 0.2684
2026-07-26 04:06:59,784 - INFO: [exp5_dropout0] Epoch 5/20 | Global examples: 269696 | Avg Loss (last 1024 ex): 0.2500
2026-07-26 04:07:09,131 - INFO: [exp5_dropout0] Epoch 5/20 | Global examples: 270720 | Avg Loss (last 1024 ex): 0.2619
2026-07-26 04:07:18,877 - INFO: [exp5_dropout0] Epoch 5/20 | Global examples: 271744 | Avg Loss (last 1024 ex): 0.2719
2026-07-26 04:07:28,885 - INFO: [exp5_dropout0] Epoch 5/20 | Global examples: 272768 | Avg Loss (last 1024 ex): 0.2661
2026-07-26 04:07:38,153 - INFO: [exp5_dropout0] Epoch 5/20 | Global examples: 273792 | Avg Loss (last 1024 ex): 0.2586
2026-07-26 04:07:47,913 - INFO: [exp5_dropout0] Epoch 5/20 | Global examples: 274816 | Avg Loss (last 1024 ex): 0.2712
2026-07-26 04:07:57,283 - INFO: [exp5_dropout0] Epoch 5/20 | Global examples: 275840 | Avg Loss (last 1024 ex): 0.2605
2026-07-26 04:08:07,067 - INFO: [exp5_dropout0] Epoch 5/20 | Global examples: 276864 | Avg Loss (last 1024 ex): 0.2487
2026-07-26 04:08:16,781 - INFO: [exp5_dropout0] Epoch 5/20 | Global examples: 277888 | Avg Loss (last 1024 ex): 0.2740
2026-07-26 04:08:26,266 - INFO: [exp5_dropout0] Epoch 5/20 | Global examples: 278912 | Avg Loss (last 1024 ex): 0.2504
2026-07-26 04:08:36,250 - INFO: [exp5_dropout0] Epoch 5/20 | Global examples: 279936 | Avg Loss (last 1024 ex): 0.2631
2026-07-26 04:08:46,138 - INFO: [exp5_dropout0] Epoch 5/20 | Global examples: 280960 | Avg Loss (last 1024 ex): 0.2743
2026-07-26 04:08:55,447 - INFO: [exp5_dropout0] Epoch 5/20 | Global examples: 281984 | Avg Loss (last 1024 ex): 0.2602
2026-07-26 04:09:05,404 - INFO: [exp5_dropout0] Epoch 5/20 | Global examples: 283008 | Avg Loss (last 1024 ex): 0.2576
2026-07-26 04:09:15,081 - INFO: [exp5_dropout0] Epoch 5/20 | Global examples: 284032 | Avg Loss (last 1024 ex): 0.2695
2026-07-26 04:09:24,545 - INFO: [exp5_dropout0] Epoch 5/20 | Global examples: 285056 | Avg Loss (last 1024 ex): 0.2751
2026-07-26 04:09:34,414 - INFO: [exp5_dropout0] Epoch 5/20 | Global examples: 286080 | Avg Loss (last 1024 ex): 0.2933
2026-07-26 04:09:44,282 - INFO: [exp5_dropout0] Epoch 5/20 | Global examples: 287104 | Avg Loss (last 1024 ex): 0.2729
2026-07-26 04:09:53,711 - INFO: [exp5_dropout0] Epoch 5/20 | Global examples: 288128 | Avg Loss (last 1024 ex): 0.2516
2026-07-26 04:10:03,849 - INFO: [exp5_dropout0] Epoch 5/20 | Global examples: 289152 | Avg Loss (last 1024 ex): 0.2485
2026-07-26 04:10:13,610 - INFO: [exp5_dropout0] Epoch 5/20 | Global examples: 290176 | Avg Loss (last 1024 ex): 0.2404
2026-07-26 04:10:23,155 - INFO: [exp5_dropout0] Epoch 5/20 | Global examples: 291200 | Avg Loss (last 1024 ex): 0.2363
2026-07-26 04:10:33,188 - INFO: [exp5_dropout0] Epoch 5/20 | Global examples: 292224 | Avg Loss (last 1024 ex): 0.2643
2026-07-26 04:10:34,063 - INFO: [exp5_dropout0] Epoch 5/20 | Global examples: 292320 | Avg Loss (last 96 ex): 0.2357
2026-07-26 04:10:36,350 - INFO: [exp5_dropout0] Epoch 5 Val | Examples: 1024 | Avg Loss (last 1024 ex): 0.2894
2026-07-26 04:10:38,635 - INFO: [exp5_dropout0] Epoch 5 Val | Examples: 2048 | Avg Loss (last 1024 ex): 0.2669
2026-07-26 04:10:40,928 - INFO: [exp5_dropout0] Epoch 5 Val | Examples: 3072 | Avg Loss (last 1024 ex): 0.2652
2026-07-26 04:10:43,587 - INFO: [exp5_dropout0] Epoch 5 Val | Examples: 4096 | Avg Loss (last 1024 ex): 0.2623
2026-07-26 04:10:45,909 - INFO: [exp5_dropout0] Epoch 5 Val | Examples: 5120 | Avg Loss (last 1024 ex): 0.2976
2026-07-26 04:10:45,910 - INFO: [exp5_dropout0] === Epoch 5 done | Train Loss: 0.2735 | Val Loss: 0.2763 | Time: 553.7s ===
2026-07-26 04:10:45,972 - INFO: [exp5_dropout0] Model saved to C:/PythonProject/English2French/model/exp5_dropout0_epoch5.pth
2026-07-26 04:10:55,312 - INFO: [exp5_dropout0] Epoch 6/20 | Global examples: 293344 | Avg Loss (last 1024 ex): 0.2365
2026-07-26 04:11:05,668 - INFO: [exp5_dropout0] Epoch 6/20 | Global examples: 294368 | Avg Loss (last 1024 ex): 0.2390
2026-07-26 04:11:15,319 - INFO: [exp5_dropout0] Epoch 6/20 | Global examples: 295392 | Avg Loss (last 1024 ex): 0.2367
2026-07-26 04:11:24,755 - INFO: [exp5_dropout0] Epoch 6/20 | Global examples: 296416 | Avg Loss (last 1024 ex): 0.2324
2026-07-26 04:11:34,761 - INFO: [exp5_dropout0] Epoch 6/20 | Global examples: 297440 | Avg Loss (last 1024 ex): 0.2506
2026-07-26 04:11:44,635 - INFO: [exp5_dropout0] Epoch 6/20 | Global examples: 298464 | Avg Loss (last 1024 ex): 0.2340
2026-07-26 04:11:53,884 - INFO: [exp5_dropout0] Epoch 6/20 | Global examples: 299488 | Avg Loss (last 1024 ex): 0.2411
2026-07-26 04:12:03,562 - INFO: [exp5_dropout0] Epoch 6/20 | Global examples: 300512 | Avg Loss (last 1024 ex): 0.2367
2026-07-26 04:12:12,929 - INFO: [exp5_dropout0] Epoch 6/20 | Global examples: 301536 | Avg Loss (last 1024 ex): 0.2338
2026-07-26 04:12:22,625 - INFO: [exp5_dropout0] Epoch 6/20 | Global examples: 302560 | Avg Loss (last 1024 ex): 0.2470
2026-07-26 04:12:32,728 - INFO: [exp5_dropout0] Epoch 6/20 | Global examples: 303584 | Avg Loss (last 1024 ex): 0.2479
2026-07-26 04:12:42,186 - INFO: [exp5_dropout0] Epoch 6/20 | Global examples: 304608 | Avg Loss (last 1024 ex): 0.2385
2026-07-26 04:12:51,823 - INFO: [exp5_dropout0] Epoch 6/20 | Global examples: 305632 | Avg Loss (last 1024 ex): 0.2705
2026-07-26 04:13:01,896 - INFO: [exp5_dropout0] Epoch 6/20 | Global examples: 306656 | Avg Loss (last 1024 ex): 0.2729
2026-07-26 04:13:11,240 - INFO: [exp5_dropout0] Epoch 6/20 | Global examples: 307680 | Avg Loss (last 1024 ex): 0.2425
2026-07-26 04:13:21,006 - INFO: [exp5_dropout0] Epoch 6/20 | Global examples: 308704 | Avg Loss (last 1024 ex): 0.2472
2026-07-26 04:13:30,827 - INFO: [exp5_dropout0] Epoch 6/20 | Global examples: 309728 | Avg Loss (last 1024 ex): 0.2451
2026-07-26 04:13:40,162 - INFO: [exp5_dropout0] Epoch 6/20 | Global examples: 310752 | Avg Loss (last 1024 ex): 0.2418
2026-07-26 04:13:49,939 - INFO: [exp5_dropout0] Epoch 6/20 | Global examples: 311776 | Avg Loss (last 1024 ex): 0.2298
2026-07-26 04:14:00,046 - INFO: [exp5_dropout0] Epoch 6/20 | Global examples: 312800 | Avg Loss (last 1024 ex): 0.2354
2026-07-26 04:14:09,471 - INFO: [exp5_dropout0] Epoch 6/20 | Global examples: 313824 | Avg Loss (last 1024 ex): 0.2472
2026-07-26 04:14:19,196 - INFO: [exp5_dropout0] Epoch 6/20 | Global examples: 314848 | Avg Loss (last 1024 ex): 0.2531
2026-07-26 04:14:28,702 - INFO: [exp5_dropout0] Epoch 6/20 | Global examples: 315872 | Avg Loss (last 1024 ex): 0.2279
2026-07-26 04:14:39,802 - INFO: [exp5_dropout0] Epoch 6/20 | Global examples: 316896 | Avg Loss (last 1024 ex): 0.2473
2026-07-26 04:14:50,672 - INFO: [exp5_dropout0] Epoch 6/20 | Global examples: 317920 | Avg Loss (last 1024 ex): 0.2218
2026-07-26 04:15:00,742 - INFO: [exp5_dropout0] Epoch 6/20 | Global examples: 318944 | Avg Loss (last 1024 ex): 0.2482
2026-07-26 04:15:10,337 - INFO: [exp5_dropout0] Epoch 6/20 | Global examples: 319968 | Avg Loss (last 1024 ex): 0.2450
2026-07-26 04:15:20,205 - INFO: [exp5_dropout0] Epoch 6/20 | Global examples: 320992 | Avg Loss (last 1024 ex): 0.2263
2026-07-26 04:15:30,255 - INFO: [exp5_dropout0] Epoch 6/20 | Global examples: 322016 | Avg Loss (last 1024 ex): 0.2338
2026-07-26 04:15:39,631 - INFO: [exp5_dropout0] Epoch 6/20 | Global examples: 323040 | Avg Loss (last 1024 ex): 0.2345
2026-07-26 04:15:49,323 - INFO: [exp5_dropout0] Epoch 6/20 | Global examples: 324064 | Avg Loss (last 1024 ex): 0.2396
2026-07-26 04:15:58,839 - INFO: [exp5_dropout0] Epoch 6/20 | Global examples: 325088 | Avg Loss (last 1024 ex): 0.2527
2026-07-26 04:16:08,729 - INFO: [exp5_dropout0] Epoch 6/20 | Global examples: 326112 | Avg Loss (last 1024 ex): 0.2284
2026-07-26 04:16:18,390 - INFO: [exp5_dropout0] Epoch 6/20 | Global examples: 327136 | Avg Loss (last 1024 ex): 0.2335
2026-07-26 04:16:27,638 - INFO: [exp5_dropout0] Epoch 6/20 | Global examples: 328160 | Avg Loss (last 1024 ex): 0.2392
2026-07-26 04:16:37,553 - INFO: [exp5_dropout0] Epoch 6/20 | Global examples: 329184 | Avg Loss (last 1024 ex): 0.2329
2026-07-26 04:16:47,434 - INFO: [exp5_dropout0] Epoch 6/20 | Global examples: 330208 | Avg Loss (last 1024 ex): 0.2322
2026-07-26 04:16:57,039 - INFO: [exp5_dropout0] Epoch 6/20 | Global examples: 331232 | Avg Loss (last 1024 ex): 0.2440
2026-07-26 04:17:07,078 - INFO: [exp5_dropout0] Epoch 6/20 | Global examples: 332256 | Avg Loss (last 1024 ex): 0.2471
2026-07-26 04:17:17,012 - INFO: [exp5_dropout0] Epoch 6/20 | Global examples: 333280 | Avg Loss (last 1024 ex): 0.2385
2026-07-26 04:17:26,474 - INFO: [exp5_dropout0] Epoch 6/20 | Global examples: 334304 | Avg Loss (last 1024 ex): 0.2441
2026-07-26 04:17:36,571 - INFO: [exp5_dropout0] Epoch 6/20 | Global examples: 335328 | Avg Loss (last 1024 ex): 0.2342
2026-07-26 04:17:46,338 - INFO: [exp5_dropout0] Epoch 6/20 | Global examples: 336352 | Avg Loss (last 1024 ex): 0.2249
2026-07-26 04:17:55,668 - INFO: [exp5_dropout0] Epoch 6/20 | Global examples: 337376 | Avg Loss (last 1024 ex): 0.2436
2026-07-26 04:18:05,431 - INFO: [exp5_dropout0] Epoch 6/20 | Global examples: 338400 | Avg Loss (last 1024 ex): 0.2264
2026-07-26 04:18:15,153 - INFO: [exp5_dropout0] Epoch 6/20 | Global examples: 339424 | Avg Loss (last 1024 ex): 0.2456
2026-07-26 04:18:24,796 - INFO: [exp5_dropout0] Epoch 6/20 | Global examples: 340448 | Avg Loss (last 1024 ex): 0.2210
2026-07-26 04:18:34,862 - INFO: [exp5_dropout0] Epoch 6/20 | Global examples: 341472 | Avg Loss (last 1024 ex): 0.2321
2026-07-26 04:18:44,425 - INFO: [exp5_dropout0] Epoch 6/20 | Global examples: 342496 | Avg Loss (last 1024 ex): 0.2178
2026-07-26 04:18:54,225 - INFO: [exp5_dropout0] Epoch 6/20 | Global examples: 343520 | Avg Loss (last 1024 ex): 0.2477
2026-07-26 04:19:04,251 - INFO: [exp5_dropout0] Epoch 6/20 | Global examples: 344544 | Avg Loss (last 1024 ex): 0.2294
2026-07-26 04:19:13,892 - INFO: [exp5_dropout0] Epoch 6/20 | Global examples: 345568 | Avg Loss (last 1024 ex): 0.2257
2026-07-26 04:19:23,928 - INFO: [exp5_dropout0] Epoch 6/20 | Global examples: 346592 | Avg Loss (last 1024 ex): 0.2387
2026-07-26 04:19:33,890 - INFO: [exp5_dropout0] Epoch 6/20 | Global examples: 347616 | Avg Loss (last 1024 ex): 0.2338
2026-07-26 04:19:43,326 - INFO: [exp5_dropout0] Epoch 6/20 | Global examples: 348640 | Avg Loss (last 1024 ex): 0.2349
2026-07-26 04:19:53,148 - INFO: [exp5_dropout0] Epoch 6/20 | Global examples: 349664 | Avg Loss (last 1024 ex): 0.2201
2026-07-26 04:20:03,351 - INFO: [exp5_dropout0] Epoch 6/20 | Global examples: 350688 | Avg Loss (last 1024 ex): 0.2181
2026-07-26 04:20:04,218 - INFO: [exp5_dropout0] Epoch 6/20 | Global examples: 350784 | Avg Loss (last 96 ex): 0.1790
2026-07-26 04:20:06,484 - INFO: [exp5_dropout0] Epoch 6 Val | Examples: 1024 | Avg Loss (last 1024 ex): 0.2468
2026-07-26 04:20:08,728 - INFO: [exp5_dropout0] Epoch 6 Val | Examples: 2048 | Avg Loss (last 1024 ex): 0.2184
2026-07-26 04:20:11,019 - INFO: [exp5_dropout0] Epoch 6 Val | Examples: 3072 | Avg Loss (last 1024 ex): 0.2298
2026-07-26 04:20:13,336 - INFO: [exp5_dropout0] Epoch 6 Val | Examples: 4096 | Avg Loss (last 1024 ex): 0.2198
2026-07-26 04:20:16,054 - INFO: [exp5_dropout0] Epoch 6 Val | Examples: 5120 | Avg Loss (last 1024 ex): 0.2427
2026-07-26 04:20:16,055 - INFO: [exp5_dropout0] === Epoch 6 done | Train Loss: 0.2380 | Val Loss: 0.2315 | Time: 558.2s ===
2026-07-26 04:20:16,116 - INFO: [exp5_dropout0] Model saved to C:/PythonProject/English2French/model/exp5_dropout0_epoch6.pth
2026-07-26 04:20:25,751 - INFO: [exp5_dropout0] Epoch 7/20 | Global examples: 351808 | Avg Loss (last 1024 ex): 0.1929
2026-07-26 04:20:36,188 - INFO: [exp5_dropout0] Epoch 7/20 | Global examples: 352832 | Avg Loss (last 1024 ex): 0.2038
2026-07-26 04:20:45,870 - INFO: [exp5_dropout0] Epoch 7/20 | Global examples: 353856 | Avg Loss (last 1024 ex): 0.2241
2026-07-26 04:20:55,474 - INFO: [exp5_dropout0] Epoch 7/20 | Global examples: 354880 | Avg Loss (last 1024 ex): 0.2121
2026-07-26 04:21:05,662 - INFO: [exp5_dropout0] Epoch 7/20 | Global examples: 355904 | Avg Loss (last 1024 ex): 0.2070
2026-07-26 04:21:15,551 - INFO: [exp5_dropout0] Epoch 7/20 | Global examples: 356928 | Avg Loss (last 1024 ex): 0.1992
2026-07-26 04:21:25,145 - INFO: [exp5_dropout0] Epoch 7/20 | Global examples: 357952 | Avg Loss (last 1024 ex): 0.2076
2026-07-26 04:21:35,155 - INFO: [exp5_dropout0] Epoch 7/20 | Global examples: 358976 | Avg Loss (last 1024 ex): 0.2180
2026-07-26 04:21:44,669 - INFO: [exp5_dropout0] Epoch 7/20 | Global examples: 360000 | Avg Loss (last 1024 ex): 0.2224
2026-07-26 04:21:54,554 - INFO: [exp5_dropout0] Epoch 7/20 | Global examples: 361024 | Avg Loss (last 1024 ex): 0.2224
2026-07-26 04:22:04,681 - INFO: [exp5_dropout0] Epoch 7/20 | Global examples: 362048 | Avg Loss (last 1024 ex): 0.2217
2026-07-26 04:22:14,203 - INFO: [exp5_dropout0] Epoch 7/20 | Global examples: 363072 | Avg Loss (last 1024 ex): 0.2285
2026-07-26 04:22:24,022 - INFO: [exp5_dropout0] Epoch 7/20 | Global examples: 364096 | Avg Loss (last 1024 ex): 0.2180
2026-07-26 04:22:34,066 - INFO: [exp5_dropout0] Epoch 7/20 | Global examples: 365120 | Avg Loss (last 1024 ex): 0.2322
2026-07-26 04:22:43,680 - INFO: [exp5_dropout0] Epoch 7/20 | Global examples: 366144 | Avg Loss (last 1024 ex): 0.2326
2026-07-26 04:22:53,597 - INFO: [exp5_dropout0] Epoch 7/20 | Global examples: 367168 | Avg Loss (last 1024 ex): 0.2345
2026-07-26 04:23:03,689 - INFO: [exp5_dropout0] Epoch 7/20 | Global examples: 368192 | Avg Loss (last 1024 ex): 0.2230
2026-07-26 04:23:12,898 - INFO: [exp5_dropout0] Epoch 7/20 | Global examples: 369216 | Avg Loss (last 1024 ex): 0.2264
2026-07-26 04:23:22,716 - INFO: [exp5_dropout0] Epoch 7/20 | Global examples: 370240 | Avg Loss (last 1024 ex): 0.2317
2026-07-26 04:23:32,733 - INFO: [exp5_dropout0] Epoch 7/20 | Global examples: 371264 | Avg Loss (last 1024 ex): 0.2064
2026-07-26 04:23:42,247 - INFO: [exp5_dropout0] Epoch 7/20 | Global examples: 372288 | Avg Loss (last 1024 ex): 0.2169
2026-07-26 04:23:52,131 - INFO: [exp5_dropout0] Epoch 7/20 | Global examples: 373312 | Avg Loss (last 1024 ex): 0.2220
2026-07-26 04:24:02,123 - INFO: [exp5_dropout0] Epoch 7/20 | Global examples: 374336 | Avg Loss (last 1024 ex): 0.2066
2026-07-26 04:24:11,520 - INFO: [exp5_dropout0] Epoch 7/20 | Global examples: 375360 | Avg Loss (last 1024 ex): 0.2198
2026-07-26 04:24:21,642 - INFO: [exp5_dropout0] Epoch 7/20 | Global examples: 376384 | Avg Loss (last 1024 ex): 0.2241
2026-07-26 04:24:31,734 - INFO: [exp5_dropout0] Epoch 7/20 | Global examples: 377408 | Avg Loss (last 1024 ex): 0.2239
2026-07-26 04:24:41,358 - INFO: [exp5_dropout0] Epoch 7/20 | Global examples: 378432 | Avg Loss (last 1024 ex): 0.2163
2026-07-26 04:24:51,207 - INFO: [exp5_dropout0] Epoch 7/20 | Global examples: 379456 | Avg Loss (last 1024 ex): 0.2171
2026-07-26 04:25:01,033 - INFO: [exp5_dropout0] Epoch 7/20 | Global examples: 380480 | Avg Loss (last 1024 ex): 0.2200
2026-07-26 04:25:10,713 - INFO: [exp5_dropout0] Epoch 7/20 | Global examples: 381504 | Avg Loss (last 1024 ex): 0.2228
2026-07-26 04:25:20,831 - INFO: [exp5_dropout0] Epoch 7/20 | Global examples: 382528 | Avg Loss (last 1024 ex): 0.2145
2026-07-26 04:25:30,313 - INFO: [exp5_dropout0] Epoch 7/20 | Global examples: 383552 | Avg Loss (last 1024 ex): 0.2146
2026-07-26 04:25:40,645 - INFO: [exp5_dropout0] Epoch 7/20 | Global examples: 384576 | Avg Loss (last 1024 ex): 0.2314
2026-07-26 04:25:50,612 - INFO: [exp5_dropout0] Epoch 7/20 | Global examples: 385600 | Avg Loss (last 1024 ex): 0.2007
2026-07-26 04:26:00,164 - INFO: [exp5_dropout0] Epoch 7/20 | Global examples: 386624 | Avg Loss (last 1024 ex): 0.2091
2026-07-26 04:26:10,261 - INFO: [exp5_dropout0] Epoch 7/20 | Global examples: 387648 | Avg Loss (last 1024 ex): 0.2205
2026-07-26 04:26:20,267 - INFO: [exp5_dropout0] Epoch 7/20 | Global examples: 388672 | Avg Loss (last 1024 ex): 0.2189
2026-07-26 04:26:29,723 - INFO: [exp5_dropout0] Epoch 7/20 | Global examples: 389696 | Avg Loss (last 1024 ex): 0.2147
2026-07-26 04:26:39,811 - INFO: [exp5_dropout0] Epoch 7/20 | Global examples: 390720 | Avg Loss (last 1024 ex): 0.2110
2026-07-26 04:26:49,800 - INFO: [exp5_dropout0] Epoch 7/20 | Global examples: 391744 | Avg Loss (last 1024 ex): 0.2062
2026-07-26 04:26:59,633 - INFO: [exp5_dropout0] Epoch 7/20 | Global examples: 392768 | Avg Loss (last 1024 ex): 0.2129
2026-07-26 04:27:10,011 - INFO: [exp5_dropout0] Epoch 7/20 | Global examples: 393792 | Avg Loss (last 1024 ex): 0.2052
2026-07-26 04:27:21,173 - INFO: [exp5_dropout0] Epoch 7/20 | Global examples: 394816 | Avg Loss (last 1024 ex): 0.1964
2026-07-26 04:27:31,816 - INFO: [exp5_dropout0] Epoch 7/20 | Global examples: 395840 | Avg Loss (last 1024 ex): 0.2043
2026-07-26 04:27:41,946 - INFO: [exp5_dropout0] Epoch 7/20 | Global examples: 396864 | Avg Loss (last 1024 ex): 0.2105
2026-07-26 04:27:53,052 - INFO: [exp5_dropout0] Epoch 7/20 | Global examples: 397888 | Avg Loss (last 1024 ex): 0.2145
2026-07-26 04:28:04,983 - INFO: [exp5_dropout0] Epoch 7/20 | Global examples: 398912 | Avg Loss (last 1024 ex): 0.2133
2026-07-26 04:28:14,696 - INFO: [exp5_dropout0] Epoch 7/20 | Global examples: 399936 | Avg Loss (last 1024 ex): 0.2197
2026-07-26 04:28:24,548 - INFO: [exp5_dropout0] Epoch 7/20 | Global examples: 400960 | Avg Loss (last 1024 ex): 0.2111
2026-07-26 04:28:34,832 - INFO: [exp5_dropout0] Epoch 7/20 | Global examples: 401984 | Avg Loss (last 1024 ex): 0.2057
2026-07-26 04:28:44,476 - INFO: [exp5_dropout0] Epoch 7/20 | Global examples: 403008 | Avg Loss (last 1024 ex): 0.2115
2026-07-26 04:28:54,710 - INFO: [exp5_dropout0] Epoch 7/20 | Global examples: 404032 | Avg Loss (last 1024 ex): 0.2071
2026-07-26 04:29:04,836 - INFO: [exp5_dropout0] Epoch 7/20 | Global examples: 405056 | Avg Loss (last 1024 ex): 0.2122
2026-07-26 04:29:14,202 - INFO: [exp5_dropout0] Epoch 7/20 | Global examples: 406080 | Avg Loss (last 1024 ex): 0.2153
2026-07-26 04:29:23,881 - INFO: [exp5_dropout0] Epoch 7/20 | Global examples: 407104 | Avg Loss (last 1024 ex): 0.2081
2026-07-26 04:29:34,250 - INFO: [exp5_dropout0] Epoch 7/20 | Global examples: 408128 | Avg Loss (last 1024 ex): 0.1989
2026-07-26 04:29:43,857 - INFO: [exp5_dropout0] Epoch 7/20 | Global examples: 409152 | Avg Loss (last 1024 ex): 0.2187
2026-07-26 04:29:44,773 - INFO: [exp5_dropout0] Epoch 7/20 | Global examples: 409248 | Avg Loss (last 96 ex): 0.1747
2026-07-26 04:29:47,504 - INFO: [exp5_dropout0] Epoch 7 Val | Examples: 1024 | Avg Loss (last 1024 ex): 0.2206
2026-07-26 04:29:49,881 - INFO: [exp5_dropout0] Epoch 7 Val | Examples: 2048 | Avg Loss (last 1024 ex): 0.2034
2026-07-26 04:29:52,219 - INFO: [exp5_dropout0] Epoch 7 Val | Examples: 3072 | Avg Loss (last 1024 ex): 0.2048
2026-07-26 04:29:54,561 - INFO: [exp5_dropout0] Epoch 7 Val | Examples: 4096 | Avg Loss (last 1024 ex): 0.1968
2026-07-26 04:29:56,856 - INFO: [exp5_dropout0] Epoch 7 Val | Examples: 5120 | Avg Loss (last 1024 ex): 0.2169
2026-07-26 04:29:56,856 - INFO: [exp5_dropout0] === Epoch 7 done | Train Loss: 0.2150 | Val Loss: 0.2085 | Time: 568.7s ===
2026-07-26 04:29:56,918 - INFO: [exp5_dropout0] Model saved to C:/PythonProject/English2French/model/exp5_dropout0_epoch7.pth
2026-07-26 04:30:07,494 - INFO: [exp5_dropout0] Epoch 8/20 | Global examples: 410272 | Avg Loss (last 1024 ex): 0.2015
2026-07-26 04:30:17,486 - INFO: [exp5_dropout0] Epoch 8/20 | Global examples: 411296 | Avg Loss (last 1024 ex): 0.1865
2026-07-26 04:30:27,057 - INFO: [exp5_dropout0] Epoch 8/20 | Global examples: 412320 | Avg Loss (last 1024 ex): 0.1992
2026-07-26 04:30:37,465 - INFO: [exp5_dropout0] Epoch 8/20 | Global examples: 413344 | Avg Loss (last 1024 ex): 0.2007
2026-07-26 04:30:47,393 - INFO: [exp5_dropout0] Epoch 8/20 | Global examples: 414368 | Avg Loss (last 1024 ex): 0.2002
2026-07-26 04:30:57,101 - INFO: [exp5_dropout0] Epoch 8/20 | Global examples: 415392 | Avg Loss (last 1024 ex): 0.1928
2026-07-26 04:31:07,290 - INFO: [exp5_dropout0] Epoch 8/20 | Global examples: 416416 | Avg Loss (last 1024 ex): 0.1877
2026-07-26 04:31:17,518 - INFO: [exp5_dropout0] Epoch 8/20 | Global examples: 417440 | Avg Loss (last 1024 ex): 0.1917
2026-07-26 04:31:27,051 - INFO: [exp5_dropout0] Epoch 8/20 | Global examples: 418464 | Avg Loss (last 1024 ex): 0.1902
2026-07-26 04:31:37,483 - INFO: [exp5_dropout0] Epoch 8/20 | Global examples: 419488 | Avg Loss (last 1024 ex): 0.2021
2026-07-26 04:31:47,407 - INFO: [exp5_dropout0] Epoch 8/20 | Global examples: 420512 | Avg Loss (last 1024 ex): 0.2059
2026-07-26 04:31:56,959 - INFO: [exp5_dropout0] Epoch 8/20 | Global examples: 421536 | Avg Loss (last 1024 ex): 0.2039
2026-07-26 04:32:07,141 - INFO: [exp5_dropout0] Epoch 8/20 | Global examples: 422560 | Avg Loss (last 1024 ex): 0.1990
2026-07-26 04:32:16,741 - INFO: [exp5_dropout0] Epoch 8/20 | Global examples: 423584 | Avg Loss (last 1024 ex): 0.1982
2026-07-26 04:32:26,745 - INFO: [exp5_dropout0] Epoch 8/20 | Global examples: 424608 | Avg Loss (last 1024 ex): 0.2004
2026-07-26 04:32:37,061 - INFO: [exp5_dropout0] Epoch 8/20 | Global examples: 425632 | Avg Loss (last 1024 ex): 0.2136
2026-07-26 04:32:46,763 - INFO: [exp5_dropout0] Epoch 8/20 | Global examples: 426656 | Avg Loss (last 1024 ex): 0.1937
2026-07-26 04:32:56,850 - INFO: [exp5_dropout0] Epoch 8/20 | Global examples: 427680 | Avg Loss (last 1024 ex): 0.1943
2026-07-26 04:33:07,148 - INFO: [exp5_dropout0] Epoch 8/20 | Global examples: 428704 | Avg Loss (last 1024 ex): 0.2053
2026-07-26 04:33:16,912 - INFO: [exp5_dropout0] Epoch 8/20 | Global examples: 429728 | Avg Loss (last 1024 ex): 0.1908
2026-07-26 04:33:26,949 - INFO: [exp5_dropout0] Epoch 8/20 | Global examples: 430752 | Avg Loss (last 1024 ex): 0.1925
2026-07-26 04:33:36,815 - INFO: [exp5_dropout0] Epoch 8/20 | Global examples: 431776 | Avg Loss (last 1024 ex): 0.2058
2026-07-26 04:33:46,299 - INFO: [exp5_dropout0] Epoch 8/20 | Global examples: 432800 | Avg Loss (last 1024 ex): 0.2102
2026-07-26 04:33:56,404 - INFO: [exp5_dropout0] Epoch 8/20 | Global examples: 433824 | Avg Loss (last 1024 ex): 0.1934
2026-07-26 04:34:06,495 - INFO: [exp5_dropout0] Epoch 8/20 | Global examples: 434848 | Avg Loss (last 1024 ex): 0.1979
2026-07-26 04:34:16,185 - INFO: [exp5_dropout0] Epoch 8/20 | Global examples: 435872 | Avg Loss (last 1024 ex): 0.2010
2026-07-26 04:34:25,927 - INFO: [exp5_dropout0] Epoch 8/20 | Global examples: 436896 | Avg Loss (last 1024 ex): 0.1971
2026-07-26 04:34:36,099 - INFO: [exp5_dropout0] Epoch 8/20 | Global examples: 437920 | Avg Loss (last 1024 ex): 0.2062
2026-07-26 04:34:45,813 - INFO: [exp5_dropout0] Epoch 8/20 | Global examples: 438944 | Avg Loss (last 1024 ex): 0.1891
2026-07-26 04:34:55,948 - INFO: [exp5_dropout0] Epoch 8/20 | Global examples: 439968 | Avg Loss (last 1024 ex): 0.1995
2026-07-26 04:35:06,227 - INFO: [exp5_dropout0] Epoch 8/20 | Global examples: 440992 | Avg Loss (last 1024 ex): 0.2000
2026-07-26 04:35:15,632 - INFO: [exp5_dropout0] Epoch 8/20 | Global examples: 442016 | Avg Loss (last 1024 ex): 0.1825
2026-07-26 04:35:25,666 - INFO: [exp5_dropout0] Epoch 8/20 | Global examples: 443040 | Avg Loss (last 1024 ex): 0.1984
2026-07-26 04:35:35,990 - INFO: [exp5_dropout0] Epoch 8/20 | Global examples: 444064 | Avg Loss (last 1024 ex): 0.1961
2026-07-26 04:35:45,644 - INFO: [exp5_dropout0] Epoch 8/20 | Global examples: 445088 | Avg Loss (last 1024 ex): 0.1947
2026-07-26 04:35:55,876 - INFO: [exp5_dropout0] Epoch 8/20 | Global examples: 446112 | Avg Loss (last 1024 ex): 0.1799
2026-07-26 04:36:05,974 - INFO: [exp5_dropout0] Epoch 8/20 | Global examples: 447136 | Avg Loss (last 1024 ex): 0.1937
2026-07-26 04:36:15,540 - INFO: [exp5_dropout0] Epoch 8/20 | Global examples: 448160 | Avg Loss (last 1024 ex): 0.1982
2026-07-26 04:36:25,589 - INFO: [exp5_dropout0] Epoch 8/20 | Global examples: 449184 | Avg Loss (last 1024 ex): 0.1771
2026-07-26 04:36:36,000 - INFO: [exp5_dropout0] Epoch 8/20 | Global examples: 450208 | Avg Loss (last 1024 ex): 0.2090
2026-07-26 04:36:45,555 - INFO: [exp5_dropout0] Epoch 8/20 | Global examples: 451232 | Avg Loss (last 1024 ex): 0.2033
2026-07-26 04:36:55,624 - INFO: [exp5_dropout0] Epoch 8/20 | Global examples: 452256 | Avg Loss (last 1024 ex): 0.1925
2026-07-26 04:37:05,867 - INFO: [exp5_dropout0] Epoch 8/20 | Global examples: 453280 | Avg Loss (last 1024 ex): 0.2016
2026-07-26 04:37:15,716 - INFO: [exp5_dropout0] Epoch 8/20 | Global examples: 454304 | Avg Loss (last 1024 ex): 0.1970
2026-07-26 04:37:25,881 - INFO: [exp5_dropout0] Epoch 8/20 | Global examples: 455328 | Avg Loss (last 1024 ex): 0.2005
2026-07-26 04:37:36,195 - INFO: [exp5_dropout0] Epoch 8/20 | Global examples: 456352 | Avg Loss (last 1024 ex): 0.2009
2026-07-26 04:37:45,900 - INFO: [exp5_dropout0] Epoch 8/20 | Global examples: 457376 | Avg Loss (last 1024 ex): 0.2070
2026-07-26 04:37:55,869 - INFO: [exp5_dropout0] Epoch 8/20 | Global examples: 458400 | Avg Loss (last 1024 ex): 0.1933
2026-07-26 04:38:06,090 - INFO: [exp5_dropout0] Epoch 8/20 | Global examples: 459424 | Avg Loss (last 1024 ex): 0.1911
2026-07-26 04:38:15,846 - INFO: [exp5_dropout0] Epoch 8/20 | Global examples: 460448 | Avg Loss (last 1024 ex): 0.1957
2026-07-26 04:38:26,011 - INFO: [exp5_dropout0] Epoch 8/20 | Global examples: 461472 | Avg Loss (last 1024 ex): 0.1892
2026-07-26 04:38:36,420 - INFO: [exp5_dropout0] Epoch 8/20 | Global examples: 462496 | Avg Loss (last 1024 ex): 0.1927
2026-07-26 04:38:46,002 - INFO: [exp5_dropout0] Epoch 8/20 | Global examples: 463520 | Avg Loss (last 1024 ex): 0.1940
2026-07-26 04:38:55,870 - INFO: [exp5_dropout0] Epoch 8/20 | Global examples: 464544 | Avg Loss (last 1024 ex): 0.1868
2026-07-26 04:39:06,002 - INFO: [exp5_dropout0] Epoch 8/20 | Global examples: 465568 | Avg Loss (last 1024 ex): 0.1971
2026-07-26 04:39:15,744 - INFO: [exp5_dropout0] Epoch 8/20 | Global examples: 466592 | Avg Loss (last 1024 ex): 0.1792
2026-07-26 04:39:25,825 - INFO: [exp5_dropout0] Epoch 8/20 | Global examples: 467616 | Avg Loss (last 1024 ex): 0.1893
2026-07-26 04:39:26,722 - INFO: [exp5_dropout0] Epoch 8/20 | Global examples: 467712 | Avg Loss (last 96 ex): 0.1550
2026-07-26 04:39:29,056 - INFO: [exp5_dropout0] Epoch 8 Val | Examples: 1024 | Avg Loss (last 1024 ex): 0.2134
2026-07-26 04:39:31,382 - INFO: [exp5_dropout0] Epoch 8 Val | Examples: 2048 | Avg Loss (last 1024 ex): 0.1918
2026-07-26 04:39:34,348 - INFO: [exp5_dropout0] Epoch 8 Val | Examples: 3072 | Avg Loss (last 1024 ex): 0.1920
2026-07-26 04:39:36,648 - INFO: [exp5_dropout0] Epoch 8 Val | Examples: 4096 | Avg Loss (last 1024 ex): 0.1874
2026-07-26 04:39:38,899 - INFO: [exp5_dropout0] Epoch 8 Val | Examples: 5120 | Avg Loss (last 1024 ex): 0.2088
2026-07-26 04:39:38,900 - INFO: [exp5_dropout0] === Epoch 8 done | Train Loss: 0.1963 | Val Loss: 0.1987 | Time: 569.8s ===
2026-07-26 04:39:38,950 - INFO: [exp5_dropout0] Model saved to C:/PythonProject/English2French/model/exp5_dropout0_epoch8.pth
2026-07-26 04:39:49,632 - INFO: [exp5_dropout0] Epoch 9/20 | Global examples: 468736 | Avg Loss (last 1024 ex): 0.1625
2026-07-26 04:39:59,266 - INFO: [exp5_dropout0] Epoch 9/20 | Global examples: 469760 | Avg Loss (last 1024 ex): 0.1797
2026-07-26 04:40:09,399 - INFO: [exp5_dropout0] Epoch 9/20 | Global examples: 470784 | Avg Loss (last 1024 ex): 0.1900
2026-07-26 04:40:19,611 - INFO: [exp5_dropout0] Epoch 9/20 | Global examples: 471808 | Avg Loss (last 1024 ex): 0.1794
2026-07-26 04:40:28,885 - INFO: [exp5_dropout0] Epoch 9/20 | Global examples: 472832 | Avg Loss (last 1024 ex): 0.1763
2026-07-26 04:40:39,077 - INFO: [exp5_dropout0] Epoch 9/20 | Global examples: 473856 | Avg Loss (last 1024 ex): 0.1698
2026-07-26 04:40:49,487 - INFO: [exp5_dropout0] Epoch 9/20 | Global examples: 474880 | Avg Loss (last 1024 ex): 0.1731
2026-07-26 04:40:59,160 - INFO: [exp5_dropout0] Epoch 9/20 | Global examples: 475904 | Avg Loss (last 1024 ex): 0.1836
2026-07-26 04:41:09,405 - INFO: [exp5_dropout0] Epoch 9/20 | Global examples: 476928 | Avg Loss (last 1024 ex): 0.1944
2026-07-26 04:41:19,619 - INFO: [exp5_dropout0] Epoch 9/20 | Global examples: 477952 | Avg Loss (last 1024 ex): 0.1874
2026-07-26 04:41:29,236 - INFO: [exp5_dropout0] Epoch 9/20 | Global examples: 478976 | Avg Loss (last 1024 ex): 0.1881
2026-07-26 04:41:39,493 - INFO: [exp5_dropout0] Epoch 9/20 | Global examples: 480000 | Avg Loss (last 1024 ex): 0.1952
2026-07-26 04:41:50,128 - INFO: [exp5_dropout0] Epoch 9/20 | Global examples: 481024 | Avg Loss (last 1024 ex): 0.1809
2026-07-26 04:41:59,706 - INFO: [exp5_dropout0] Epoch 9/20 | Global examples: 482048 | Avg Loss (last 1024 ex): 0.1862
2026-07-26 04:42:09,726 - INFO: [exp5_dropout0] Epoch 9/20 | Global examples: 483072 | Avg Loss (last 1024 ex): 0.1842
2026-07-26 04:42:20,112 - INFO: [exp5_dropout0] Epoch 9/20 | Global examples: 484096 | Avg Loss (last 1024 ex): 0.1880
2026-07-26 04:42:29,984 - INFO: [exp5_dropout0] Epoch 9/20 | Global examples: 485120 | Avg Loss (last 1024 ex): 0.1994
2026-07-26 04:42:40,088 - INFO: [exp5_dropout0] Epoch 9/20 | Global examples: 486144 | Avg Loss (last 1024 ex): 0.1884
2026-07-26 04:42:50,476 - INFO: [exp5_dropout0] Epoch 9/20 | Global examples: 487168 | Avg Loss (last 1024 ex): 0.1791
2026-07-26 04:43:00,117 - INFO: [exp5_dropout0] Epoch 9/20 | Global examples: 488192 | Avg Loss (last 1024 ex): 0.1865
2026-07-26 04:43:10,072 - INFO: [exp5_dropout0] Epoch 9/20 | Global examples: 489216 | Avg Loss (last 1024 ex): 0.1804
2026-07-26 04:43:20,393 - INFO: [exp5_dropout0] Epoch 9/20 | Global examples: 490240 | Avg Loss (last 1024 ex): 0.1756
2026-07-26 04:43:30,251 - INFO: [exp5_dropout0] Epoch 9/20 | Global examples: 491264 | Avg Loss (last 1024 ex): 0.1742
2026-07-26 04:43:40,324 - INFO: [exp5_dropout0] Epoch 9/20 | Global examples: 492288 | Avg Loss (last 1024 ex): 0.1933
2026-07-26 04:43:50,657 - INFO: [exp5_dropout0] Epoch 9/20 | Global examples: 493312 | Avg Loss (last 1024 ex): 0.1836
2026-07-26 04:44:00,181 - INFO: [exp5_dropout0] Epoch 9/20 | Global examples: 494336 | Avg Loss (last 1024 ex): 0.1780
2026-07-26 04:44:10,359 - INFO: [exp5_dropout0] Epoch 9/20 | Global examples: 495360 | Avg Loss (last 1024 ex): 0.1830
2026-07-26 04:44:20,550 - INFO: [exp5_dropout0] Epoch 9/20 | Global examples: 496384 | Avg Loss (last 1024 ex): 0.1964
2026-07-26 04:44:30,492 - INFO: [exp5_dropout0] Epoch 9/20 | Global examples: 497408 | Avg Loss (last 1024 ex): 0.1934
2026-07-26 04:44:40,802 - INFO: [exp5_dropout0] Epoch 9/20 | Global examples: 498432 | Avg Loss (last 1024 ex): 0.1885
2026-07-26 04:44:51,022 - INFO: [exp5_dropout0] Epoch 9/20 | Global examples: 499456 | Avg Loss (last 1024 ex): 0.1886
2026-07-26 04:45:00,602 - INFO: [exp5_dropout0] Epoch 9/20 | Global examples: 500480 | Avg Loss (last 1024 ex): 0.1790
2026-07-26 04:45:10,879 - INFO: [exp5_dropout0] Epoch 9/20 | Global examples: 501504 | Avg Loss (last 1024 ex): 0.1934
2026-07-26 04:45:21,338 - INFO: [exp5_dropout0] Epoch 9/20 | Global examples: 502528 | Avg Loss (last 1024 ex): 0.1993
2026-07-26 04:45:31,129 - INFO: [exp5_dropout0] Epoch 9/20 | Global examples: 503552 | Avg Loss (last 1024 ex): 0.1893
2026-07-26 04:45:41,085 - INFO: [exp5_dropout0] Epoch 9/20 | Global examples: 504576 | Avg Loss (last 1024 ex): 0.1819
2026-07-26 04:45:51,341 - INFO: [exp5_dropout0] Epoch 9/20 | Global examples: 505600 | Avg Loss (last 1024 ex): 0.1745
2026-07-26 04:46:01,068 - INFO: [exp5_dropout0] Epoch 9/20 | Global examples: 506624 | Avg Loss (last 1024 ex): 0.1947
2026-07-26 04:46:11,225 - INFO: [exp5_dropout0] Epoch 9/20 | Global examples: 507648 | Avg Loss (last 1024 ex): 0.1888
2026-07-26 04:46:21,605 - INFO: [exp5_dropout0] Epoch 9/20 | Global examples: 508672 | Avg Loss (last 1024 ex): 0.1852
2026-07-26 04:46:30,985 - INFO: [exp5_dropout0] Epoch 9/20 | Global examples: 509696 | Avg Loss (last 1024 ex): 0.1800
2026-07-26 04:46:40,997 - INFO: [exp5_dropout0] Epoch 9/20 | Global examples: 510720 | Avg Loss (last 1024 ex): 0.1867
2026-07-26 04:46:51,370 - INFO: [exp5_dropout0] Epoch 9/20 | Global examples: 511744 | Avg Loss (last 1024 ex): 0.1806
2026-07-26 04:47:01,209 - INFO: [exp5_dropout0] Epoch 9/20 | Global examples: 512768 | Avg Loss (last 1024 ex): 0.1810
2026-07-26 04:47:11,380 - INFO: [exp5_dropout0] Epoch 9/20 | Global examples: 513792 | Avg Loss (last 1024 ex): 0.1823
2026-07-26 04:47:21,676 - INFO: [exp5_dropout0] Epoch 9/20 | Global examples: 514816 | Avg Loss (last 1024 ex): 0.1783
2026-07-26 04:47:31,319 - INFO: [exp5_dropout0] Epoch 9/20 | Global examples: 515840 | Avg Loss (last 1024 ex): 0.1876
2026-07-26 04:47:41,520 - INFO: [exp5_dropout0] Epoch 9/20 | Global examples: 516864 | Avg Loss (last 1024 ex): 0.1815
2026-07-26 04:47:51,840 - INFO: [exp5_dropout0] Epoch 9/20 | Global examples: 517888 | Avg Loss (last 1024 ex): 0.1887
2026-07-26 04:48:01,474 - INFO: [exp5_dropout0] Epoch 9/20 | Global examples: 518912 | Avg Loss (last 1024 ex): 0.1856
2026-07-26 04:48:11,684 - INFO: [exp5_dropout0] Epoch 9/20 | Global examples: 519936 | Avg Loss (last 1024 ex): 0.1855
2026-07-26 04:48:22,133 - INFO: [exp5_dropout0] Epoch 9/20 | Global examples: 520960 | Avg Loss (last 1024 ex): 0.1873
2026-07-26 04:48:31,935 - INFO: [exp5_dropout0] Epoch 9/20 | Global examples: 521984 | Avg Loss (last 1024 ex): 0.1832
2026-07-26 04:48:42,087 - INFO: [exp5_dropout0] Epoch 9/20 | Global examples: 523008 | Avg Loss (last 1024 ex): 0.1818
2026-07-26 04:48:52,542 - INFO: [exp5_dropout0] Epoch 9/20 | Global examples: 524032 | Avg Loss (last 1024 ex): 0.1876
2026-07-26 04:49:02,292 - INFO: [exp5_dropout0] Epoch 9/20 | Global examples: 525056 | Avg Loss (last 1024 ex): 0.1889
2026-07-26 04:49:12,476 - INFO: [exp5_dropout0] Epoch 9/20 | Global examples: 526080 | Avg Loss (last 1024 ex): 0.1803
2026-07-26 04:49:13,400 - INFO: [exp5_dropout0] Epoch 9/20 | Global examples: 526176 | Avg Loss (last 96 ex): 0.1531
2026-07-26 04:49:15,795 - INFO: [exp5_dropout0] Epoch 9 Val | Examples: 1024 | Avg Loss (last 1024 ex): 0.1896
2026-07-26 04:49:18,131 - INFO: [exp5_dropout0] Epoch 9 Val | Examples: 2048 | Avg Loss (last 1024 ex): 0.1828
2026-07-26 04:49:21,192 - INFO: [exp5_dropout0] Epoch 9 Val | Examples: 3072 | Avg Loss (last 1024 ex): 0.1922
2026-07-26 04:49:23,619 - INFO: [exp5_dropout0] Epoch 9 Val | Examples: 4096 | Avg Loss (last 1024 ex): 0.1882
2026-07-26 04:49:26,025 - INFO: [exp5_dropout0] Epoch 9 Val | Examples: 5120 | Avg Loss (last 1024 ex): 0.1828
2026-07-26 04:49:26,026 - INFO: [exp5_dropout0] === Epoch 9 done | Train Loss: 0.1845 | Val Loss: 0.1871 | Time: 574.4s ===
2026-07-26 04:49:26,092 - INFO: [exp5_dropout0] Model saved to C:/PythonProject/English2French/model/exp5_dropout0_epoch9.pth
2026-07-26 04:49:37,124 - INFO: [exp5_dropout0] Epoch 10/20 | Global examples: 527200 | Avg Loss (last 1024 ex): 0.1639
2026-07-26 04:49:46,974 - INFO: [exp5_dropout0] Epoch 10/20 | Global examples: 528224 | Avg Loss (last 1024 ex): 0.1559
2026-07-26 04:49:57,255 - INFO: [exp5_dropout0] Epoch 10/20 | Global examples: 529248 | Avg Loss (last 1024 ex): 0.1576
2026-07-26 04:50:07,598 - INFO: [exp5_dropout0] Epoch 10/20 | Global examples: 530272 | Avg Loss (last 1024 ex): 0.1598
2026-07-26 04:50:17,443 - INFO: [exp5_dropout0] Epoch 10/20 | Global examples: 531296 | Avg Loss (last 1024 ex): 0.1607
2026-07-26 04:50:27,834 - INFO: [exp5_dropout0] Epoch 10/20 | Global examples: 532320 | Avg Loss (last 1024 ex): 0.1655
2026-07-26 04:50:38,325 - INFO: [exp5_dropout0] Epoch 10/20 | Global examples: 533344 | Avg Loss (last 1024 ex): 0.1750
2026-07-26 04:50:47,998 - INFO: [exp5_dropout0] Epoch 10/20 | Global examples: 534368 | Avg Loss (last 1024 ex): 0.1861
2026-07-26 04:50:58,000 - INFO: [exp5_dropout0] Epoch 10/20 | Global examples: 535392 | Avg Loss (last 1024 ex): 0.1739
2026-07-26 04:51:08,558 - INFO: [exp5_dropout0] Epoch 10/20 | Global examples: 536416 | Avg Loss (last 1024 ex): 0.1672
2026-07-26 04:51:18,447 - INFO: [exp5_dropout0] Epoch 10/20 | Global examples: 537440 | Avg Loss (last 1024 ex): 0.1903
2026-07-26 04:51:29,181 - INFO: [exp5_dropout0] Epoch 10/20 | Global examples: 538464 | Avg Loss (last 1024 ex): 0.1765
2026-07-26 04:51:38,937 - INFO: [exp5_dropout0] Epoch 10/20 | Global examples: 539488 | Avg Loss (last 1024 ex): 0.1772
2026-07-26 04:51:48,337 - INFO: [exp5_dropout0] Epoch 10/20 | Global examples: 540512 | Avg Loss (last 1024 ex): 0.1773
2026-07-26 04:51:58,130 - INFO: [exp5_dropout0] Epoch 10/20 | Global examples: 541536 | Avg Loss (last 1024 ex): 0.1856
2026-07-26 04:52:08,191 - INFO: [exp5_dropout0] Epoch 10/20 | Global examples: 542560 | Avg Loss (last 1024 ex): 0.1950
2026-07-26 04:52:17,510 - INFO: [exp5_dropout0] Epoch 10/20 | Global examples: 543584 | Avg Loss (last 1024 ex): 0.1725
2026-07-26 04:52:27,295 - INFO: [exp5_dropout0] Epoch 10/20 | Global examples: 544608 | Avg Loss (last 1024 ex): 0.1709
2026-07-26 04:52:37,198 - INFO: [exp5_dropout0] Epoch 10/20 | Global examples: 545632 | Avg Loss (last 1024 ex): 0.1768
2026-07-26 04:52:46,737 - INFO: [exp5_dropout0] Epoch 10/20 | Global examples: 546656 | Avg Loss (last 1024 ex): 0.1870
2026-07-26 04:52:56,529 - INFO: [exp5_dropout0] Epoch 10/20 | Global examples: 547680 | Avg Loss (last 1024 ex): 0.1749
2026-07-26 04:53:06,705 - INFO: [exp5_dropout0] Epoch 10/20 | Global examples: 548704 | Avg Loss (last 1024 ex): 0.1778
2026-07-26 04:53:15,981 - INFO: [exp5_dropout0] Epoch 10/20 | Global examples: 549728 | Avg Loss (last 1024 ex): 0.1797
2026-07-26 04:53:25,593 - INFO: [exp5_dropout0] Epoch 10/20 | Global examples: 550752 | Avg Loss (last 1024 ex): 0.1746
2026-07-26 04:53:34,877 - INFO: [exp5_dropout0] Epoch 10/20 | Global examples: 551776 | Avg Loss (last 1024 ex): 0.1729
2026-07-26 04:53:44,845 - INFO: [exp5_dropout0] Epoch 10/20 | Global examples: 552800 | Avg Loss (last 1024 ex): 0.1768
2026-07-26 04:53:54,504 - INFO: [exp5_dropout0] Epoch 10/20 | Global examples: 553824 | Avg Loss (last 1024 ex): 0.1825
2026-07-26 04:54:03,924 - INFO: [exp5_dropout0] Epoch 10/20 | Global examples: 554848 | Avg Loss (last 1024 ex): 0.1731
2026-07-26 04:54:13,643 - INFO: [exp5_dropout0] Epoch 10/20 | Global examples: 555872 | Avg Loss (last 1024 ex): 0.1688
2026-07-26 04:54:23,284 - INFO: [exp5_dropout0] Epoch 10/20 | Global examples: 556896 | Avg Loss (last 1024 ex): 0.1784
2026-07-26 04:54:32,508 - INFO: [exp5_dropout0] Epoch 10/20 | Global examples: 557920 | Avg Loss (last 1024 ex): 0.1644
2026-07-26 04:54:42,591 - INFO: [exp5_dropout0] Epoch 10/20 | Global examples: 558944 | Avg Loss (last 1024 ex): 0.1762
2026-07-26 04:54:52,387 - INFO: [exp5_dropout0] Epoch 10/20 | Global examples: 559968 | Avg Loss (last 1024 ex): 0.1752
2026-07-26 04:55:01,764 - INFO: [exp5_dropout0] Epoch 10/20 | Global examples: 560992 | Avg Loss (last 1024 ex): 0.1774
2026-07-26 04:55:11,828 - INFO: [exp5_dropout0] Epoch 10/20 | Global examples: 562016 | Avg Loss (last 1024 ex): 0.1663
2026-07-26 04:55:21,513 - INFO: [exp5_dropout0] Epoch 10/20 | Global examples: 563040 | Avg Loss (last 1024 ex): 0.1808
2026-07-26 04:55:30,770 - INFO: [exp5_dropout0] Epoch 10/20 | Global examples: 564064 | Avg Loss (last 1024 ex): 0.1658
2026-07-26 04:55:40,911 - INFO: [exp5_dropout0] Epoch 10/20 | Global examples: 565088 | Avg Loss (last 1024 ex): 0.1680
2026-07-26 04:55:50,281 - INFO: [exp5_dropout0] Epoch 10/20 | Global examples: 566112 | Avg Loss (last 1024 ex): 0.1707
2026-07-26 04:56:00,123 - INFO: [exp5_dropout0] Epoch 10/20 | Global examples: 567136 | Avg Loss (last 1024 ex): 0.1730
2026-07-26 04:56:09,839 - INFO: [exp5_dropout0] Epoch 10/20 | Global examples: 568160 | Avg Loss (last 1024 ex): 0.1629
2026-07-26 04:56:19,424 - INFO: [exp5_dropout0] Epoch 10/20 | Global examples: 569184 | Avg Loss (last 1024 ex): 0.1807
2026-07-26 04:56:29,084 - INFO: [exp5_dropout0] Epoch 10/20 | Global examples: 570208 | Avg Loss (last 1024 ex): 0.1616
2026-07-26 04:56:39,285 - INFO: [exp5_dropout0] Epoch 10/20 | Global examples: 571232 | Avg Loss (last 1024 ex): 0.1739
2026-07-26 04:56:48,634 - INFO: [exp5_dropout0] Epoch 10/20 | Global examples: 572256 | Avg Loss (last 1024 ex): 0.1822
2026-07-26 04:56:58,328 - INFO: [exp5_dropout0] Epoch 10/20 | Global examples: 573280 | Avg Loss (last 1024 ex): 0.1819
2026-07-26 04:57:08,312 - INFO: [exp5_dropout0] Epoch 10/20 | Global examples: 574304 | Avg Loss (last 1024 ex): 0.1638
2026-07-26 04:57:17,857 - INFO: [exp5_dropout0] Epoch 10/20 | Global examples: 575328 | Avg Loss (last 1024 ex): 0.1726
2026-07-26 04:57:27,635 - INFO: [exp5_dropout0] Epoch 10/20 | Global examples: 576352 | Avg Loss (last 1024 ex): 0.1692
2026-07-26 04:57:37,587 - INFO: [exp5_dropout0] Epoch 10/20 | Global examples: 577376 | Avg Loss (last 1024 ex): 0.1725
2026-07-26 04:57:46,858 - INFO: [exp5_dropout0] Epoch 10/20 | Global examples: 578400 | Avg Loss (last 1024 ex): 0.1766
2026-07-26 04:57:56,605 - INFO: [exp5_dropout0] Epoch 10/20 | Global examples: 579424 | Avg Loss (last 1024 ex): 0.1751
2026-07-26 04:58:05,933 - INFO: [exp5_dropout0] Epoch 10/20 | Global examples: 580448 | Avg Loss (last 1024 ex): 0.1742
2026-07-26 04:58:15,943 - INFO: [exp5_dropout0] Epoch 10/20 | Global examples: 581472 | Avg Loss (last 1024 ex): 0.1766
2026-07-26 04:58:25,668 - INFO: [exp5_dropout0] Epoch 10/20 | Global examples: 582496 | Avg Loss (last 1024 ex): 0.1708
2026-07-26 04:58:35,100 - INFO: [exp5_dropout0] Epoch 10/20 | Global examples: 583520 | Avg Loss (last 1024 ex): 0.1773
2026-07-26 04:58:45,093 - INFO: [exp5_dropout0] Epoch 10/20 | Global examples: 584544 | Avg Loss (last 1024 ex): 0.1734
2026-07-26 04:58:46,001 - INFO: [exp5_dropout0] Epoch 10/20 | Global examples: 584640 | Avg Loss (last 96 ex): 0.1513
2026-07-26 04:58:48,305 - INFO: [exp5_dropout0] Epoch 10 Val | Examples: 1024 | Avg Loss (last 1024 ex): 0.1841
2026-07-26 04:58:50,599 - INFO: [exp5_dropout0] Epoch 10 Val | Examples: 2048 | Avg Loss (last 1024 ex): 0.1779
2026-07-26 04:58:53,257 - INFO: [exp5_dropout0] Epoch 10 Val | Examples: 3072 | Avg Loss (last 1024 ex): 0.1737
2026-07-26 04:58:55,507 - INFO: [exp5_dropout0] Epoch 10 Val | Examples: 4096 | Avg Loss (last 1024 ex): 0.1622
2026-07-26 04:58:57,776 - INFO: [exp5_dropout0] Epoch 10 Val | Examples: 5120 | Avg Loss (last 1024 ex): 0.1879
2026-07-26 04:58:57,776 - INFO: [exp5_dropout0] === Epoch 10 done | Train Loss: 0.1736 | Val Loss: 0.1772 | Time: 559.9s ===
2026-07-26 04:58:57,830 - INFO: [exp5_dropout0] Model saved to C:/PythonProject/English2French/model/exp5_dropout0_epoch10.pth
2026-07-26 04:59:08,263 - INFO: [exp5_dropout0] Epoch 11/20 | Global examples: 585664 | Avg Loss (last 1024 ex): 0.1389
2026-07-26 04:59:17,685 - INFO: [exp5_dropout0] Epoch 11/20 | Global examples: 586688 | Avg Loss (last 1024 ex): 0.1647
2026-07-26 04:59:27,452 - INFO: [exp5_dropout0] Epoch 11/20 | Global examples: 587712 | Avg Loss (last 1024 ex): 0.1631
2026-07-26 04:59:37,617 - INFO: [exp5_dropout0] Epoch 11/20 | Global examples: 588736 | Avg Loss (last 1024 ex): 0.1707
2026-07-26 04:59:47,072 - INFO: [exp5_dropout0] Epoch 11/20 | Global examples: 589760 | Avg Loss (last 1024 ex): 0.1576
2026-07-26 04:59:56,946 - INFO: [exp5_dropout0] Epoch 11/20 | Global examples: 590784 | Avg Loss (last 1024 ex): 0.1456
2026-07-26 05:00:07,045 - INFO: [exp5_dropout0] Epoch 11/20 | Global examples: 591808 | Avg Loss (last 1024 ex): 0.1593
2026-07-26 05:00:16,562 - INFO: [exp5_dropout0] Epoch 11/20 | Global examples: 592832 | Avg Loss (last 1024 ex): 0.1687
2026-07-26 05:00:26,298 - INFO: [exp5_dropout0] Epoch 11/20 | Global examples: 593856 | Avg Loss (last 1024 ex): 0.1628
2026-07-26 05:00:35,818 - INFO: [exp5_dropout0] Epoch 11/20 | Global examples: 594880 | Avg Loss (last 1024 ex): 0.1686
2026-07-26 05:00:45,880 - INFO: [exp5_dropout0] Epoch 11/20 | Global examples: 595904 | Avg Loss (last 1024 ex): 0.1591
2026-07-26 05:00:55,792 - INFO: [exp5_dropout0] Epoch 11/20 | Global examples: 596928 | Avg Loss (last 1024 ex): 0.1732
2026-07-26 05:01:05,172 - INFO: [exp5_dropout0] Epoch 11/20 | Global examples: 597952 | Avg Loss (last 1024 ex): 0.1577
2026-07-26 05:01:15,124 - INFO: [exp5_dropout0] Epoch 11/20 | Global examples: 598976 | Avg Loss (last 1024 ex): 0.1669
2026-07-26 05:01:24,963 - INFO: [exp5_dropout0] Epoch 11/20 | Global examples: 600000 | Avg Loss (last 1024 ex): 0.1586
2026-07-26 05:01:34,478 - INFO: [exp5_dropout0] Epoch 11/20 | Global examples: 601024 | Avg Loss (last 1024 ex): 0.1663
2026-07-26 05:01:44,425 - INFO: [exp5_dropout0] Epoch 11/20 | Global examples: 602048 | Avg Loss (last 1024 ex): 0.1694
2026-07-26 05:01:53,952 - INFO: [exp5_dropout0] Epoch 11/20 | Global examples: 603072 | Avg Loss (last 1024 ex): 0.1662
2026-07-26 05:02:03,303 - INFO: [exp5_dropout0] Epoch 11/20 | Global examples: 604096 | Avg Loss (last 1024 ex): 0.1776
2026-07-26 05:02:13,120 - INFO: [exp5_dropout0] Epoch 11/20 | Global examples: 605120 | Avg Loss (last 1024 ex): 0.1680
2026-07-26 05:02:22,914 - INFO: [exp5_dropout0] Epoch 11/20 | Global examples: 606144 | Avg Loss (last 1024 ex): 0.1605
2026-07-26 05:02:32,381 - INFO: [exp5_dropout0] Epoch 11/20 | Global examples: 607168 | Avg Loss (last 1024 ex): 0.1609
2026-07-26 05:02:42,607 - INFO: [exp5_dropout0] Epoch 11/20 | Global examples: 608192 | Avg Loss (last 1024 ex): 0.1741
2026-07-26 05:02:52,879 - INFO: [exp5_dropout0] Epoch 11/20 | Global examples: 609216 | Avg Loss (last 1024 ex): 0.1643
2026-07-26 05:03:02,906 - INFO: [exp5_dropout0] Epoch 11/20 | Global examples: 610240 | Avg Loss (last 1024 ex): 0.1716
2026-07-26 05:03:12,999 - INFO: [exp5_dropout0] Epoch 11/20 | Global examples: 611264 | Avg Loss (last 1024 ex): 0.1553
2026-07-26 05:03:22,902 - INFO: [exp5_dropout0] Epoch 11/20 | Global examples: 612288 | Avg Loss (last 1024 ex): 0.1580
2026-07-26 05:03:32,256 - INFO: [exp5_dropout0] Epoch 11/20 | Global examples: 613312 | Avg Loss (last 1024 ex): 0.1793
2026-07-26 05:03:42,154 - INFO: [exp5_dropout0] Epoch 11/20 | Global examples: 614336 | Avg Loss (last 1024 ex): 0.1682
2026-07-26 05:03:51,453 - INFO: [exp5_dropout0] Epoch 11/20 | Global examples: 615360 | Avg Loss (last 1024 ex): 0.1610
2026-07-26 05:04:01,208 - INFO: [exp5_dropout0] Epoch 11/20 | Global examples: 616384 | Avg Loss (last 1024 ex): 0.1641
2026-07-26 05:04:11,082 - INFO: [exp5_dropout0] Epoch 11/20 | Global examples: 617408 | Avg Loss (last 1024 ex): 0.1640
2026-07-26 05:04:20,587 - INFO: [exp5_dropout0] Epoch 11/20 | Global examples: 618432 | Avg Loss (last 1024 ex): 0.1666
2026-07-26 05:04:30,184 - INFO: [exp5_dropout0] Epoch 11/20 | Global examples: 619456 | Avg Loss (last 1024 ex): 0.1630
2026-07-26 05:04:39,958 - INFO: [exp5_dropout0] Epoch 11/20 | Global examples: 620480 | Avg Loss (last 1024 ex): 0.1621
2026-07-26 05:04:49,399 - INFO: [exp5_dropout0] Epoch 11/20 | Global examples: 621504 | Avg Loss (last 1024 ex): 0.1735
2026-07-26 05:04:59,175 - INFO: [exp5_dropout0] Epoch 11/20 | Global examples: 622528 | Avg Loss (last 1024 ex): 0.1545
2026-07-26 05:05:08,944 - INFO: [exp5_dropout0] Epoch 11/20 | Global examples: 623552 | Avg Loss (last 1024 ex): 0.1647
2026-07-26 05:05:18,225 - INFO: [exp5_dropout0] Epoch 11/20 | Global examples: 624576 | Avg Loss (last 1024 ex): 0.1634
2026-07-26 05:05:27,878 - INFO: [exp5_dropout0] Epoch 11/20 | Global examples: 625600 | Avg Loss (last 1024 ex): 0.1719
2026-07-26 05:05:37,156 - INFO: [exp5_dropout0] Epoch 11/20 | Global examples: 626624 | Avg Loss (last 1024 ex): 0.1765
2026-07-26 05:05:47,060 - INFO: [exp5_dropout0] Epoch 11/20 | Global examples: 627648 | Avg Loss (last 1024 ex): 0.1721
2026-07-26 05:05:56,752 - INFO: [exp5_dropout0] Epoch 11/20 | Global examples: 628672 | Avg Loss (last 1024 ex): 0.1567
2026-07-26 05:06:06,095 - INFO: [exp5_dropout0] Epoch 11/20 | Global examples: 629696 | Avg Loss (last 1024 ex): 0.1674
2026-07-26 05:06:16,093 - INFO: [exp5_dropout0] Epoch 11/20 | Global examples: 630720 | Avg Loss (last 1024 ex): 0.1551
2026-07-26 05:06:25,795 - INFO: [exp5_dropout0] Epoch 11/20 | Global examples: 631744 | Avg Loss (last 1024 ex): 0.1647
2026-07-26 05:06:35,114 - INFO: [exp5_dropout0] Epoch 11/20 | Global examples: 632768 | Avg Loss (last 1024 ex): 0.1649
2026-07-26 05:06:45,015 - INFO: [exp5_dropout0] Epoch 11/20 | Global examples: 633792 | Avg Loss (last 1024 ex): 0.1667
2026-07-26 05:06:54,794 - INFO: [exp5_dropout0] Epoch 11/20 | Global examples: 634816 | Avg Loss (last 1024 ex): 0.1579
2026-07-26 05:07:04,283 - INFO: [exp5_dropout0] Epoch 11/20 | Global examples: 635840 | Avg Loss (last 1024 ex): 0.1753
2026-07-26 05:07:14,074 - INFO: [exp5_dropout0] Epoch 11/20 | Global examples: 636864 | Avg Loss (last 1024 ex): 0.1637
2026-07-26 05:07:23,786 - INFO: [exp5_dropout0] Epoch 11/20 | Global examples: 637888 | Avg Loss (last 1024 ex): 0.1602
2026-07-26 05:07:33,230 - INFO: [exp5_dropout0] Epoch 11/20 | Global examples: 638912 | Avg Loss (last 1024 ex): 0.1595
2026-07-26 05:07:43,237 - INFO: [exp5_dropout0] Epoch 11/20 | Global examples: 639936 | Avg Loss (last 1024 ex): 0.1663
2026-07-26 05:07:52,625 - INFO: [exp5_dropout0] Epoch 11/20 | Global examples: 640960 | Avg Loss (last 1024 ex): 0.1699
2026-07-26 05:08:02,277 - INFO: [exp5_dropout0] Epoch 11/20 | Global examples: 641984 | Avg Loss (last 1024 ex): 0.1634
2026-07-26 05:08:12,025 - INFO: [exp5_dropout0] Epoch 11/20 | Global examples: 643008 | Avg Loss (last 1024 ex): 0.1677
2026-07-26 05:08:12,894 - INFO: [exp5_dropout0] Epoch 11/20 | Global examples: 643104 | Avg Loss (last 96 ex): 0.1835
2026-07-26 05:08:15,136 - INFO: [exp5_dropout0] Epoch 11 Val | Examples: 1024 | Avg Loss (last 1024 ex): 0.1790
2026-07-26 05:08:17,380 - INFO: [exp5_dropout0] Epoch 11 Val | Examples: 2048 | Avg Loss (last 1024 ex): 0.1661
2026-07-26 05:08:19,620 - INFO: [exp5_dropout0] Epoch 11 Val | Examples: 3072 | Avg Loss (last 1024 ex): 0.1614
2026-07-26 05:08:21,809 - INFO: [exp5_dropout0] Epoch 11 Val | Examples: 4096 | Avg Loss (last 1024 ex): 0.1716
2026-07-26 05:08:24,428 - INFO: [exp5_dropout0] Epoch 11 Val | Examples: 5120 | Avg Loss (last 1024 ex): 0.1757
2026-07-26 05:08:24,429 - INFO: [exp5_dropout0] === Epoch 11 done | Train Loss: 0.1645 | Val Loss: 0.1708 | Time: 555.1s ===
2026-07-26 05:08:24,490 - INFO: [exp5_dropout0] Model saved to C:/PythonProject/English2French/model/exp5_dropout0_epoch11.pth
2026-07-26 05:08:34,081 - INFO: [exp5_dropout0] Epoch 12/20 | Global examples: 644128 | Avg Loss (last 1024 ex): 0.1436
2026-07-26 05:08:44,435 - INFO: [exp5_dropout0] Epoch 12/20 | Global examples: 645152 | Avg Loss (last 1024 ex): 0.1433
2026-07-26 05:08:53,791 - INFO: [exp5_dropout0] Epoch 12/20 | Global examples: 646176 | Avg Loss (last 1024 ex): 0.1562
2026-07-26 05:09:02,900 - INFO: [exp5_dropout0] Epoch 12/20 | Global examples: 647200 | Avg Loss (last 1024 ex): 0.1616
2026-07-26 05:09:12,993 - INFO: [exp5_dropout0] Epoch 12/20 | Global examples: 648224 | Avg Loss (last 1024 ex): 0.1499
2026-07-26 05:09:22,426 - INFO: [exp5_dropout0] Epoch 12/20 | Global examples: 649248 | Avg Loss (last 1024 ex): 0.1509
2026-07-26 05:09:32,177 - INFO: [exp5_dropout0] Epoch 12/20 | Global examples: 650272 | Avg Loss (last 1024 ex): 0.1498
2026-07-26 05:09:41,994 - INFO: [exp5_dropout0] Epoch 12/20 | Global examples: 651296 | Avg Loss (last 1024 ex): 0.1564
2026-07-26 05:09:51,112 - INFO: [exp5_dropout0] Epoch 12/20 | Global examples: 652320 | Avg Loss (last 1024 ex): 0.1661
2026-07-26 05:10:00,803 - INFO: [exp5_dropout0] Epoch 12/20 | Global examples: 653344 | Avg Loss (last 1024 ex): 0.1558
2026-07-26 05:10:10,811 - INFO: [exp5_dropout0] Epoch 12/20 | Global examples: 654368 | Avg Loss (last 1024 ex): 0.1599
2026-07-26 05:10:20,184 - INFO: [exp5_dropout0] Epoch 12/20 | Global examples: 655392 | Avg Loss (last 1024 ex): 0.1589
2026-07-26 05:10:29,789 - INFO: [exp5_dropout0] Epoch 12/20 | Global examples: 656416 | Avg Loss (last 1024 ex): 0.1625
2026-07-26 05:10:39,965 - INFO: [exp5_dropout0] Epoch 12/20 | Global examples: 657440 | Avg Loss (last 1024 ex): 0.1556
2026-07-26 05:10:49,377 - INFO: [exp5_dropout0] Epoch 12/20 | Global examples: 658464 | Avg Loss (last 1024 ex): 0.1568
2026-07-26 05:10:59,339 - INFO: [exp5_dropout0] Epoch 12/20 | Global examples: 659488 | Avg Loss (last 1024 ex): 0.1687
2026-07-26 05:11:08,994 - INFO: [exp5_dropout0] Epoch 12/20 | Global examples: 660512 | Avg Loss (last 1024 ex): 0.1565
2026-07-26 05:11:18,597 - INFO: [exp5_dropout0] Epoch 12/20 | Global examples: 661536 | Avg Loss (last 1024 ex): 0.1646
2026-07-26 05:11:28,232 - INFO: [exp5_dropout0] Epoch 12/20 | Global examples: 662560 | Avg Loss (last 1024 ex): 0.1670
2026-07-26 05:11:37,400 - INFO: [exp5_dropout0] Epoch 12/20 | Global examples: 663584 | Avg Loss (last 1024 ex): 0.1608
2026-07-26 05:11:47,219 - INFO: [exp5_dropout0] Epoch 12/20 | Global examples: 664608 | Avg Loss (last 1024 ex): 0.1614
2026-07-26 05:11:56,977 - INFO: [exp5_dropout0] Epoch 12/20 | Global examples: 665632 | Avg Loss (last 1024 ex): 0.1526
2026-07-26 05:12:06,366 - INFO: [exp5_dropout0] Epoch 12/20 | Global examples: 666656 | Avg Loss (last 1024 ex): 0.1539
2026-07-26 05:12:16,241 - INFO: [exp5_dropout0] Epoch 12/20 | Global examples: 667680 | Avg Loss (last 1024 ex): 0.1645
2026-07-26 05:12:25,962 - INFO: [exp5_dropout0] Epoch 12/20 | Global examples: 668704 | Avg Loss (last 1024 ex): 0.1602
2026-07-26 05:12:35,391 - INFO: [exp5_dropout0] Epoch 12/20 | Global examples: 669728 | Avg Loss (last 1024 ex): 0.1673
2026-07-26 05:12:45,193 - INFO: [exp5_dropout0] Epoch 12/20 | Global examples: 670752 | Avg Loss (last 1024 ex): 0.1561
2026-07-26 05:12:55,001 - INFO: [exp5_dropout0] Epoch 12/20 | Global examples: 671776 | Avg Loss (last 1024 ex): 0.1641
2026-07-26 05:13:04,365 - INFO: [exp5_dropout0] Epoch 12/20 | Global examples: 672800 | Avg Loss (last 1024 ex): 0.1618
2026-07-26 05:13:14,191 - INFO: [exp5_dropout0] Epoch 12/20 | Global examples: 673824 | Avg Loss (last 1024 ex): 0.1475
2026-07-26 05:13:23,336 - INFO: [exp5_dropout0] Epoch 12/20 | Global examples: 674848 | Avg Loss (last 1024 ex): 0.1638
2026-07-26 05:13:33,046 - INFO: [exp5_dropout0] Epoch 12/20 | Global examples: 675872 | Avg Loss (last 1024 ex): 0.1629
2026-07-26 05:13:42,859 - INFO: [exp5_dropout0] Epoch 12/20 | Global examples: 676896 | Avg Loss (last 1024 ex): 0.1577
2026-07-26 05:13:52,159 - INFO: [exp5_dropout0] Epoch 12/20 | Global examples: 677920 | Avg Loss (last 1024 ex): 0.1549
2026-07-26 05:14:01,750 - INFO: [exp5_dropout0] Epoch 12/20 | Global examples: 678944 | Avg Loss (last 1024 ex): 0.1721
2026-07-26 05:14:11,386 - INFO: [exp5_dropout0] Epoch 12/20 | Global examples: 679968 | Avg Loss (last 1024 ex): 0.1589
2026-07-26 05:14:20,674 - INFO: [exp5_dropout0] Epoch 12/20 | Global examples: 680992 | Avg Loss (last 1024 ex): 0.1453
2026-07-26 05:14:30,408 - INFO: [exp5_dropout0] Epoch 12/20 | Global examples: 682016 | Avg Loss (last 1024 ex): 0.1603
2026-07-26 05:14:41,638 - INFO: [exp5_dropout0] Epoch 12/20 | Global examples: 683040 | Avg Loss (last 1024 ex): 0.1661
2026-07-26 05:14:52,166 - INFO: [exp5_dropout0] Epoch 12/20 | Global examples: 684064 | Avg Loss (last 1024 ex): 0.1629
2026-07-26 05:15:01,987 - INFO: [exp5_dropout0] Epoch 12/20 | Global examples: 685088 | Avg Loss (last 1024 ex): 0.1588
2026-07-26 05:15:11,907 - INFO: [exp5_dropout0] Epoch 12/20 | Global examples: 686112 | Avg Loss (last 1024 ex): 0.1624
2026-07-26 05:15:21,301 - INFO: [exp5_dropout0] Epoch 12/20 | Global examples: 687136 | Avg Loss (last 1024 ex): 0.1556
2026-07-26 05:15:31,126 - INFO: [exp5_dropout0] Epoch 12/20 | Global examples: 688160 | Avg Loss (last 1024 ex): 0.1526
2026-07-26 05:15:41,026 - INFO: [exp5_dropout0] Epoch 12/20 | Global examples: 689184 | Avg Loss (last 1024 ex): 0.1606
2026-07-26 05:15:50,373 - INFO: [exp5_dropout0] Epoch 12/20 | Global examples: 690208 | Avg Loss (last 1024 ex): 0.1537
2026-07-26 05:16:00,009 - INFO: [exp5_dropout0] Epoch 12/20 | Global examples: 691232 | Avg Loss (last 1024 ex): 0.1522
2026-07-26 05:16:09,868 - INFO: [exp5_dropout0] Epoch 12/20 | Global examples: 692256 | Avg Loss (last 1024 ex): 0.1696
2026-07-26 05:16:19,316 - INFO: [exp5_dropout0] Epoch 12/20 | Global examples: 693280 | Avg Loss (last 1024 ex): 0.1474
2026-07-26 05:16:29,080 - INFO: [exp5_dropout0] Epoch 12/20 | Global examples: 694304 | Avg Loss (last 1024 ex): 0.1527
2026-07-26 05:16:38,481 - INFO: [exp5_dropout0] Epoch 12/20 | Global examples: 695328 | Avg Loss (last 1024 ex): 0.1511
2026-07-26 05:16:48,469 - INFO: [exp5_dropout0] Epoch 12/20 | Global examples: 696352 | Avg Loss (last 1024 ex): 0.1649
2026-07-26 05:16:58,151 - INFO: [exp5_dropout0] Epoch 12/20 | Global examples: 697376 | Avg Loss (last 1024 ex): 0.1500
2026-07-26 05:17:07,501 - INFO: [exp5_dropout0] Epoch 12/20 | Global examples: 698400 | Avg Loss (last 1024 ex): 0.1499
2026-07-26 05:17:17,483 - INFO: [exp5_dropout0] Epoch 12/20 | Global examples: 699424 | Avg Loss (last 1024 ex): 0.1615
2026-07-26 05:17:27,279 - INFO: [exp5_dropout0] Epoch 12/20 | Global examples: 700448 | Avg Loss (last 1024 ex): 0.1629
2026-07-26 05:17:36,486 - INFO: [exp5_dropout0] Epoch 12/20 | Global examples: 701472 | Avg Loss (last 1024 ex): 0.1554
2026-07-26 05:17:37,337 - INFO: [exp5_dropout0] Epoch 12/20 | Global examples: 701568 | Avg Loss (last 96 ex): 0.1700
2026-07-26 05:17:39,974 - INFO: [exp5_dropout0] Epoch 12 Val | Examples: 1024 | Avg Loss (last 1024 ex): 0.1730
2026-07-26 05:17:42,452 - INFO: [exp5_dropout0] Epoch 12 Val | Examples: 2048 | Avg Loss (last 1024 ex): 0.1558
2026-07-26 05:17:44,727 - INFO: [exp5_dropout0] Epoch 12 Val | Examples: 3072 | Avg Loss (last 1024 ex): 0.1667
2026-07-26 05:17:47,024 - INFO: [exp5_dropout0] Epoch 12 Val | Examples: 4096 | Avg Loss (last 1024 ex): 0.1577
2026-07-26 05:17:49,353 - INFO: [exp5_dropout0] Epoch 12 Val | Examples: 5120 | Avg Loss (last 1024 ex): 0.1759
2026-07-26 05:17:49,354 - INFO: [exp5_dropout0] === Epoch 12 done | Train Loss: 0.1579 | Val Loss: 0.1658 | Time: 552.8s ===
2026-07-26 05:17:49,416 - INFO: [exp5_dropout0] Model saved to C:/PythonProject/English2French/model/exp5_dropout0_epoch12.pth
2026-07-26 05:17:59,843 - INFO: [exp5_dropout0] Epoch 13/20 | Global examples: 702592 | Avg Loss (last 1024 ex): 0.1510
2026-07-26 05:18:09,232 - INFO: [exp5_dropout0] Epoch 13/20 | Global examples: 703616 | Avg Loss (last 1024 ex): 0.1399
2026-07-26 05:18:19,053 - INFO: [exp5_dropout0] Epoch 13/20 | Global examples: 704640 | Avg Loss (last 1024 ex): 0.1460
2026-07-26 05:18:28,931 - INFO: [exp5_dropout0] Epoch 13/20 | Global examples: 705664 | Avg Loss (last 1024 ex): 0.1491
2026-07-26 05:18:38,188 - INFO: [exp5_dropout0] Epoch 13/20 | Global examples: 706688 | Avg Loss (last 1024 ex): 0.1549
2026-07-26 05:18:48,059 - INFO: [exp5_dropout0] Epoch 13/20 | Global examples: 707712 | Avg Loss (last 1024 ex): 0.1357
2026-07-26 05:18:58,102 - INFO: [exp5_dropout0] Epoch 13/20 | Global examples: 708736 | Avg Loss (last 1024 ex): 0.1574
2026-07-26 05:19:07,618 - INFO: [exp5_dropout0] Epoch 13/20 | Global examples: 709760 | Avg Loss (last 1024 ex): 0.1506
2026-07-26 05:19:17,240 - INFO: [exp5_dropout0] Epoch 13/20 | Global examples: 710784 | Avg Loss (last 1024 ex): 0.1480
2026-07-26 05:19:27,105 - INFO: [exp5_dropout0] Epoch 13/20 | Global examples: 711808 | Avg Loss (last 1024 ex): 0.1564
2026-07-26 05:19:36,427 - INFO: [exp5_dropout0] Epoch 13/20 | Global examples: 712832 | Avg Loss (last 1024 ex): 0.1468
2026-07-26 05:19:46,192 - INFO: [exp5_dropout0] Epoch 13/20 | Global examples: 713856 | Avg Loss (last 1024 ex): 0.1501
2026-07-26 05:19:56,233 - INFO: [exp5_dropout0] Epoch 13/20 | Global examples: 714880 | Avg Loss (last 1024 ex): 0.1575
2026-07-26 05:20:05,437 - INFO: [exp5_dropout0] Epoch 13/20 | Global examples: 715904 | Avg Loss (last 1024 ex): 0.1511
2026-07-26 05:20:15,097 - INFO: [exp5_dropout0] Epoch 13/20 | Global examples: 716928 | Avg Loss (last 1024 ex): 0.1570
2026-07-26 05:20:24,585 - INFO: [exp5_dropout0] Epoch 13/20 | Global examples: 717952 | Avg Loss (last 1024 ex): 0.1568
2026-07-26 05:20:34,610 - INFO: [exp5_dropout0] Epoch 13/20 | Global examples: 718976 | Avg Loss (last 1024 ex): 0.1544
2026-07-26 05:20:44,407 - INFO: [exp5_dropout0] Epoch 13/20 | Global examples: 720000 | Avg Loss (last 1024 ex): 0.1576
2026-07-26 05:20:53,726 - INFO: [exp5_dropout0] Epoch 13/20 | Global examples: 721024 | Avg Loss (last 1024 ex): 0.1547
2026-07-26 05:21:03,617 - INFO: [exp5_dropout0] Epoch 13/20 | Global examples: 722048 | Avg Loss (last 1024 ex): 0.1541
2026-07-26 05:21:13,354 - INFO: [exp5_dropout0] Epoch 13/20 | Global examples: 723072 | Avg Loss (last 1024 ex): 0.1560
2026-07-26 05:21:23,186 - INFO: [exp5_dropout0] Epoch 13/20 | Global examples: 724096 | Avg Loss (last 1024 ex): 0.1535
2026-07-26 05:21:33,430 - INFO: [exp5_dropout0] Epoch 13/20 | Global examples: 725120 | Avg Loss (last 1024 ex): 0.1615
2026-07-26 05:21:43,183 - INFO: [exp5_dropout0] Epoch 13/20 | Global examples: 726144 | Avg Loss (last 1024 ex): 0.1515
2026-07-26 05:21:52,404 - INFO: [exp5_dropout0] Epoch 13/20 | Global examples: 727168 | Avg Loss (last 1024 ex): 0.1416
2026-07-26 05:22:02,419 - INFO: [exp5_dropout0] Epoch 13/20 | Global examples: 728192 | Avg Loss (last 1024 ex): 0.1488
2026-07-26 05:22:12,287 - INFO: [exp5_dropout0] Epoch 13/20 | Global examples: 729216 | Avg Loss (last 1024 ex): 0.1405
2026-07-26 05:22:21,592 - INFO: [exp5_dropout0] Epoch 13/20 | Global examples: 730240 | Avg Loss (last 1024 ex): 0.1574
2026-07-26 05:22:31,606 - INFO: [exp5_dropout0] Epoch 13/20 | Global examples: 731264 | Avg Loss (last 1024 ex): 0.1525
2026-07-26 05:22:41,346 - INFO: [exp5_dropout0] Epoch 13/20 | Global examples: 732288 | Avg Loss (last 1024 ex): 0.1602
2026-07-26 05:22:50,835 - INFO: [exp5_dropout0] Epoch 13/20 | Global examples: 733312 | Avg Loss (last 1024 ex): 0.1571
2026-07-26 05:23:01,108 - INFO: [exp5_dropout0] Epoch 13/20 | Global examples: 734336 | Avg Loss (last 1024 ex): 0.1584
2026-07-26 05:23:10,748 - INFO: [exp5_dropout0] Epoch 13/20 | Global examples: 735360 | Avg Loss (last 1024 ex): 0.1622
2026-07-26 05:23:20,548 - INFO: [exp5_dropout0] Epoch 13/20 | Global examples: 736384 | Avg Loss (last 1024 ex): 0.1441
2026-07-26 05:23:30,621 - INFO: [exp5_dropout0] Epoch 13/20 | Global examples: 737408 | Avg Loss (last 1024 ex): 0.1500
2026-07-26 05:23:39,868 - INFO: [exp5_dropout0] Epoch 13/20 | Global examples: 738432 | Avg Loss (last 1024 ex): 0.1562
2026-07-26 05:23:49,716 - INFO: [exp5_dropout0] Epoch 13/20 | Global examples: 739456 | Avg Loss (last 1024 ex): 0.1566
2026-07-26 05:23:59,767 - INFO: [exp5_dropout0] Epoch 13/20 | Global examples: 740480 | Avg Loss (last 1024 ex): 0.1627
2026-07-26 05:24:09,358 - INFO: [exp5_dropout0] Epoch 13/20 | Global examples: 741504 | Avg Loss (last 1024 ex): 0.1450
2026-07-26 05:24:18,988 - INFO: [exp5_dropout0] Epoch 13/20 | Global examples: 742528 | Avg Loss (last 1024 ex): 0.1447
2026-07-26 05:24:28,961 - INFO: [exp5_dropout0] Epoch 13/20 | Global examples: 743552 | Avg Loss (last 1024 ex): 0.1541
2026-07-26 05:24:38,235 - INFO: [exp5_dropout0] Epoch 13/20 | Global examples: 744576 | Avg Loss (last 1024 ex): 0.1556
2026-07-26 05:24:48,132 - INFO: [exp5_dropout0] Epoch 13/20 | Global examples: 745600 | Avg Loss (last 1024 ex): 0.1457
2026-07-26 05:24:58,341 - INFO: [exp5_dropout0] Epoch 13/20 | Global examples: 746624 | Avg Loss (last 1024 ex): 0.1550
2026-07-26 05:25:08,031 - INFO: [exp5_dropout0] Epoch 13/20 | Global examples: 747648 | Avg Loss (last 1024 ex): 0.1521
2026-07-26 05:25:17,821 - INFO: [exp5_dropout0] Epoch 13/20 | Global examples: 748672 | Avg Loss (last 1024 ex): 0.1441
2026-07-26 05:25:27,820 - INFO: [exp5_dropout0] Epoch 13/20 | Global examples: 749696 | Avg Loss (last 1024 ex): 0.1581
2026-07-26 05:25:37,332 - INFO: [exp5_dropout0] Epoch 13/20 | Global examples: 750720 | Avg Loss (last 1024 ex): 0.1422
2026-07-26 05:25:47,354 - INFO: [exp5_dropout0] Epoch 13/20 | Global examples: 751744 | Avg Loss (last 1024 ex): 0.1428
2026-07-26 05:25:57,360 - INFO: [exp5_dropout0] Epoch 13/20 | Global examples: 752768 | Avg Loss (last 1024 ex): 0.1605
2026-07-26 05:26:06,741 - INFO: [exp5_dropout0] Epoch 13/20 | Global examples: 753792 | Avg Loss (last 1024 ex): 0.1571
2026-07-26 05:26:16,513 - INFO: [exp5_dropout0] Epoch 13/20 | Global examples: 754816 | Avg Loss (last 1024 ex): 0.1416
2026-07-26 05:26:26,107 - INFO: [exp5_dropout0] Epoch 13/20 | Global examples: 755840 | Avg Loss (last 1024 ex): 0.1535
2026-07-26 05:26:36,163 - INFO: [exp5_dropout0] Epoch 13/20 | Global examples: 756864 | Avg Loss (last 1024 ex): 0.1488
2026-07-26 05:26:46,174 - INFO: [exp5_dropout0] Epoch 13/20 | Global examples: 757888 | Avg Loss (last 1024 ex): 0.1565
2026-07-26 05:26:55,635 - INFO: [exp5_dropout0] Epoch 13/20 | Global examples: 758912 | Avg Loss (last 1024 ex): 0.1516
2026-07-26 05:27:05,713 - INFO: [exp5_dropout0] Epoch 13/20 | Global examples: 759936 | Avg Loss (last 1024 ex): 0.1687
2026-07-26 05:27:06,594 - INFO: [exp5_dropout0] Epoch 13/20 | Global examples: 760032 | Avg Loss (last 96 ex): 0.1497
2026-07-26 05:27:08,911 - INFO: [exp5_dropout0] Epoch 13 Val | Examples: 1024 | Avg Loss (last 1024 ex): 0.1626
2026-07-26 05:27:11,162 - INFO: [exp5_dropout0] Epoch 13 Val | Examples: 2048 | Avg Loss (last 1024 ex): 0.1516
2026-07-26 05:27:13,806 - INFO: [exp5_dropout0] Epoch 13 Val | Examples: 3072 | Avg Loss (last 1024 ex): 0.1552
2026-07-26 05:27:16,070 - INFO: [exp5_dropout0] Epoch 13 Val | Examples: 4096 | Avg Loss (last 1024 ex): 0.1509
2026-07-26 05:27:18,372 - INFO: [exp5_dropout0] Epoch 13 Val | Examples: 5120 | Avg Loss (last 1024 ex): 0.1626
2026-07-26 05:27:18,372 - INFO: [exp5_dropout0] === Epoch 13 done | Train Loss: 0.1522 | Val Loss: 0.1566 | Time: 557.2s ===
2026-07-26 05:27:18,426 - INFO: [exp5_dropout0] Model saved to C:/PythonProject/English2French/model/exp5_dropout0_epoch13.pth
2026-07-26 05:27:29,270 - INFO: [exp5_dropout0] Epoch 14/20 | Global examples: 761056 | Avg Loss (last 1024 ex): 0.1380
2026-07-26 05:27:38,984 - INFO: [exp5_dropout0] Epoch 14/20 | Global examples: 762080 | Avg Loss (last 1024 ex): 0.1406
2026-07-26 05:27:49,240 - INFO: [exp5_dropout0] Epoch 14/20 | Global examples: 763104 | Avg Loss (last 1024 ex): 0.1380
2026-07-26 05:27:59,859 - INFO: [exp5_dropout0] Epoch 14/20 | Global examples: 764128 | Avg Loss (last 1024 ex): 0.1492
2026-07-26 05:28:09,761 - INFO: [exp5_dropout0] Epoch 14/20 | Global examples: 765152 | Avg Loss (last 1024 ex): 0.1341
2026-07-26 05:28:19,943 - INFO: [exp5_dropout0] Epoch 14/20 | Global examples: 766176 | Avg Loss (last 1024 ex): 0.1497
2026-07-26 05:28:30,376 - INFO: [exp5_dropout0] Epoch 14/20 | Global examples: 767200 | Avg Loss (last 1024 ex): 0.1445
2026-07-26 05:28:40,262 - INFO: [exp5_dropout0] Epoch 14/20 | Global examples: 768224 | Avg Loss (last 1024 ex): 0.1408
2026-07-26 05:28:50,381 - INFO: [exp5_dropout0] Epoch 14/20 | Global examples: 769248 | Avg Loss (last 1024 ex): 0.1528
2026-07-26 05:29:01,009 - INFO: [exp5_dropout0] Epoch 14/20 | Global examples: 770272 | Avg Loss (last 1024 ex): 0.1569
2026-07-26 05:29:11,087 - INFO: [exp5_dropout0] Epoch 14/20 | Global examples: 771296 | Avg Loss (last 1024 ex): 0.1519
2026-07-26 05:29:21,342 - INFO: [exp5_dropout0] Epoch 14/20 | Global examples: 772320 | Avg Loss (last 1024 ex): 0.1511
2026-07-26 05:29:31,709 - INFO: [exp5_dropout0] Epoch 14/20 | Global examples: 773344 | Avg Loss (last 1024 ex): 0.1481
2026-07-26 05:29:41,469 - INFO: [exp5_dropout0] Epoch 14/20 | Global examples: 774368 | Avg Loss (last 1024 ex): 0.1435
2026-07-26 05:29:51,371 - INFO: [exp5_dropout0] Epoch 14/20 | Global examples: 775392 | Avg Loss (last 1024 ex): 0.1387
2026-07-26 05:30:01,618 - INFO: [exp5_dropout0] Epoch 14/20 | Global examples: 776416 | Avg Loss (last 1024 ex): 0.1490
2026-07-26 05:30:11,215 - INFO: [exp5_dropout0] Epoch 14/20 | Global examples: 777440 | Avg Loss (last 1024 ex): 0.1450
2026-07-26 05:30:21,235 - INFO: [exp5_dropout0] Epoch 14/20 | Global examples: 778464 | Avg Loss (last 1024 ex): 0.1573
2026-07-26 05:30:31,416 - INFO: [exp5_dropout0] Epoch 14/20 | Global examples: 779488 | Avg Loss (last 1024 ex): 0.1474
2026-07-26 05:30:41,092 - INFO: [exp5_dropout0] Epoch 14/20 | Global examples: 780512 | Avg Loss (last 1024 ex): 0.1572
2026-07-26 05:30:51,164 - INFO: [exp5_dropout0] Epoch 14/20 | Global examples: 781536 | Avg Loss (last 1024 ex): 0.1449
2026-07-26 05:31:01,459 - INFO: [exp5_dropout0] Epoch 14/20 | Global examples: 782560 | Avg Loss (last 1024 ex): 0.1406
2026-07-26 05:31:11,080 - INFO: [exp5_dropout0] Epoch 14/20 | Global examples: 783584 | Avg Loss (last 1024 ex): 0.1519
2026-07-26 05:31:20,807 - INFO: [exp5_dropout0] Epoch 14/20 | Global examples: 784608 | Avg Loss (last 1024 ex): 0.1384
2026-07-26 05:31:31,014 - INFO: [exp5_dropout0] Epoch 14/20 | Global examples: 785632 | Avg Loss (last 1024 ex): 0.1594
2026-07-26 05:31:40,754 - INFO: [exp5_dropout0] Epoch 14/20 | Global examples: 786656 | Avg Loss (last 1024 ex): 0.1446
2026-07-26 05:31:50,960 - INFO: [exp5_dropout0] Epoch 14/20 | Global examples: 787680 | Avg Loss (last 1024 ex): 0.1503
2026-07-26 05:32:01,222 - INFO: [exp5_dropout0] Epoch 14/20 | Global examples: 788704 | Avg Loss (last 1024 ex): 0.1485
2026-07-26 05:32:10,767 - INFO: [exp5_dropout0] Epoch 14/20 | Global examples: 789728 | Avg Loss (last 1024 ex): 0.1498
2026-07-26 05:32:20,672 - INFO: [exp5_dropout0] Epoch 14/20 | Global examples: 790752 | Avg Loss (last 1024 ex): 0.1656
2026-07-26 05:32:30,916 - INFO: [exp5_dropout0] Epoch 14/20 | Global examples: 791776 | Avg Loss (last 1024 ex): 0.1539
2026-07-26 05:32:40,655 - INFO: [exp5_dropout0] Epoch 14/20 | Global examples: 792800 | Avg Loss (last 1024 ex): 0.1439
2026-07-26 05:32:50,664 - INFO: [exp5_dropout0] Epoch 14/20 | Global examples: 793824 | Avg Loss (last 1024 ex): 0.1445
2026-07-26 05:33:00,737 - INFO: [exp5_dropout0] Epoch 14/20 | Global examples: 794848 | Avg Loss (last 1024 ex): 0.1471
2026-07-26 05:33:10,185 - INFO: [exp5_dropout0] Epoch 14/20 | Global examples: 795872 | Avg Loss (last 1024 ex): 0.1535
2026-07-26 05:33:20,319 - INFO: [exp5_dropout0] Epoch 14/20 | Global examples: 796896 | Avg Loss (last 1024 ex): 0.1402
2026-07-26 05:33:30,420 - INFO: [exp5_dropout0] Epoch 14/20 | Global examples: 797920 | Avg Loss (last 1024 ex): 0.1423
2026-07-26 05:33:40,174 - INFO: [exp5_dropout0] Epoch 14/20 | Global examples: 798944 | Avg Loss (last 1024 ex): 0.1473
2026-07-26 05:33:50,226 - INFO: [exp5_dropout0] Epoch 14/20 | Global examples: 799968 | Avg Loss (last 1024 ex): 0.1496
2026-07-26 05:34:00,396 - INFO: [exp5_dropout0] Epoch 14/20 | Global examples: 800992 | Avg Loss (last 1024 ex): 0.1431
2026-07-26 05:34:09,920 - INFO: [exp5_dropout0] Epoch 14/20 | Global examples: 802016 | Avg Loss (last 1024 ex): 0.1600
2026-07-26 05:34:19,926 - INFO: [exp5_dropout0] Epoch 14/20 | Global examples: 803040 | Avg Loss (last 1024 ex): 0.1481
2026-07-26 05:34:30,057 - INFO: [exp5_dropout0] Epoch 14/20 | Global examples: 804064 | Avg Loss (last 1024 ex): 0.1527
2026-07-26 05:34:39,741 - INFO: [exp5_dropout0] Epoch 14/20 | Global examples: 805088 | Avg Loss (last 1024 ex): 0.1439
2026-07-26 05:34:49,813 - INFO: [exp5_dropout0] Epoch 14/20 | Global examples: 806112 | Avg Loss (last 1024 ex): 0.1375
2026-07-26 05:35:00,003 - INFO: [exp5_dropout0] Epoch 14/20 | Global examples: 807136 | Avg Loss (last 1024 ex): 0.1469
2026-07-26 05:35:09,535 - INFO: [exp5_dropout0] Epoch 14/20 | Global examples: 808160 | Avg Loss (last 1024 ex): 0.1430
2026-07-26 05:35:19,619 - INFO: [exp5_dropout0] Epoch 14/20 | Global examples: 809184 | Avg Loss (last 1024 ex): 0.1522
2026-07-26 05:35:29,968 - INFO: [exp5_dropout0] Epoch 14/20 | Global examples: 810208 | Avg Loss (last 1024 ex): 0.1465
2026-07-26 05:35:39,416 - INFO: [exp5_dropout0] Epoch 14/20 | Global examples: 811232 | Avg Loss (last 1024 ex): 0.1474
2026-07-26 05:35:49,255 - INFO: [exp5_dropout0] Epoch 14/20 | Global examples: 812256 | Avg Loss (last 1024 ex): 0.1440
2026-07-26 05:35:59,502 - INFO: [exp5_dropout0] Epoch 14/20 | Global examples: 813280 | Avg Loss (last 1024 ex): 0.1555
2026-07-26 05:36:09,172 - INFO: [exp5_dropout0] Epoch 14/20 | Global examples: 814304 | Avg Loss (last 1024 ex): 0.1472
2026-07-26 05:36:19,254 - INFO: [exp5_dropout0] Epoch 14/20 | Global examples: 815328 | Avg Loss (last 1024 ex): 0.1494
2026-07-26 05:36:29,243 - INFO: [exp5_dropout0] Epoch 14/20 | Global examples: 816352 | Avg Loss (last 1024 ex): 0.1485
2026-07-26 05:36:39,080 - INFO: [exp5_dropout0] Epoch 14/20 | Global examples: 817376 | Avg Loss (last 1024 ex): 0.1530
2026-07-26 05:36:49,149 - INFO: [exp5_dropout0] Epoch 14/20 | Global examples: 818400 | Avg Loss (last 1024 ex): 0.1475
2026-07-26 05:36:50,068 - INFO: [exp5_dropout0] Epoch 14/20 | Global examples: 818496 | Avg Loss (last 96 ex): 0.1711
2026-07-26 05:36:52,408 - INFO: [exp5_dropout0] Epoch 14 Val | Examples: 1024 | Avg Loss (last 1024 ex): 0.1556
2026-07-26 05:36:54,704 - INFO: [exp5_dropout0] Epoch 14 Val | Examples: 2048 | Avg Loss (last 1024 ex): 0.1475
2026-07-26 05:36:57,028 - INFO: [exp5_dropout0] Epoch 14 Val | Examples: 3072 | Avg Loss (last 1024 ex): 0.1478
2026-07-26 05:37:00,033 - INFO: [exp5_dropout0] Epoch 14 Val | Examples: 4096 | Avg Loss (last 1024 ex): 0.1520
2026-07-26 05:37:02,426 - INFO: [exp5_dropout0] Epoch 14 Val | Examples: 5120 | Avg Loss (last 1024 ex): 0.1604
2026-07-26 05:37:02,426 - INFO: [exp5_dropout0] === Epoch 14 done | Train Loss: 0.1477 | Val Loss: 0.1526 | Time: 571.6s ===
2026-07-26 05:37:02,488 - INFO: [exp5_dropout0] Model saved to C:/PythonProject/English2French/model/exp5_dropout0_epoch14.pth
2026-07-26 05:37:11,977 - INFO: [exp5_dropout0] Epoch 15/20 | Global examples: 819520 | Avg Loss (last 1024 ex): 0.1348
2026-07-26 05:37:22,529 - INFO: [exp5_dropout0] Epoch 15/20 | Global examples: 820544 | Avg Loss (last 1024 ex): 0.1425
2026-07-26 05:37:32,437 - INFO: [exp5_dropout0] Epoch 15/20 | Global examples: 821568 | Avg Loss (last 1024 ex): 0.1348
2026-07-26 05:37:42,101 - INFO: [exp5_dropout0] Epoch 15/20 | Global examples: 822592 | Avg Loss (last 1024 ex): 0.1445
2026-07-26 05:37:52,117 - INFO: [exp5_dropout0] Epoch 15/20 | Global examples: 823616 | Avg Loss (last 1024 ex): 0.1436
2026-07-26 05:38:02,226 - INFO: [exp5_dropout0] Epoch 15/20 | Global examples: 824640 | Avg Loss (last 1024 ex): 0.1438
2026-07-26 05:38:11,683 - INFO: [exp5_dropout0] Epoch 15/20 | Global examples: 825664 | Avg Loss (last 1024 ex): 0.1506
2026-07-26 05:38:21,868 - INFO: [exp5_dropout0] Epoch 15/20 | Global examples: 826688 | Avg Loss (last 1024 ex): 0.1455
2026-07-26 05:38:31,675 - INFO: [exp5_dropout0] Epoch 15/20 | Global examples: 827712 | Avg Loss (last 1024 ex): 0.1482
2026-07-26 05:38:41,341 - INFO: [exp5_dropout0] Epoch 15/20 | Global examples: 828736 | Avg Loss (last 1024 ex): 0.1340
2026-07-26 05:38:51,416 - INFO: [exp5_dropout0] Epoch 15/20 | Global examples: 829760 | Avg Loss (last 1024 ex): 0.1426
2026-07-26 05:39:01,414 - INFO: [exp5_dropout0] Epoch 15/20 | Global examples: 830784 | Avg Loss (last 1024 ex): 0.1469
2026-07-26 05:39:10,943 - INFO: [exp5_dropout0] Epoch 15/20 | Global examples: 831808 | Avg Loss (last 1024 ex): 0.1378
2026-07-26 05:39:21,262 - INFO: [exp5_dropout0] Epoch 15/20 | Global examples: 832832 | Avg Loss (last 1024 ex): 0.1509
2026-07-26 05:39:31,213 - INFO: [exp5_dropout0] Epoch 15/20 | Global examples: 833856 | Avg Loss (last 1024 ex): 0.1474
2026-07-26 05:39:40,959 - INFO: [exp5_dropout0] Epoch 15/20 | Global examples: 834880 | Avg Loss (last 1024 ex): 0.1468
2026-07-26 05:39:51,106 - INFO: [exp5_dropout0] Epoch 15/20 | Global examples: 835904 | Avg Loss (last 1024 ex): 0.1572
2026-07-26 05:40:01,130 - INFO: [exp5_dropout0] Epoch 15/20 | Global examples: 836928 | Avg Loss (last 1024 ex): 0.1498
2026-07-26 05:40:10,640 - INFO: [exp5_dropout0] Epoch 15/20 | Global examples: 837952 | Avg Loss (last 1024 ex): 0.1354
2026-07-26 05:40:21,010 - INFO: [exp5_dropout0] Epoch 15/20 | Global examples: 838976 | Avg Loss (last 1024 ex): 0.1411
2026-07-26 05:40:31,064 - INFO: [exp5_dropout0] Epoch 15/20 | Global examples: 840000 | Avg Loss (last 1024 ex): 0.1506
2026-07-26 05:40:40,779 - INFO: [exp5_dropout0] Epoch 15/20 | Global examples: 841024 | Avg Loss (last 1024 ex): 0.1408
2026-07-26 05:40:51,041 - INFO: [exp5_dropout0] Epoch 15/20 | Global examples: 842048 | Avg Loss (last 1024 ex): 0.1446
2026-07-26 05:41:01,194 - INFO: [exp5_dropout0] Epoch 15/20 | Global examples: 843072 | Avg Loss (last 1024 ex): 0.1482
2026-07-26 05:41:10,765 - INFO: [exp5_dropout0] Epoch 15/20 | Global examples: 844096 | Avg Loss (last 1024 ex): 0.1495
2026-07-26 05:41:21,102 - INFO: [exp5_dropout0] Epoch 15/20 | Global examples: 845120 | Avg Loss (last 1024 ex): 0.1372
2026-07-26 05:41:31,115 - INFO: [exp5_dropout0] Epoch 15/20 | Global examples: 846144 | Avg Loss (last 1024 ex): 0.1534
2026-07-26 05:41:40,739 - INFO: [exp5_dropout0] Epoch 15/20 | Global examples: 847168 | Avg Loss (last 1024 ex): 0.1440
2026-07-26 05:41:51,127 - INFO: [exp5_dropout0] Epoch 15/20 | Global examples: 848192 | Avg Loss (last 1024 ex): 0.1453
2026-07-26 05:42:01,371 - INFO: [exp5_dropout0] Epoch 15/20 | Global examples: 849216 | Avg Loss (last 1024 ex): 0.1422
2026-07-26 05:42:11,107 - INFO: [exp5_dropout0] Epoch 15/20 | Global examples: 850240 | Avg Loss (last 1024 ex): 0.1486
2026-07-26 05:42:21,438 - INFO: [exp5_dropout0] Epoch 15/20 | Global examples: 851264 | Avg Loss (last 1024 ex): 0.1502
2026-07-26 05:42:31,230 - INFO: [exp5_dropout0] Epoch 15/20 | Global examples: 852288 | Avg Loss (last 1024 ex): 0.1446
2026-07-26 05:42:40,796 - INFO: [exp5_dropout0] Epoch 15/20 | Global examples: 853312 | Avg Loss (last 1024 ex): 0.1341
2026-07-26 05:42:51,056 - INFO: [exp5_dropout0] Epoch 15/20 | Global examples: 854336 | Avg Loss (last 1024 ex): 0.1419
2026-07-26 05:43:01,222 - INFO: [exp5_dropout0] Epoch 15/20 | Global examples: 855360 | Avg Loss (last 1024 ex): 0.1509
2026-07-26 05:43:10,879 - INFO: [exp5_dropout0] Epoch 15/20 | Global examples: 856384 | Avg Loss (last 1024 ex): 0.1478
2026-07-26 05:43:21,187 - INFO: [exp5_dropout0] Epoch 15/20 | Global examples: 857408 | Avg Loss (last 1024 ex): 0.1541
2026-07-26 05:43:31,175 - INFO: [exp5_dropout0] Epoch 15/20 | Global examples: 858432 | Avg Loss (last 1024 ex): 0.1419
2026-07-26 05:43:40,873 - INFO: [exp5_dropout0] Epoch 15/20 | Global examples: 859456 | Avg Loss (last 1024 ex): 0.1397
2026-07-26 05:43:51,108 - INFO: [exp5_dropout0] Epoch 15/20 | Global examples: 860480 | Avg Loss (last 1024 ex): 0.1455
2026-07-26 05:44:01,285 - INFO: [exp5_dropout0] Epoch 15/20 | Global examples: 861504 | Avg Loss (last 1024 ex): 0.1513
2026-07-26 05:44:10,765 - INFO: [exp5_dropout0] Epoch 15/20 | Global examples: 862528 | Avg Loss (last 1024 ex): 0.1452
2026-07-26 05:44:20,856 - INFO: [exp5_dropout0] Epoch 15/20 | Global examples: 863552 | Avg Loss (last 1024 ex): 0.1496
2026-07-26 05:44:30,294 - INFO: [exp5_dropout0] Epoch 15/20 | Global examples: 864576 | Avg Loss (last 1024 ex): 0.1500
2026-07-26 05:44:40,649 - INFO: [exp5_dropout0] Epoch 15/20 | Global examples: 865600 | Avg Loss (last 1024 ex): 0.1392
2026-07-26 05:44:50,893 - INFO: [exp5_dropout0] Epoch 15/20 | Global examples: 866624 | Avg Loss (last 1024 ex): 0.1455
2026-07-26 05:45:01,081 - INFO: [exp5_dropout0] Epoch 15/20 | Global examples: 867648 | Avg Loss (last 1024 ex): 0.1397
2026-07-26 05:45:10,846 - INFO: [exp5_dropout0] Epoch 15/20 | Global examples: 868672 | Avg Loss (last 1024 ex): 0.1422
2026-07-26 05:45:21,302 - INFO: [exp5_dropout0] Epoch 15/20 | Global examples: 869696 | Avg Loss (last 1024 ex): 0.1387
2026-07-26 05:45:31,259 - INFO: [exp5_dropout0] Epoch 15/20 | Global examples: 870720 | Avg Loss (last 1024 ex): 0.1457
2026-07-26 05:45:41,153 - INFO: [exp5_dropout0] Epoch 15/20 | Global examples: 871744 | Avg Loss (last 1024 ex): 0.1529
2026-07-26 05:45:51,448 - INFO: [exp5_dropout0] Epoch 15/20 | Global examples: 872768 | Avg Loss (last 1024 ex): 0.1480
2026-07-26 05:46:01,312 - INFO: [exp5_dropout0] Epoch 15/20 | Global examples: 873792 | Avg Loss (last 1024 ex): 0.1348
2026-07-26 05:46:11,058 - INFO: [exp5_dropout0] Epoch 15/20 | Global examples: 874816 | Avg Loss (last 1024 ex): 0.1383
2026-07-26 05:46:21,356 - INFO: [exp5_dropout0] Epoch 15/20 | Global examples: 875840 | Avg Loss (last 1024 ex): 0.1412
2026-07-26 05:46:31,271 - INFO: [exp5_dropout0] Epoch 15/20 | Global examples: 876864 | Avg Loss (last 1024 ex): 0.1313
2026-07-26 05:46:32,278 - INFO: [exp5_dropout0] Epoch 15/20 | Global examples: 876960 | Avg Loss (last 96 ex): 0.1472
2026-07-26 05:46:34,733 - INFO: [exp5_dropout0] Epoch 15 Val | Examples: 1024 | Avg Loss (last 1024 ex): 0.1607
2026-07-26 05:46:37,050 - INFO: [exp5_dropout0] Epoch 15 Val | Examples: 2048 | Avg Loss (last 1024 ex): 0.1468
2026-07-26 05:46:39,402 - INFO: [exp5_dropout0] Epoch 15 Val | Examples: 3072 | Avg Loss (last 1024 ex): 0.1485
2026-07-26 05:46:41,713 - INFO: [exp5_dropout0] Epoch 15 Val | Examples: 4096 | Avg Loss (last 1024 ex): 0.1419
2026-07-26 05:46:44,017 - INFO: [exp5_dropout0] Epoch 15 Val | Examples: 5120 | Avg Loss (last 1024 ex): 0.1516
2026-07-26 05:46:44,018 - INFO: [exp5_dropout0] === Epoch 15 done | Train Loss: 0.1443 | Val Loss: 0.1499 | Time: 569.8s ===
2026-07-26 05:46:44,078 - INFO: [exp5_dropout0] Model saved to C:/PythonProject/English2French/model/exp5_dropout0_epoch15.pth
2026-07-26 05:46:54,807 - INFO: [exp5_dropout0] Epoch 16/20 | Global examples: 877984 | Avg Loss (last 1024 ex): 0.1315
2026-07-26 05:47:04,622 - INFO: [exp5_dropout0] Epoch 16/20 | Global examples: 879008 | Avg Loss (last 1024 ex): 0.1340
2026-07-26 05:47:14,463 - INFO: [exp5_dropout0] Epoch 16/20 | Global examples: 880032 | Avg Loss (last 1024 ex): 0.1509
2026-07-26 05:47:24,920 - INFO: [exp5_dropout0] Epoch 16/20 | Global examples: 881056 | Avg Loss (last 1024 ex): 0.1412
2026-07-26 05:47:34,910 - INFO: [exp5_dropout0] Epoch 16/20 | Global examples: 882080 | Avg Loss (last 1024 ex): 0.1396
2026-07-26 05:47:44,463 - INFO: [exp5_dropout0] Epoch 16/20 | Global examples: 883104 | Avg Loss (last 1024 ex): 0.1332
2026-07-26 05:47:54,641 - INFO: [exp5_dropout0] Epoch 16/20 | Global examples: 884128 | Avg Loss (last 1024 ex): 0.1375
2026-07-26 05:48:04,773 - INFO: [exp5_dropout0] Epoch 16/20 | Global examples: 885152 | Avg Loss (last 1024 ex): 0.1434
2026-07-26 05:48:14,573 - INFO: [exp5_dropout0] Epoch 16/20 | Global examples: 886176 | Avg Loss (last 1024 ex): 0.1505
2026-07-26 05:48:24,823 - INFO: [exp5_dropout0] Epoch 16/20 | Global examples: 887200 | Avg Loss (last 1024 ex): 0.1424
2026-07-26 05:48:34,551 - INFO: [exp5_dropout0] Epoch 16/20 | Global examples: 888224 | Avg Loss (last 1024 ex): 0.1371
2026-07-26 05:48:44,011 - INFO: [exp5_dropout0] Epoch 16/20 | Global examples: 889248 | Avg Loss (last 1024 ex): 0.1367
2026-07-26 05:48:54,481 - INFO: [exp5_dropout0] Epoch 16/20 | Global examples: 890272 | Avg Loss (last 1024 ex): 0.1500
2026-07-26 05:49:04,774 - INFO: [exp5_dropout0] Epoch 16/20 | Global examples: 891296 | Avg Loss (last 1024 ex): 0.1418
2026-07-26 05:49:14,594 - INFO: [exp5_dropout0] Epoch 16/20 | Global examples: 892320 | Avg Loss (last 1024 ex): 0.1448
2026-07-26 05:49:24,727 - INFO: [exp5_dropout0] Epoch 16/20 | Global examples: 893344 | Avg Loss (last 1024 ex): 0.1457
2026-07-26 05:49:34,841 - INFO: [exp5_dropout0] Epoch 16/20 | Global examples: 894368 | Avg Loss (last 1024 ex): 0.1377
2026-07-26 05:49:44,548 - INFO: [exp5_dropout0] Epoch 16/20 | Global examples: 895392 | Avg Loss (last 1024 ex): 0.1479
2026-07-26 05:49:55,101 - INFO: [exp5_dropout0] Epoch 16/20 | Global examples: 896416 | Avg Loss (last 1024 ex): 0.1486
2026-07-26 05:50:05,048 - INFO: [exp5_dropout0] Epoch 16/20 | Global examples: 897440 | Avg Loss (last 1024 ex): 0.1408
2026-07-26 05:50:14,644 - INFO: [exp5_dropout0] Epoch 16/20 | Global examples: 898464 | Avg Loss (last 1024 ex): 0.1402
2026-07-26 05:50:24,956 - INFO: [exp5_dropout0] Epoch 16/20 | Global examples: 899488 | Avg Loss (last 1024 ex): 0.1428
2026-07-26 05:50:35,226 - INFO: [exp5_dropout0] Epoch 16/20 | Global examples: 900512 | Avg Loss (last 1024 ex): 0.1407
2026-07-26 05:50:44,962 - INFO: [exp5_dropout0] Epoch 16/20 | Global examples: 901536 | Avg Loss (last 1024 ex): 0.1377
2026-07-26 05:50:55,422 - INFO: [exp5_dropout0] Epoch 16/20 | Global examples: 902560 | Avg Loss (last 1024 ex): 0.1543
2026-07-26 05:51:05,711 - INFO: [exp5_dropout0] Epoch 16/20 | Global examples: 903584 | Avg Loss (last 1024 ex): 0.1541
2026-07-26 05:51:15,378 - INFO: [exp5_dropout0] Epoch 16/20 | Global examples: 904608 | Avg Loss (last 1024 ex): 0.1458
2026-07-26 05:51:25,782 - INFO: [exp5_dropout0] Epoch 16/20 | Global examples: 905632 | Avg Loss (last 1024 ex): 0.1373
2026-07-26 05:51:35,949 - INFO: [exp5_dropout0] Epoch 16/20 | Global examples: 906656 | Avg Loss (last 1024 ex): 0.1415
2026-07-26 05:51:45,988 - INFO: [exp5_dropout0] Epoch 16/20 | Global examples: 907680 | Avg Loss (last 1024 ex): 0.1359
2026-07-26 05:51:56,584 - INFO: [exp5_dropout0] Epoch 16/20 | Global examples: 908704 | Avg Loss (last 1024 ex): 0.1373
2026-07-26 05:52:06,745 - INFO: [exp5_dropout0] Epoch 16/20 | Global examples: 909728 | Avg Loss (last 1024 ex): 0.1431
2026-07-26 05:52:16,497 - INFO: [exp5_dropout0] Epoch 16/20 | Global examples: 910752 | Avg Loss (last 1024 ex): 0.1404
2026-07-26 05:52:26,675 - INFO: [exp5_dropout0] Epoch 16/20 | Global examples: 911776 | Avg Loss (last 1024 ex): 0.1381
2026-07-26 05:52:37,012 - INFO: [exp5_dropout0] Epoch 16/20 | Global examples: 912800 | Avg Loss (last 1024 ex): 0.1476
2026-07-26 05:52:46,860 - INFO: [exp5_dropout0] Epoch 16/20 | Global examples: 913824 | Avg Loss (last 1024 ex): 0.1517
2026-07-26 05:52:56,936 - INFO: [exp5_dropout0] Epoch 16/20 | Global examples: 914848 | Avg Loss (last 1024 ex): 0.1389
2026-07-26 05:53:06,926 - INFO: [exp5_dropout0] Epoch 16/20 | Global examples: 915872 | Avg Loss (last 1024 ex): 0.1397
2026-07-26 05:53:16,652 - INFO: [exp5_dropout0] Epoch 16/20 | Global examples: 916896 | Avg Loss (last 1024 ex): 0.1399
2026-07-26 05:53:27,039 - INFO: [exp5_dropout0] Epoch 16/20 | Global examples: 917920 | Avg Loss (last 1024 ex): 0.1405
2026-07-26 05:53:37,271 - INFO: [exp5_dropout0] Epoch 16/20 | Global examples: 918944 | Avg Loss (last 1024 ex): 0.1298
2026-07-26 05:53:46,763 - INFO: [exp5_dropout0] Epoch 16/20 | Global examples: 919968 | Avg Loss (last 1024 ex): 0.1412
2026-07-26 05:53:57,182 - INFO: [exp5_dropout0] Epoch 16/20 | Global examples: 920992 | Avg Loss (last 1024 ex): 0.1399
2026-07-26 05:54:07,500 - INFO: [exp5_dropout0] Epoch 16/20 | Global examples: 922016 | Avg Loss (last 1024 ex): 0.1288
2026-07-26 05:54:17,301 - INFO: [exp5_dropout0] Epoch 16/20 | Global examples: 923040 | Avg Loss (last 1024 ex): 0.1320
2026-07-26 05:54:27,472 - INFO: [exp5_dropout0] Epoch 16/20 | Global examples: 924064 | Avg Loss (last 1024 ex): 0.1536
2026-07-26 05:54:37,472 - INFO: [exp5_dropout0] Epoch 16/20 | Global examples: 925088 | Avg Loss (last 1024 ex): 0.1440
2026-07-26 05:54:47,258 - INFO: [exp5_dropout0] Epoch 16/20 | Global examples: 926112 | Avg Loss (last 1024 ex): 0.1419
2026-07-26 05:54:57,760 - INFO: [exp5_dropout0] Epoch 16/20 | Global examples: 927136 | Avg Loss (last 1024 ex): 0.1379
2026-07-26 05:55:08,078 - INFO: [exp5_dropout0] Epoch 16/20 | Global examples: 928160 | Avg Loss (last 1024 ex): 0.1452
2026-07-26 05:55:18,423 - INFO: [exp5_dropout0] Epoch 16/20 | Global examples: 929184 | Avg Loss (last 1024 ex): 0.1401
2026-07-26 05:55:28,243 - INFO: [exp5_dropout0] Epoch 16/20 | Global examples: 930208 | Avg Loss (last 1024 ex): 0.1377
2026-07-26 05:55:38,334 - INFO: [exp5_dropout0] Epoch 16/20 | Global examples: 931232 | Avg Loss (last 1024 ex): 0.1300
2026-07-26 05:55:48,932 - INFO: [exp5_dropout0] Epoch 16/20 | Global examples: 932256 | Avg Loss (last 1024 ex): 0.1333
2026-07-26 05:55:58,813 - INFO: [exp5_dropout0] Epoch 16/20 | Global examples: 933280 | Avg Loss (last 1024 ex): 0.1549
2026-07-26 05:56:09,294 - INFO: [exp5_dropout0] Epoch 16/20 | Global examples: 934304 | Avg Loss (last 1024 ex): 0.1409
2026-07-26 05:56:19,813 - INFO: [exp5_dropout0] Epoch 16/20 | Global examples: 935328 | Avg Loss (last 1024 ex): 0.1423
2026-07-26 05:56:20,732 - INFO: [exp5_dropout0] Epoch 16/20 | Global examples: 935424 | Avg Loss (last 96 ex): 0.1443
2026-07-26 05:56:23,095 - INFO: [exp5_dropout0] Epoch 16 Val | Examples: 1024 | Avg Loss (last 1024 ex): 0.1515
2026-07-26 05:56:25,462 - INFO: [exp5_dropout0] Epoch 16 Val | Examples: 2048 | Avg Loss (last 1024 ex): 0.1466
2026-07-26 05:56:27,809 - INFO: [exp5_dropout0] Epoch 16 Val | Examples: 3072 | Avg Loss (last 1024 ex): 0.1518
2026-07-26 05:56:30,129 - INFO: [exp5_dropout0] Epoch 16 Val | Examples: 4096 | Avg Loss (last 1024 ex): 0.1414
2026-07-26 05:56:32,473 - INFO: [exp5_dropout0] Epoch 16 Val | Examples: 5120 | Avg Loss (last 1024 ex): 0.1559
2026-07-26 05:56:32,473 - INFO: [exp5_dropout0] === Epoch 16 done | Train Loss: 0.1413 | Val Loss: 0.1494 | Time: 576.7s ===
2026-07-26 05:56:32,527 - INFO: [exp5_dropout0] Model saved to C:/PythonProject/English2French/model/exp5_dropout0_epoch16.pth
2026-07-26 05:56:43,478 - INFO: [exp5_dropout0] Epoch 17/20 | Global examples: 936448 | Avg Loss (last 1024 ex): 0.1272
2026-07-26 05:56:53,833 - INFO: [exp5_dropout0] Epoch 17/20 | Global examples: 937472 | Avg Loss (last 1024 ex): 0.1397
2026-07-26 05:57:04,261 - INFO: [exp5_dropout0] Epoch 17/20 | Global examples: 938496 | Avg Loss (last 1024 ex): 0.1340
2026-07-26 05:57:14,053 - INFO: [exp5_dropout0] Epoch 17/20 | Global examples: 939520 | Avg Loss (last 1024 ex): 0.1401
2026-07-26 05:57:24,138 - INFO: [exp5_dropout0] Epoch 17/20 | Global examples: 940544 | Avg Loss (last 1024 ex): 0.1323
2026-07-26 05:57:34,722 - INFO: [exp5_dropout0] Epoch 17/20 | Global examples: 941568 | Avg Loss (last 1024 ex): 0.1347
2026-07-26 05:57:44,497 - INFO: [exp5_dropout0] Epoch 17/20 | Global examples: 942592 | Avg Loss (last 1024 ex): 0.1415
2026-07-26 05:57:54,834 - INFO: [exp5_dropout0] Epoch 17/20 | Global examples: 943616 | Avg Loss (last 1024 ex): 0.1349
2026-07-26 05:58:05,130 - INFO: [exp5_dropout0] Epoch 17/20 | Global examples: 944640 | Avg Loss (last 1024 ex): 0.1345
2026-07-26 05:58:14,880 - INFO: [exp5_dropout0] Epoch 17/20 | Global examples: 945664 | Avg Loss (last 1024 ex): 0.1447
2026-07-26 05:58:24,887 - INFO: [exp5_dropout0] Epoch 17/20 | Global examples: 946688 | Avg Loss (last 1024 ex): 0.1370
2026-07-26 05:58:35,442 - INFO: [exp5_dropout0] Epoch 17/20 | Global examples: 947712 | Avg Loss (last 1024 ex): 0.1313
2026-07-26 05:58:45,350 - INFO: [exp5_dropout0] Epoch 17/20 | Global examples: 948736 | Avg Loss (last 1024 ex): 0.1375
2026-07-26 05:58:55,548 - INFO: [exp5_dropout0] Epoch 17/20 | Global examples: 949760 | Avg Loss (last 1024 ex): 0.1369
2026-07-26 05:59:05,925 - INFO: [exp5_dropout0] Epoch 17/20 | Global examples: 950784 | Avg Loss (last 1024 ex): 0.1457
2026-07-26 05:59:15,747 - INFO: [exp5_dropout0] Epoch 17/20 | Global examples: 951808 | Avg Loss (last 1024 ex): 0.1372
2026-07-26 05:59:25,890 - INFO: [exp5_dropout0] Epoch 17/20 | Global examples: 952832 | Avg Loss (last 1024 ex): 0.1462
2026-07-26 05:59:36,558 - INFO: [exp5_dropout0] Epoch 17/20 | Global examples: 953856 | Avg Loss (last 1024 ex): 0.1450
2026-07-26 05:59:46,127 - INFO: [exp5_dropout0] Epoch 17/20 | Global examples: 954880 | Avg Loss (last 1024 ex): 0.1393
2026-07-26 05:59:56,163 - INFO: [exp5_dropout0] Epoch 17/20 | Global examples: 955904 | Avg Loss (last 1024 ex): 0.1292
2026-07-26 06:00:06,759 - INFO: [exp5_dropout0] Epoch 17/20 | Global examples: 956928 | Avg Loss (last 1024 ex): 0.1470
2026-07-26 06:00:16,651 - INFO: [exp5_dropout0] Epoch 17/20 | Global examples: 957952 | Avg Loss (last 1024 ex): 0.1363
2026-07-26 06:00:26,848 - INFO: [exp5_dropout0] Epoch 17/20 | Global examples: 958976 | Avg Loss (last 1024 ex): 0.1418
2026-07-26 06:00:37,341 - INFO: [exp5_dropout0] Epoch 17/20 | Global examples: 960000 | Avg Loss (last 1024 ex): 0.1417
2026-07-26 06:00:47,213 - INFO: [exp5_dropout0] Epoch 17/20 | Global examples: 961024 | Avg Loss (last 1024 ex): 0.1333
2026-07-26 06:00:57,519 - INFO: [exp5_dropout0] Epoch 17/20 | Global examples: 962048 | Avg Loss (last 1024 ex): 0.1367
2026-07-26 06:01:08,162 - INFO: [exp5_dropout0] Epoch 17/20 | Global examples: 963072 | Avg Loss (last 1024 ex): 0.1416
2026-07-26 06:01:17,988 - INFO: [exp5_dropout0] Epoch 17/20 | Global examples: 964096 | Avg Loss (last 1024 ex): 0.1404
2026-07-26 06:01:28,123 - INFO: [exp5_dropout0] Epoch 17/20 | Global examples: 965120 | Avg Loss (last 1024 ex): 0.1425
2026-07-26 06:01:38,368 - INFO: [exp5_dropout0] Epoch 17/20 | Global examples: 966144 | Avg Loss (last 1024 ex): 0.1349
2026-07-26 06:01:48,177 - INFO: [exp5_dropout0] Epoch 17/20 | Global examples: 967168 | Avg Loss (last 1024 ex): 0.1416
2026-07-26 06:01:58,346 - INFO: [exp5_dropout0] Epoch 17/20 | Global examples: 968192 | Avg Loss (last 1024 ex): 0.1319
2026-07-26 06:02:08,870 - INFO: [exp5_dropout0] Epoch 17/20 | Global examples: 969216 | Avg Loss (last 1024 ex): 0.1443
2026-07-26 06:02:18,626 - INFO: [exp5_dropout0] Epoch 17/20 | Global examples: 970240 | Avg Loss (last 1024 ex): 0.1502
2026-07-26 06:02:28,853 - INFO: [exp5_dropout0] Epoch 17/20 | Global examples: 971264 | Avg Loss (last 1024 ex): 0.1328
2026-07-26 06:02:39,248 - INFO: [exp5_dropout0] Epoch 17/20 | Global examples: 972288 | Avg Loss (last 1024 ex): 0.1350
2026-07-26 06:02:49,306 - INFO: [exp5_dropout0] Epoch 17/20 | Global examples: 973312 | Avg Loss (last 1024 ex): 0.1358
2026-07-26 06:02:59,578 - INFO: [exp5_dropout0] Epoch 17/20 | Global examples: 974336 | Avg Loss (last 1024 ex): 0.1442
2026-07-26 06:03:10,227 - INFO: [exp5_dropout0] Epoch 17/20 | Global examples: 975360 | Avg Loss (last 1024 ex): 0.1414
2026-07-26 06:03:20,318 - INFO: [exp5_dropout0] Epoch 17/20 | Global examples: 976384 | Avg Loss (last 1024 ex): 0.1447
2026-07-26 06:03:30,336 - INFO: [exp5_dropout0] Epoch 17/20 | Global examples: 977408 | Avg Loss (last 1024 ex): 0.1422
2026-07-26 06:03:40,811 - INFO: [exp5_dropout0] Epoch 17/20 | Global examples: 978432 | Avg Loss (last 1024 ex): 0.1532
2026-07-26 06:03:51,289 - INFO: [exp5_dropout0] Epoch 17/20 | Global examples: 979456 | Avg Loss (last 1024 ex): 0.1321
2026-07-26 06:04:00,981 - INFO: [exp5_dropout0] Epoch 17/20 | Global examples: 980480 | Avg Loss (last 1024 ex): 0.1472
2026-07-26 06:04:10,943 - INFO: [exp5_dropout0] Epoch 17/20 | Global examples: 981504 | Avg Loss (last 1024 ex): 0.1362
2026-07-26 06:04:20,571 - INFO: [exp5_dropout0] Epoch 17/20 | Global examples: 982528 | Avg Loss (last 1024 ex): 0.1354
2026-07-26 06:04:30,122 - INFO: [exp5_dropout0] Epoch 17/20 | Global examples: 983552 | Avg Loss (last 1024 ex): 0.1373
2026-07-26 06:04:40,177 - INFO: [exp5_dropout0] Epoch 17/20 | Global examples: 984576 | Avg Loss (last 1024 ex): 0.1401
2026-07-26 06:04:49,651 - INFO: [exp5_dropout0] Epoch 17/20 | Global examples: 985600 | Avg Loss (last 1024 ex): 0.1387
2026-07-26 06:04:59,308 - INFO: [exp5_dropout0] Epoch 17/20 | Global examples: 986624 | Avg Loss (last 1024 ex): 0.1343
2026-07-26 06:05:09,290 - INFO: [exp5_dropout0] Epoch 17/20 | Global examples: 987648 | Avg Loss (last 1024 ex): 0.1245
2026-07-26 06:05:18,612 - INFO: [exp5_dropout0] Epoch 17/20 | Global examples: 988672 | Avg Loss (last 1024 ex): 0.1326
2026-07-26 06:05:28,337 - INFO: [exp5_dropout0] Epoch 17/20 | Global examples: 989696 | Avg Loss (last 1024 ex): 0.1444
2026-07-26 06:05:38,344 - INFO: [exp5_dropout0] Epoch 17/20 | Global examples: 990720 | Avg Loss (last 1024 ex): 0.1281
2026-07-26 06:05:47,607 - INFO: [exp5_dropout0] Epoch 17/20 | Global examples: 991744 | Avg Loss (last 1024 ex): 0.1383
2026-07-26 06:05:57,121 - INFO: [exp5_dropout0] Epoch 17/20 | Global examples: 992768 | Avg Loss (last 1024 ex): 0.1449
2026-07-26 06:06:07,180 - INFO: [exp5_dropout0] Epoch 17/20 | Global examples: 993792 | Avg Loss (last 1024 ex): 0.1427
2026-07-26 06:06:08,098 - INFO: [exp5_dropout0] Epoch 17/20 | Global examples: 993888 | Avg Loss (last 96 ex): 0.1696
2026-07-26 06:06:10,360 - INFO: [exp5_dropout0] Epoch 17 Val | Examples: 1024 | Avg Loss (last 1024 ex): 0.1506
2026-07-26 06:06:12,580 - INFO: [exp5_dropout0] Epoch 17 Val | Examples: 2048 | Avg Loss (last 1024 ex): 0.1486
2026-07-26 06:06:14,839 - INFO: [exp5_dropout0] Epoch 17 Val | Examples: 3072 | Avg Loss (last 1024 ex): 0.1466
2026-07-26 06:06:17,070 - INFO: [exp5_dropout0] Epoch 17 Val | Examples: 4096 | Avg Loss (last 1024 ex): 0.1378
2026-07-26 06:06:19,362 - INFO: [exp5_dropout0] Epoch 17 Val | Examples: 5120 | Avg Loss (last 1024 ex): 0.1541
2026-07-26 06:06:19,362 - INFO: [exp5_dropout0] === Epoch 17 done | Train Loss: 0.1386 | Val Loss: 0.1476 | Time: 575.6s ===
2026-07-26 06:06:19,428 - INFO: [exp5_dropout0] Model saved to C:/PythonProject/English2French/model/exp5_dropout0_epoch17.pth
2026-07-26 06:06:29,839 - INFO: [exp5_dropout0] Epoch 18/20 | Global examples: 994912 | Avg Loss (last 1024 ex): 0.1355
2026-07-26 06:06:39,451 - INFO: [exp5_dropout0] Epoch 18/20 | Global examples: 995936 | Avg Loss (last 1024 ex): 0.1324
2026-07-26 06:06:48,774 - INFO: [exp5_dropout0] Epoch 18/20 | Global examples: 996960 | Avg Loss (last 1024 ex): 0.1350
2026-07-26 06:06:58,771 - INFO: [exp5_dropout0] Epoch 18/20 | Global examples: 997984 | Avg Loss (last 1024 ex): 0.1463
2026-07-26 06:07:08,652 - INFO: [exp5_dropout0] Epoch 18/20 | Global examples: 999008 | Avg Loss (last 1024 ex): 0.1369
2026-07-26 06:07:17,974 - INFO: [exp5_dropout0] Epoch 18/20 | Global examples: 1000032 | Avg Loss (last 1024 ex): 0.1343
2026-07-26 06:07:28,023 - INFO: [exp5_dropout0] Epoch 18/20 | Global examples: 1001056 | Avg Loss (last 1024 ex): 0.1475
2026-07-26 06:07:37,951 - INFO: [exp5_dropout0] Epoch 18/20 | Global examples: 1002080 | Avg Loss (last 1024 ex): 0.1323
2026-07-26 06:07:47,293 - INFO: [exp5_dropout0] Epoch 18/20 | Global examples: 1003104 | Avg Loss (last 1024 ex): 0.1391
2026-07-26 06:07:57,139 - INFO: [exp5_dropout0] Epoch 18/20 | Global examples: 1004128 | Avg Loss (last 1024 ex): 0.1418
2026-07-26 06:08:07,010 - INFO: [exp5_dropout0] Epoch 18/20 | Global examples: 1005152 | Avg Loss (last 1024 ex): 0.1406
2026-07-26 06:08:16,408 - INFO: [exp5_dropout0] Epoch 18/20 | Global examples: 1006176 | Avg Loss (last 1024 ex): 0.1414
2026-07-26 06:08:26,258 - INFO: [exp5_dropout0] Epoch 18/20 | Global examples: 1007200 | Avg Loss (last 1024 ex): 0.1339
2026-07-26 06:08:35,699 - INFO: [exp5_dropout0] Epoch 18/20 | Global examples: 1008224 | Avg Loss (last 1024 ex): 0.1494
2026-07-26 06:08:45,618 - INFO: [exp5_dropout0] Epoch 18/20 | Global examples: 1009248 | Avg Loss (last 1024 ex): 0.1321
2026-07-26 06:08:55,653 - INFO: [exp5_dropout0] Epoch 18/20 | Global examples: 1010272 | Avg Loss (last 1024 ex): 0.1349
2026-07-26 06:09:05,150 - INFO: [exp5_dropout0] Epoch 18/20 | Global examples: 1011296 | Avg Loss (last 1024 ex): 0.1321
2026-07-26 06:09:14,905 - INFO: [exp5_dropout0] Epoch 18/20 | Global examples: 1012320 | Avg Loss (last 1024 ex): 0.1281
2026-07-26 06:09:24,809 - INFO: [exp5_dropout0] Epoch 18/20 | Global examples: 1013344 | Avg Loss (last 1024 ex): 0.1321
2026-07-26 06:09:34,016 - INFO: [exp5_dropout0] Epoch 18/20 | Global examples: 1014368 | Avg Loss (last 1024 ex): 0.1426
2026-07-26 06:09:43,788 - INFO: [exp5_dropout0] Epoch 18/20 | Global examples: 1015392 | Avg Loss (last 1024 ex): 0.1389
2026-07-26 06:09:53,678 - INFO: [exp5_dropout0] Epoch 18/20 | Global examples: 1016416 | Avg Loss (last 1024 ex): 0.1426
2026-07-26 06:10:03,028 - INFO: [exp5_dropout0] Epoch 18/20 | Global examples: 1017440 | Avg Loss (last 1024 ex): 0.1373
2026-07-26 06:10:12,529 - INFO: [exp5_dropout0] Epoch 18/20 | Global examples: 1018464 | Avg Loss (last 1024 ex): 0.1333
2026-07-26 06:10:22,460 - INFO: [exp5_dropout0] Epoch 18/20 | Global examples: 1019488 | Avg Loss (last 1024 ex): 0.1301
2026-07-26 06:10:31,813 - INFO: [exp5_dropout0] Epoch 18/20 | Global examples: 1020512 | Avg Loss (last 1024 ex): 0.1401
2026-07-26 06:10:41,551 - INFO: [exp5_dropout0] Epoch 18/20 | Global examples: 1021536 | Avg Loss (last 1024 ex): 0.1361
2026-07-26 06:10:50,991 - INFO: [exp5_dropout0] Epoch 18/20 | Global examples: 1022560 | Avg Loss (last 1024 ex): 0.1353
2026-07-26 06:11:00,753 - INFO: [exp5_dropout0] Epoch 18/20 | Global examples: 1023584 | Avg Loss (last 1024 ex): 0.1236
2026-07-26 06:11:10,413 - INFO: [exp5_dropout0] Epoch 18/20 | Global examples: 1024608 | Avg Loss (last 1024 ex): 0.1324
2026-07-26 06:11:19,918 - INFO: [exp5_dropout0] Epoch 18/20 | Global examples: 1025632 | Avg Loss (last 1024 ex): 0.1490
2026-07-26 06:11:29,990 - INFO: [exp5_dropout0] Epoch 18/20 | Global examples: 1026656 | Avg Loss (last 1024 ex): 0.1404
2026-07-26 06:11:39,734 - INFO: [exp5_dropout0] Epoch 18/20 | Global examples: 1027680 | Avg Loss (last 1024 ex): 0.1431
2026-07-26 06:11:48,891 - INFO: [exp5_dropout0] Epoch 18/20 | Global examples: 1028704 | Avg Loss (last 1024 ex): 0.1409
2026-07-26 06:11:58,686 - INFO: [exp5_dropout0] Epoch 18/20 | Global examples: 1029728 | Avg Loss (last 1024 ex): 0.1318
2026-07-26 06:12:08,490 - INFO: [exp5_dropout0] Epoch 18/20 | Global examples: 1030752 | Avg Loss (last 1024 ex): 0.1257
2026-07-26 06:12:17,835 - INFO: [exp5_dropout0] Epoch 18/20 | Global examples: 1031776 | Avg Loss (last 1024 ex): 0.1331
2026-07-26 06:12:27,814 - INFO: [exp5_dropout0] Epoch 18/20 | Global examples: 1032800 | Avg Loss (last 1024 ex): 0.1323
2026-07-26 06:12:37,281 - INFO: [exp5_dropout0] Epoch 18/20 | Global examples: 1033824 | Avg Loss (last 1024 ex): 0.1401
2026-07-26 06:12:46,646 - INFO: [exp5_dropout0] Epoch 18/20 | Global examples: 1034848 | Avg Loss (last 1024 ex): 0.1391
2026-07-26 06:12:56,564 - INFO: [exp5_dropout0] Epoch 18/20 | Global examples: 1035872 | Avg Loss (last 1024 ex): 0.1432
2026-07-26 06:13:06,051 - INFO: [exp5_dropout0] Epoch 18/20 | Global examples: 1036896 | Avg Loss (last 1024 ex): 0.1275
2026-07-26 06:13:15,675 - INFO: [exp5_dropout0] Epoch 18/20 | Global examples: 1037920 | Avg Loss (last 1024 ex): 0.1371
2026-07-26 06:13:25,610 - INFO: [exp5_dropout0] Epoch 18/20 | Global examples: 1038944 | Avg Loss (last 1024 ex): 0.1359
2026-07-26 06:13:34,827 - INFO: [exp5_dropout0] Epoch 18/20 | Global examples: 1039968 | Avg Loss (last 1024 ex): 0.1328
2026-07-26 06:13:44,464 - INFO: [exp5_dropout0] Epoch 18/20 | Global examples: 1040992 | Avg Loss (last 1024 ex): 0.1304
2026-07-26 06:13:54,161 - INFO: [exp5_dropout0] Epoch 18/20 | Global examples: 1042016 | Avg Loss (last 1024 ex): 0.1365
2026-07-26 06:14:03,574 - INFO: [exp5_dropout0] Epoch 18/20 | Global examples: 1043040 | Avg Loss (last 1024 ex): 0.1343
2026-07-26 06:14:13,376 - INFO: [exp5_dropout0] Epoch 18/20 | Global examples: 1044064 | Avg Loss (last 1024 ex): 0.1413
2026-07-26 06:14:23,294 - INFO: [exp5_dropout0] Epoch 18/20 | Global examples: 1045088 | Avg Loss (last 1024 ex): 0.1400
2026-07-26 06:14:32,897 - INFO: [exp5_dropout0] Epoch 18/20 | Global examples: 1046112 | Avg Loss (last 1024 ex): 0.1315
2026-07-26 06:14:44,548 - INFO: [exp5_dropout0] Epoch 18/20 | Global examples: 1047136 | Avg Loss (last 1024 ex): 0.1301
2026-07-26 06:14:55,391 - INFO: [exp5_dropout0] Epoch 18/20 | Global examples: 1048160 | Avg Loss (last 1024 ex): 0.1376
2026-07-26 06:15:05,020 - INFO: [exp5_dropout0] Epoch 18/20 | Global examples: 1049184 | Avg Loss (last 1024 ex): 0.1388
2026-07-26 06:15:14,796 - INFO: [exp5_dropout0] Epoch 18/20 | Global examples: 1050208 | Avg Loss (last 1024 ex): 0.1436
2026-07-26 06:15:24,650 - INFO: [exp5_dropout0] Epoch 18/20 | Global examples: 1051232 | Avg Loss (last 1024 ex): 0.1373
2026-07-26 06:15:34,012 - INFO: [exp5_dropout0] Epoch 18/20 | Global examples: 1052256 | Avg Loss (last 1024 ex): 0.1394
2026-07-26 06:15:34,916 - INFO: [exp5_dropout0] Epoch 18/20 | Global examples: 1052352 | Avg Loss (last 96 ex): 0.1565
2026-07-26 06:15:37,221 - INFO: [exp5_dropout0] Epoch 18 Val | Examples: 1024 | Avg Loss (last 1024 ex): 0.1399
2026-07-26 06:15:39,903 - INFO: [exp5_dropout0] Epoch 18 Val | Examples: 2048 | Avg Loss (last 1024 ex): 0.1341
2026-07-26 06:15:42,212 - INFO: [exp5_dropout0] Epoch 18 Val | Examples: 3072 | Avg Loss (last 1024 ex): 0.1352
2026-07-26 06:15:44,458 - INFO: [exp5_dropout0] Epoch 18 Val | Examples: 4096 | Avg Loss (last 1024 ex): 0.1332
2026-07-26 06:15:46,682 - INFO: [exp5_dropout0] Epoch 18 Val | Examples: 5120 | Avg Loss (last 1024 ex): 0.1490
2026-07-26 06:15:46,682 - INFO: [exp5_dropout0] === Epoch 18 done | Train Loss: 0.1367 | Val Loss: 0.1383 | Time: 555.5s ===
2026-07-26 06:15:46,744 - INFO: [exp5_dropout0] Model saved to C:/PythonProject/English2French/model/exp5_dropout0_epoch18.pth
2026-07-26 06:15:57,302 - INFO: [exp5_dropout0] Epoch 19/20 | Global examples: 1053376 | Avg Loss (last 1024 ex): 0.1226
2026-07-26 06:16:06,811 - INFO: [exp5_dropout0] Epoch 19/20 | Global examples: 1054400 | Avg Loss (last 1024 ex): 0.1269
2026-07-26 06:16:16,468 - INFO: [exp5_dropout0] Epoch 19/20 | Global examples: 1055424 | Avg Loss (last 1024 ex): 0.1243
2026-07-26 06:16:26,463 - INFO: [exp5_dropout0] Epoch 19/20 | Global examples: 1056448 | Avg Loss (last 1024 ex): 0.1258
2026-07-26 06:16:35,899 - INFO: [exp5_dropout0] Epoch 19/20 | Global examples: 1057472 | Avg Loss (last 1024 ex): 0.1294
2026-07-26 06:16:45,821 - INFO: [exp5_dropout0] Epoch 19/20 | Global examples: 1058496 | Avg Loss (last 1024 ex): 0.1442
2026-07-26 06:16:55,756 - INFO: [exp5_dropout0] Epoch 19/20 | Global examples: 1059520 | Avg Loss (last 1024 ex): 0.1276
2026-07-26 06:17:05,024 - INFO: [exp5_dropout0] Epoch 19/20 | Global examples: 1060544 | Avg Loss (last 1024 ex): 0.1283
2026-07-26 06:17:14,887 - INFO: [exp5_dropout0] Epoch 19/20 | Global examples: 1061568 | Avg Loss (last 1024 ex): 0.1340
2026-07-26 06:17:24,976 - INFO: [exp5_dropout0] Epoch 19/20 | Global examples: 1062592 | Avg Loss (last 1024 ex): 0.1420
2026-07-26 06:17:34,451 - INFO: [exp5_dropout0] Epoch 19/20 | Global examples: 1063616 | Avg Loss (last 1024 ex): 0.1343
2026-07-26 06:17:44,318 - INFO: [exp5_dropout0] Epoch 19/20 | Global examples: 1064640 | Avg Loss (last 1024 ex): 0.1333
2026-07-26 06:17:54,196 - INFO: [exp5_dropout0] Epoch 19/20 | Global examples: 1065664 | Avg Loss (last 1024 ex): 0.1236
2026-07-26 06:18:03,649 - INFO: [exp5_dropout0] Epoch 19/20 | Global examples: 1066688 | Avg Loss (last 1024 ex): 0.1349
2026-07-26 06:18:13,479 - INFO: [exp5_dropout0] Epoch 19/20 | Global examples: 1067712 | Avg Loss (last 1024 ex): 0.1397
2026-07-26 06:18:23,298 - INFO: [exp5_dropout0] Epoch 19/20 | Global examples: 1068736 | Avg Loss (last 1024 ex): 0.1295
2026-07-26 06:18:32,801 - INFO: [exp5_dropout0] Epoch 19/20 | Global examples: 1069760 | Avg Loss (last 1024 ex): 0.1459
2026-07-26 06:18:42,752 - INFO: [exp5_dropout0] Epoch 19/20 | Global examples: 1070784 | Avg Loss (last 1024 ex): 0.1433
2026-07-26 06:18:52,245 - INFO: [exp5_dropout0] Epoch 19/20 | Global examples: 1071808 | Avg Loss (last 1024 ex): 0.1401
2026-07-26 06:19:02,363 - INFO: [exp5_dropout0] Epoch 19/20 | Global examples: 1072832 | Avg Loss (last 1024 ex): 0.1347
2026-07-26 06:19:12,171 - INFO: [exp5_dropout0] Epoch 19/20 | Global examples: 1073856 | Avg Loss (last 1024 ex): 0.1351
2026-07-26 06:19:21,566 - INFO: [exp5_dropout0] Epoch 19/20 | Global examples: 1074880 | Avg Loss (last 1024 ex): 0.1381
2026-07-26 06:19:31,500 - INFO: [exp5_dropout0] Epoch 19/20 | Global examples: 1075904 | Avg Loss (last 1024 ex): 0.1305
2026-07-26 06:19:41,203 - INFO: [exp5_dropout0] Epoch 19/20 | Global examples: 1076928 | Avg Loss (last 1024 ex): 0.1269
2026-07-26 06:19:50,451 - INFO: [exp5_dropout0] Epoch 19/20 | Global examples: 1077952 | Avg Loss (last 1024 ex): 0.1452
2026-07-26 06:20:00,515 - INFO: [exp5_dropout0] Epoch 19/20 | Global examples: 1078976 | Avg Loss (last 1024 ex): 0.1384
2026-07-26 06:20:10,310 - INFO: [exp5_dropout0] Epoch 19/20 | Global examples: 1080000 | Avg Loss (last 1024 ex): 0.1358
2026-07-26 06:20:19,640 - INFO: [exp5_dropout0] Epoch 19/20 | Global examples: 1081024 | Avg Loss (last 1024 ex): 0.1277
2026-07-26 06:20:29,595 - INFO: [exp5_dropout0] Epoch 19/20 | Global examples: 1082048 | Avg Loss (last 1024 ex): 0.1323
2026-07-26 06:20:39,286 - INFO: [exp5_dropout0] Epoch 19/20 | Global examples: 1083072 | Avg Loss (last 1024 ex): 0.1360
2026-07-26 06:20:48,728 - INFO: [exp5_dropout0] Epoch 19/20 | Global examples: 1084096 | Avg Loss (last 1024 ex): 0.1377
2026-07-26 06:20:58,792 - INFO: [exp5_dropout0] Epoch 19/20 | Global examples: 1085120 | Avg Loss (last 1024 ex): 0.1364
2026-07-26 06:21:08,349 - INFO: [exp5_dropout0] Epoch 19/20 | Global examples: 1086144 | Avg Loss (last 1024 ex): 0.1373
2026-07-26 06:21:18,158 - INFO: [exp5_dropout0] Epoch 19/20 | Global examples: 1087168 | Avg Loss (last 1024 ex): 0.1336
2026-07-26 06:21:27,888 - INFO: [exp5_dropout0] Epoch 19/20 | Global examples: 1088192 | Avg Loss (last 1024 ex): 0.1341
2026-07-26 06:21:37,308 - INFO: [exp5_dropout0] Epoch 19/20 | Global examples: 1089216 | Avg Loss (last 1024 ex): 0.1362
2026-07-26 06:21:47,064 - INFO: [exp5_dropout0] Epoch 19/20 | Global examples: 1090240 | Avg Loss (last 1024 ex): 0.1337
2026-07-26 06:21:57,151 - INFO: [exp5_dropout0] Epoch 19/20 | Global examples: 1091264 | Avg Loss (last 1024 ex): 0.1280
2026-07-26 06:22:06,560 - INFO: [exp5_dropout0] Epoch 19/20 | Global examples: 1092288 | Avg Loss (last 1024 ex): 0.1339
2026-07-26 06:22:16,076 - INFO: [exp5_dropout0] Epoch 19/20 | Global examples: 1093312 | Avg Loss (last 1024 ex): 0.1350
2026-07-26 06:22:25,911 - INFO: [exp5_dropout0] Epoch 19/20 | Global examples: 1094336 | Avg Loss (last 1024 ex): 0.1374
2026-07-26 06:22:35,493 - INFO: [exp5_dropout0] Epoch 19/20 | Global examples: 1095360 | Avg Loss (last 1024 ex): 0.1345
2026-07-26 06:22:45,450 - INFO: [exp5_dropout0] Epoch 19/20 | Global examples: 1096384 | Avg Loss (last 1024 ex): 0.1372
2026-07-26 06:22:55,373 - INFO: [exp5_dropout0] Epoch 19/20 | Global examples: 1097408 | Avg Loss (last 1024 ex): 0.1386
2026-07-26 06:23:04,876 - INFO: [exp5_dropout0] Epoch 19/20 | Global examples: 1098432 | Avg Loss (last 1024 ex): 0.1318
2026-07-26 06:23:14,702 - INFO: [exp5_dropout0] Epoch 19/20 | Global examples: 1099456 | Avg Loss (last 1024 ex): 0.1472
2026-07-26 06:23:24,087 - INFO: [exp5_dropout0] Epoch 19/20 | Global examples: 1100480 | Avg Loss (last 1024 ex): 0.1303
2026-07-26 06:23:34,156 - INFO: [exp5_dropout0] Epoch 19/20 | Global examples: 1101504 | Avg Loss (last 1024 ex): 0.1368
2026-07-26 06:23:44,009 - INFO: [exp5_dropout0] Epoch 19/20 | Global examples: 1102528 | Avg Loss (last 1024 ex): 0.1287
2026-07-26 06:23:53,191 - INFO: [exp5_dropout0] Epoch 19/20 | Global examples: 1103552 | Avg Loss (last 1024 ex): 0.1462
2026-07-26 06:24:03,101 - INFO: [exp5_dropout0] Epoch 19/20 | Global examples: 1104576 | Avg Loss (last 1024 ex): 0.1350
2026-07-26 06:24:12,984 - INFO: [exp5_dropout0] Epoch 19/20 | Global examples: 1105600 | Avg Loss (last 1024 ex): 0.1320
2026-07-26 06:24:22,535 - INFO: [exp5_dropout0] Epoch 19/20 | Global examples: 1106624 | Avg Loss (last 1024 ex): 0.1391
2026-07-26 06:24:32,581 - INFO: [exp5_dropout0] Epoch 19/20 | Global examples: 1107648 | Avg Loss (last 1024 ex): 0.1366
2026-07-26 06:24:42,477 - INFO: [exp5_dropout0] Epoch 19/20 | Global examples: 1108672 | Avg Loss (last 1024 ex): 0.1428
2026-07-26 06:24:51,927 - INFO: [exp5_dropout0] Epoch 19/20 | Global examples: 1109696 | Avg Loss (last 1024 ex): 0.1315
2026-07-26 06:25:01,793 - INFO: [exp5_dropout0] Epoch 19/20 | Global examples: 1110720 | Avg Loss (last 1024 ex): 0.1307
2026-07-26 06:25:02,682 - INFO: [exp5_dropout0] Epoch 19/20 | Global examples: 1110816 | Avg Loss (last 96 ex): 0.1056
2026-07-26 06:25:05,038 - INFO: [exp5_dropout0] Epoch 19 Val | Examples: 1024 | Avg Loss (last 1024 ex): 0.1534
2026-07-26 06:25:07,291 - INFO: [exp5_dropout0] Epoch 19 Val | Examples: 2048 | Avg Loss (last 1024 ex): 0.1386
2026-07-26 06:25:09,855 - INFO: [exp5_dropout0] Epoch 19 Val | Examples: 3072 | Avg Loss (last 1024 ex): 0.1433
2026-07-26 06:25:12,203 - INFO: [exp5_dropout0] Epoch 19 Val | Examples: 4096 | Avg Loss (last 1024 ex): 0.1335
2026-07-26 06:25:14,432 - INFO: [exp5_dropout0] Epoch 19 Val | Examples: 5120 | Avg Loss (last 1024 ex): 0.1553
2026-07-26 06:25:14,433 - INFO: [exp5_dropout0] === Epoch 19 done | Train Loss: 0.1346 | Val Loss: 0.1448 | Time: 555.9s ===
2026-07-26 06:25:14,493 - INFO: [exp5_dropout0] Model saved to C:/PythonProject/English2French/model/exp5_dropout0_epoch19.pth
2026-07-26 06:25:23,986 - INFO: [exp5_dropout0] Epoch 20/20 | Global examples: 1111840 | Avg Loss (last 1024 ex): 0.1241
2026-07-26 06:25:34,358 - INFO: [exp5_dropout0] Epoch 20/20 | Global examples: 1112864 | Avg Loss (last 1024 ex): 0.1279
2026-07-26 06:25:44,115 - INFO: [exp5_dropout0] Epoch 20/20 | Global examples: 1113888 | Avg Loss (last 1024 ex): 0.1225
2026-07-26 06:25:53,641 - INFO: [exp5_dropout0] Epoch 20/20 | Global examples: 1114912 | Avg Loss (last 1024 ex): 0.1330
2026-07-26 06:26:03,753 - INFO: [exp5_dropout0] Epoch 20/20 | Global examples: 1115936 | Avg Loss (last 1024 ex): 0.1295
2026-07-26 06:26:13,601 - INFO: [exp5_dropout0] Epoch 20/20 | Global examples: 1116960 | Avg Loss (last 1024 ex): 0.1369
2026-07-26 06:26:23,102 - INFO: [exp5_dropout0] Epoch 20/20 | Global examples: 1117984 | Avg Loss (last 1024 ex): 0.1266
2026-07-26 06:26:33,103 - INFO: [exp5_dropout0] Epoch 20/20 | Global examples: 1119008 | Avg Loss (last 1024 ex): 0.1239
2026-07-26 06:26:42,688 - INFO: [exp5_dropout0] Epoch 20/20 | Global examples: 1120032 | Avg Loss (last 1024 ex): 0.1297
2026-07-26 06:26:52,214 - INFO: [exp5_dropout0] Epoch 20/20 | Global examples: 1121056 | Avg Loss (last 1024 ex): 0.1272
2026-07-26 06:27:02,460 - INFO: [exp5_dropout0] Epoch 20/20 | Global examples: 1122080 | Avg Loss (last 1024 ex): 0.1412
2026-07-26 06:27:12,233 - INFO: [exp5_dropout0] Epoch 20/20 | Global examples: 1123104 | Avg Loss (last 1024 ex): 0.1347
2026-07-26 06:27:21,676 - INFO: [exp5_dropout0] Epoch 20/20 | Global examples: 1124128 | Avg Loss (last 1024 ex): 0.1266
2026-07-26 06:27:31,644 - INFO: [exp5_dropout0] Epoch 20/20 | Global examples: 1125152 | Avg Loss (last 1024 ex): 0.1334
2026-07-26 06:27:41,469 - INFO: [exp5_dropout0] Epoch 20/20 | Global examples: 1126176 | Avg Loss (last 1024 ex): 0.1288
2026-07-26 06:27:50,956 - INFO: [exp5_dropout0] Epoch 20/20 | Global examples: 1127200 | Avg Loss (last 1024 ex): 0.1420
2026-07-26 06:28:01,147 - INFO: [exp5_dropout0] Epoch 20/20 | Global examples: 1128224 | Avg Loss (last 1024 ex): 0.1338
2026-07-26 06:28:10,653 - INFO: [exp5_dropout0] Epoch 20/20 | Global examples: 1129248 | Avg Loss (last 1024 ex): 0.1296
2026-07-26 06:28:19,870 - INFO: [exp5_dropout0] Epoch 20/20 | Global examples: 1130272 | Avg Loss (last 1024 ex): 0.1278
2026-07-26 06:28:29,832 - INFO: [exp5_dropout0] Epoch 20/20 | Global examples: 1131296 | Avg Loss (last 1024 ex): 0.1330
2026-07-26 06:28:39,406 - INFO: [exp5_dropout0] Epoch 20/20 | Global examples: 1132320 | Avg Loss (last 1024 ex): 0.1347
2026-07-26 06:28:49,195 - INFO: [exp5_dropout0] Epoch 20/20 | Global examples: 1133344 | Avg Loss (last 1024 ex): 0.1340
2026-07-26 06:28:59,308 - INFO: [exp5_dropout0] Epoch 20/20 | Global examples: 1134368 | Avg Loss (last 1024 ex): 0.1340
2026-07-26 06:29:08,554 - INFO: [exp5_dropout0] Epoch 20/20 | Global examples: 1135392 | Avg Loss (last 1024 ex): 0.1351
2026-07-26 06:29:18,322 - INFO: [exp5_dropout0] Epoch 20/20 | Global examples: 1136416 | Avg Loss (last 1024 ex): 0.1371
2026-07-26 06:29:28,289 - INFO: [exp5_dropout0] Epoch 20/20 | Global examples: 1137440 | Avg Loss (last 1024 ex): 0.1274
2026-07-26 06:29:38,553 - INFO: [exp5_dropout0] Epoch 20/20 | Global examples: 1138464 | Avg Loss (last 1024 ex): 0.1367
2026-07-26 06:29:48,285 - INFO: [exp5_dropout0] Epoch 20/20 | Global examples: 1139488 | Avg Loss (last 1024 ex): 0.1259
2026-07-26 06:29:58,387 - INFO: [exp5_dropout0] Epoch 20/20 | Global examples: 1140512 | Avg Loss (last 1024 ex): 0.1398
2026-07-26 06:30:07,748 - INFO: [exp5_dropout0] Epoch 20/20 | Global examples: 1141536 | Avg Loss (last 1024 ex): 0.1316
2026-07-26 06:30:17,557 - INFO: [exp5_dropout0] Epoch 20/20 | Global examples: 1142560 | Avg Loss (last 1024 ex): 0.1379
2026-07-26 06:30:27,594 - INFO: [exp5_dropout0] Epoch 20/20 | Global examples: 1143584 | Avg Loss (last 1024 ex): 0.1346
2026-07-26 06:30:37,178 - INFO: [exp5_dropout0] Epoch 20/20 | Global examples: 1144608 | Avg Loss (last 1024 ex): 0.1294
2026-07-26 06:30:47,018 - INFO: [exp5_dropout0] Epoch 20/20 | Global examples: 1145632 | Avg Loss (last 1024 ex): 0.1314
2026-07-26 06:30:57,010 - INFO: [exp5_dropout0] Epoch 20/20 | Global examples: 1146656 | Avg Loss (last 1024 ex): 0.1348
2026-07-26 06:31:06,482 - INFO: [exp5_dropout0] Epoch 20/20 | Global examples: 1147680 | Avg Loss (last 1024 ex): 0.1390
2026-07-26 06:31:16,533 - INFO: [exp5_dropout0] Epoch 20/20 | Global examples: 1148704 | Avg Loss (last 1024 ex): 0.1324
2026-07-26 06:31:26,641 - INFO: [exp5_dropout0] Epoch 20/20 | Global examples: 1149728 | Avg Loss (last 1024 ex): 0.1395
2026-07-26 06:31:36,249 - INFO: [exp5_dropout0] Epoch 20/20 | Global examples: 1150752 | Avg Loss (last 1024 ex): 0.1266
2026-07-26 06:31:46,062 - INFO: [exp5_dropout0] Epoch 20/20 | Global examples: 1151776 | Avg Loss (last 1024 ex): 0.1307
2026-07-26 06:31:55,665 - INFO: [exp5_dropout0] Epoch 20/20 | Global examples: 1152800 | Avg Loss (last 1024 ex): 0.1236
2026-07-26 06:32:05,689 - INFO: [exp5_dropout0] Epoch 20/20 | Global examples: 1153824 | Avg Loss (last 1024 ex): 0.1314
2026-07-26 06:32:15,554 - INFO: [exp5_dropout0] Epoch 20/20 | Global examples: 1154848 | Avg Loss (last 1024 ex): 0.1365
2026-07-26 06:32:25,046 - INFO: [exp5_dropout0] Epoch 20/20 | Global examples: 1155872 | Avg Loss (last 1024 ex): 0.1402
2026-07-26 06:32:34,928 - INFO: [exp5_dropout0] Epoch 20/20 | Global examples: 1156896 | Avg Loss (last 1024 ex): 0.1375
2026-07-26 06:32:44,528 - INFO: [exp5_dropout0] Epoch 20/20 | Global examples: 1157920 | Avg Loss (last 1024 ex): 0.1347
2026-07-26 06:32:54,076 - INFO: [exp5_dropout0] Epoch 20/20 | Global examples: 1158944 | Avg Loss (last 1024 ex): 0.1429
2026-07-26 06:33:04,144 - INFO: [exp5_dropout0] Epoch 20/20 | Global examples: 1159968 | Avg Loss (last 1024 ex): 0.1331
2026-07-26 06:33:14,060 - INFO: [exp5_dropout0] Epoch 20/20 | Global examples: 1160992 | Avg Loss (last 1024 ex): 0.1380
2026-07-26 06:33:23,452 - INFO: [exp5_dropout0] Epoch 20/20 | Global examples: 1162016 | Avg Loss (last 1024 ex): 0.1341
2026-07-26 06:33:33,679 - INFO: [exp5_dropout0] Epoch 20/20 | Global examples: 1163040 | Avg Loss (last 1024 ex): 0.1265
2026-07-26 06:33:43,764 - INFO: [exp5_dropout0] Epoch 20/20 | Global examples: 1164064 | Avg Loss (last 1024 ex): 0.1429
2026-07-26 06:33:53,305 - INFO: [exp5_dropout0] Epoch 20/20 | Global examples: 1165088 | Avg Loss (last 1024 ex): 0.1382
2026-07-26 06:34:03,277 - INFO: [exp5_dropout0] Epoch 20/20 | Global examples: 1166112 | Avg Loss (last 1024 ex): 0.1301
2026-07-26 06:34:13,141 - INFO: [exp5_dropout0] Epoch 20/20 | Global examples: 1167136 | Avg Loss (last 1024 ex): 0.1296
2026-07-26 06:34:22,580 - INFO: [exp5_dropout0] Epoch 20/20 | Global examples: 1168160 | Avg Loss (last 1024 ex): 0.1350
2026-07-26 06:34:32,808 - INFO: [exp5_dropout0] Epoch 20/20 | Global examples: 1169184 | Avg Loss (last 1024 ex): 0.1388
2026-07-26 06:34:33,683 - INFO: [exp5_dropout0] Epoch 20/20 | Global examples: 1169280 | Avg Loss (last 96 ex): 0.1272
2026-07-26 06:34:36,032 - INFO: [exp5_dropout0] Epoch 20 Val | Examples: 1024 | Avg Loss (last 1024 ex): 0.1394
2026-07-26 06:34:38,514 - INFO: [exp5_dropout0] Epoch 20 Val | Examples: 2048 | Avg Loss (last 1024 ex): 0.1407
2026-07-26 06:34:41,095 - INFO: [exp5_dropout0] Epoch 20 Val | Examples: 3072 | Avg Loss (last 1024 ex): 0.1361
2026-07-26 06:34:43,446 - INFO: [exp5_dropout0] Epoch 20 Val | Examples: 4096 | Avg Loss (last 1024 ex): 0.1353
2026-07-26 06:34:45,738 - INFO: [exp5_dropout0] Epoch 20 Val | Examples: 5120 | Avg Loss (last 1024 ex): 0.1424
2026-07-26 06:34:45,738 - INFO: [exp5_dropout0] === Epoch 20 done | Train Loss: 0.1329 | Val Loss: 0.1388 | Time: 559.2s ===
2026-07-26 06:34:45,790 - INFO: [exp5_dropout0] Model saved to C:/PythonProject/English2French/model/exp5_dropout0_epoch20.pth
