2026-07-25 18:49:03,142 - INFO: Starting experiment: exp1_no_warmup — 移除 Noam warmup，恒定 lr=0.0003
2026-07-25 18:49:03,142 - INFO: Config: d_model=256, d_ff=1024, head=4, n_layers=4, dropout=0.2, warmup=False
2026-07-25 18:49:03,257 - INFO: Params: 11,987,824
2026-07-25 18:49:15,591 - INFO: [exp1_no_warmup] Epoch 1/20 | Global examples: 1024 | Avg Loss (last 1024 ex): 6.7450
2026-07-25 18:49:26,723 - INFO: [exp1_no_warmup] Epoch 1/20 | Global examples: 2048 | Avg Loss (last 1024 ex): 4.8958
2026-07-25 18:49:38,281 - INFO: [exp1_no_warmup] Epoch 1/20 | Global examples: 3072 | Avg Loss (last 1024 ex): 4.2920
2026-07-25 18:49:50,055 - INFO: [exp1_no_warmup] Epoch 1/20 | Global examples: 4096 | Avg Loss (last 1024 ex): 3.8731
2026-07-25 18:50:01,574 - INFO: [exp1_no_warmup] Epoch 1/20 | Global examples: 5120 | Avg Loss (last 1024 ex): 3.6466
2026-07-25 18:50:13,218 - INFO: [exp1_no_warmup] Epoch 1/20 | Global examples: 6144 | Avg Loss (last 1024 ex): 3.5059
2026-07-25 18:50:25,070 - INFO: [exp1_no_warmup] Epoch 1/20 | Global examples: 7168 | Avg Loss (last 1024 ex): 3.3498
2026-07-25 18:50:36,935 - INFO: [exp1_no_warmup] Epoch 1/20 | Global examples: 8192 | Avg Loss (last 1024 ex): 3.2840
2026-07-25 18:50:48,727 - INFO: [exp1_no_warmup] Epoch 1/20 | Global examples: 9216 | Avg Loss (last 1024 ex): 3.1607
2026-07-25 18:51:00,402 - INFO: [exp1_no_warmup] Epoch 1/20 | Global examples: 10240 | Avg Loss (last 1024 ex): 3.1356
2026-07-25 18:51:12,369 - INFO: [exp1_no_warmup] Epoch 1/20 | Global examples: 11264 | Avg Loss (last 1024 ex): 3.0959
2026-07-25 18:51:24,161 - INFO: [exp1_no_warmup] Epoch 1/20 | Global examples: 12288 | Avg Loss (last 1024 ex): 2.9953
2026-07-25 18:51:35,882 - INFO: [exp1_no_warmup] Epoch 1/20 | Global examples: 13312 | Avg Loss (last 1024 ex): 2.9805
2026-07-25 18:51:47,789 - INFO: [exp1_no_warmup] Epoch 1/20 | Global examples: 14336 | Avg Loss (last 1024 ex): 2.9422
2026-07-25 18:51:59,644 - INFO: [exp1_no_warmup] Epoch 1/20 | Global examples: 15360 | Avg Loss (last 1024 ex): 2.7927
2026-07-25 18:52:11,448 - INFO: [exp1_no_warmup] Epoch 1/20 | Global examples: 16384 | Avg Loss (last 1024 ex): 2.8628
2026-07-25 18:52:23,473 - INFO: [exp1_no_warmup] Epoch 1/20 | Global examples: 17408 | Avg Loss (last 1024 ex): 2.7668
2026-07-25 18:52:35,172 - INFO: [exp1_no_warmup] Epoch 1/20 | Global examples: 18432 | Avg Loss (last 1024 ex): 2.7437
2026-07-25 18:52:47,094 - INFO: [exp1_no_warmup] Epoch 1/20 | Global examples: 19456 | Avg Loss (last 1024 ex): 2.7059
2026-07-25 18:52:58,970 - INFO: [exp1_no_warmup] Epoch 1/20 | Global examples: 20480 | Avg Loss (last 1024 ex): 2.5597
2026-07-25 18:53:10,748 - INFO: [exp1_no_warmup] Epoch 1/20 | Global examples: 21504 | Avg Loss (last 1024 ex): 2.5680
2026-07-25 18:53:22,839 - INFO: [exp1_no_warmup] Epoch 1/20 | Global examples: 22528 | Avg Loss (last 1024 ex): 2.5026
2026-07-25 18:53:34,816 - INFO: [exp1_no_warmup] Epoch 1/20 | Global examples: 23552 | Avg Loss (last 1024 ex): 2.5436
2026-07-25 18:53:46,714 - INFO: [exp1_no_warmup] Epoch 1/20 | Global examples: 24576 | Avg Loss (last 1024 ex): 2.4800
2026-07-25 18:53:58,502 - INFO: [exp1_no_warmup] Epoch 1/20 | Global examples: 25600 | Avg Loss (last 1024 ex): 2.4899
2026-07-25 18:54:10,491 - INFO: [exp1_no_warmup] Epoch 1/20 | Global examples: 26624 | Avg Loss (last 1024 ex): 2.4213
2026-07-25 18:54:22,561 - INFO: [exp1_no_warmup] Epoch 1/20 | Global examples: 27648 | Avg Loss (last 1024 ex): 2.4907
2026-07-25 18:54:35,465 - INFO: [exp1_no_warmup] Epoch 1/20 | Global examples: 28672 | Avg Loss (last 1024 ex): 2.4078
2026-07-25 18:54:49,352 - INFO: [exp1_no_warmup] Epoch 1/20 | Global examples: 29696 | Avg Loss (last 1024 ex): 2.3352
2026-07-25 18:55:01,630 - INFO: [exp1_no_warmup] Epoch 1/20 | Global examples: 30720 | Avg Loss (last 1024 ex): 2.3609
2026-07-25 18:55:14,451 - INFO: [exp1_no_warmup] Epoch 1/20 | Global examples: 31744 | Avg Loss (last 1024 ex): 2.2976
2026-07-25 18:55:26,738 - INFO: [exp1_no_warmup] Epoch 1/20 | Global examples: 32768 | Avg Loss (last 1024 ex): 2.2625
2026-07-25 18:55:38,890 - INFO: [exp1_no_warmup] Epoch 1/20 | Global examples: 33792 | Avg Loss (last 1024 ex): 2.2102
2026-07-25 18:55:50,959 - INFO: [exp1_no_warmup] Epoch 1/20 | Global examples: 34816 | Avg Loss (last 1024 ex): 2.2379
2026-07-25 18:56:02,943 - INFO: [exp1_no_warmup] Epoch 1/20 | Global examples: 35840 | Avg Loss (last 1024 ex): 2.2082
2026-07-25 18:56:15,194 - INFO: [exp1_no_warmup] Epoch 1/20 | Global examples: 36864 | Avg Loss (last 1024 ex): 2.2371
2026-07-25 18:56:26,977 - INFO: [exp1_no_warmup] Epoch 1/20 | Global examples: 37888 | Avg Loss (last 1024 ex): 2.1894
2026-07-25 18:56:38,814 - INFO: [exp1_no_warmup] Epoch 1/20 | Global examples: 38912 | Avg Loss (last 1024 ex): 2.2104
2026-07-25 18:56:50,922 - INFO: [exp1_no_warmup] Epoch 1/20 | Global examples: 39936 | Avg Loss (last 1024 ex): 2.1325
2026-07-25 18:57:02,937 - INFO: [exp1_no_warmup] Epoch 1/20 | Global examples: 40960 | Avg Loss (last 1024 ex): 2.0735
2026-07-25 18:57:14,921 - INFO: [exp1_no_warmup] Epoch 1/20 | Global examples: 41984 | Avg Loss (last 1024 ex): 2.0910
2026-07-25 18:57:26,923 - INFO: [exp1_no_warmup] Epoch 1/20 | Global examples: 43008 | Avg Loss (last 1024 ex): 2.0532
2026-07-25 18:57:38,980 - INFO: [exp1_no_warmup] Epoch 1/20 | Global examples: 44032 | Avg Loss (last 1024 ex): 2.0373
2026-07-25 18:57:51,077 - INFO: [exp1_no_warmup] Epoch 1/20 | Global examples: 45056 | Avg Loss (last 1024 ex): 2.0551
2026-07-25 18:58:03,020 - INFO: [exp1_no_warmup] Epoch 1/20 | Global examples: 46080 | Avg Loss (last 1024 ex): 2.0012
2026-07-25 18:58:14,964 - INFO: [exp1_no_warmup] Epoch 1/20 | Global examples: 47104 | Avg Loss (last 1024 ex): 2.0294
2026-07-25 18:58:26,861 - INFO: [exp1_no_warmup] Epoch 1/20 | Global examples: 48128 | Avg Loss (last 1024 ex): 2.0165
2026-07-25 18:58:38,755 - INFO: [exp1_no_warmup] Epoch 1/20 | Global examples: 49152 | Avg Loss (last 1024 ex): 1.9783
2026-07-25 18:58:50,856 - INFO: [exp1_no_warmup] Epoch 1/20 | Global examples: 50176 | Avg Loss (last 1024 ex): 1.9368
2026-07-25 18:59:02,797 - INFO: [exp1_no_warmup] Epoch 1/20 | Global examples: 51200 | Avg Loss (last 1024 ex): 1.9700
2026-07-25 18:59:14,617 - INFO: [exp1_no_warmup] Epoch 1/20 | Global examples: 52224 | Avg Loss (last 1024 ex): 1.9554
2026-07-25 18:59:26,524 - INFO: [exp1_no_warmup] Epoch 1/20 | Global examples: 53248 | Avg Loss (last 1024 ex): 1.8436
2026-07-25 18:59:38,647 - INFO: [exp1_no_warmup] Epoch 1/20 | Global examples: 54272 | Avg Loss (last 1024 ex): 1.8883
2026-07-25 18:59:50,502 - INFO: [exp1_no_warmup] Epoch 1/20 | Global examples: 55296 | Avg Loss (last 1024 ex): 1.9119
2026-07-25 19:00:02,433 - INFO: [exp1_no_warmup] Epoch 1/20 | Global examples: 56320 | Avg Loss (last 1024 ex): 1.8708
2026-07-25 19:00:14,269 - INFO: [exp1_no_warmup] Epoch 1/20 | Global examples: 57344 | Avg Loss (last 1024 ex): 1.8402
2026-07-25 19:00:26,455 - INFO: [exp1_no_warmup] Epoch 1/20 | Global examples: 58368 | Avg Loss (last 1024 ex): 1.8033
2026-07-25 19:00:27,559 - INFO: [exp1_no_warmup] Epoch 1/20 | Global examples: 58464 | Avg Loss (last 96 ex): 1.7290
2026-07-25 19:00:29,530 - INFO: [exp1_no_warmup] Epoch 1 Val | Examples: 1024 | Avg Loss (last 1024 ex): 1.6481
2026-07-25 19:00:31,439 - INFO: [exp1_no_warmup] Epoch 1 Val | Examples: 2048 | Avg Loss (last 1024 ex): 1.6331
2026-07-25 19:00:33,382 - INFO: [exp1_no_warmup] Epoch 1 Val | Examples: 3072 | Avg Loss (last 1024 ex): 1.6778
2026-07-25 19:00:35,301 - INFO: [exp1_no_warmup] Epoch 1 Val | Examples: 4096 | Avg Loss (last 1024 ex): 1.6608
2026-07-25 19:00:37,221 - INFO: [exp1_no_warmup] Epoch 1 Val | Examples: 5120 | Avg Loss (last 1024 ex): 1.6093
2026-07-25 19:00:37,221 - INFO: [exp1_no_warmup] === Epoch 1 done | Train Loss: 2.5999 | Val Loss: 1.6458 | Time: 682.9s ===
2026-07-25 19:00:37,293 - INFO: [exp1_no_warmup] Model saved to C:/PythonProject/English2French/model/exp1_no_warmup_epoch1.pth
2026-07-25 19:00:49,317 - INFO: [exp1_no_warmup] Epoch 2/20 | Global examples: 59488 | Avg Loss (last 1024 ex): 1.7591
2026-07-25 19:01:01,187 - INFO: [exp1_no_warmup] Epoch 2/20 | Global examples: 60512 | Avg Loss (last 1024 ex): 1.7516
2026-07-25 19:01:13,111 - INFO: [exp1_no_warmup] Epoch 2/20 | Global examples: 61536 | Avg Loss (last 1024 ex): 1.7535
2026-07-25 19:01:25,303 - INFO: [exp1_no_warmup] Epoch 2/20 | Global examples: 62560 | Avg Loss (last 1024 ex): 1.7684
2026-07-25 19:01:37,264 - INFO: [exp1_no_warmup] Epoch 2/20 | Global examples: 63584 | Avg Loss (last 1024 ex): 1.7342
2026-07-25 19:01:49,252 - INFO: [exp1_no_warmup] Epoch 2/20 | Global examples: 64608 | Avg Loss (last 1024 ex): 1.7167
2026-07-25 19:02:01,734 - INFO: [exp1_no_warmup] Epoch 2/20 | Global examples: 65632 | Avg Loss (last 1024 ex): 1.7072
2026-07-25 19:02:13,832 - INFO: [exp1_no_warmup] Epoch 2/20 | Global examples: 66656 | Avg Loss (last 1024 ex): 1.6681
2026-07-25 19:02:25,815 - INFO: [exp1_no_warmup] Epoch 2/20 | Global examples: 67680 | Avg Loss (last 1024 ex): 1.6786
2026-07-25 19:02:38,426 - INFO: [exp1_no_warmup] Epoch 2/20 | Global examples: 68704 | Avg Loss (last 1024 ex): 1.6433
2026-07-25 19:02:51,804 - INFO: [exp1_no_warmup] Epoch 2/20 | Global examples: 69728 | Avg Loss (last 1024 ex): 1.6134
2026-07-25 19:03:03,821 - INFO: [exp1_no_warmup] Epoch 2/20 | Global examples: 70752 | Avg Loss (last 1024 ex): 1.5933
2026-07-25 19:03:15,876 - INFO: [exp1_no_warmup] Epoch 2/20 | Global examples: 71776 | Avg Loss (last 1024 ex): 1.5867
2026-07-25 19:03:27,804 - INFO: [exp1_no_warmup] Epoch 2/20 | Global examples: 72800 | Avg Loss (last 1024 ex): 1.5960
2026-07-25 19:03:39,767 - INFO: [exp1_no_warmup] Epoch 2/20 | Global examples: 73824 | Avg Loss (last 1024 ex): 1.5809
2026-07-25 19:03:51,778 - INFO: [exp1_no_warmup] Epoch 2/20 | Global examples: 74848 | Avg Loss (last 1024 ex): 1.5415
2026-07-25 19:04:03,800 - INFO: [exp1_no_warmup] Epoch 2/20 | Global examples: 75872 | Avg Loss (last 1024 ex): 1.5868
2026-07-25 19:04:15,784 - INFO: [exp1_no_warmup] Epoch 2/20 | Global examples: 76896 | Avg Loss (last 1024 ex): 1.5283
2026-07-25 19:04:27,701 - INFO: [exp1_no_warmup] Epoch 2/20 | Global examples: 77920 | Avg Loss (last 1024 ex): 1.5223
2026-07-25 19:04:39,707 - INFO: [exp1_no_warmup] Epoch 2/20 | Global examples: 78944 | Avg Loss (last 1024 ex): 1.4636
2026-07-25 19:04:51,832 - INFO: [exp1_no_warmup] Epoch 2/20 | Global examples: 79968 | Avg Loss (last 1024 ex): 1.4974
2026-07-25 19:05:03,770 - INFO: [exp1_no_warmup] Epoch 2/20 | Global examples: 80992 | Avg Loss (last 1024 ex): 1.5567
2026-07-25 19:05:15,633 - INFO: [exp1_no_warmup] Epoch 2/20 | Global examples: 82016 | Avg Loss (last 1024 ex): 1.5555
2026-07-25 19:05:27,733 - INFO: [exp1_no_warmup] Epoch 2/20 | Global examples: 83040 | Avg Loss (last 1024 ex): 1.4870
2026-07-25 19:05:39,843 - INFO: [exp1_no_warmup] Epoch 2/20 | Global examples: 84064 | Avg Loss (last 1024 ex): 1.4641
2026-07-25 19:05:51,768 - INFO: [exp1_no_warmup] Epoch 2/20 | Global examples: 85088 | Avg Loss (last 1024 ex): 1.4152
2026-07-25 19:06:03,569 - INFO: [exp1_no_warmup] Epoch 2/20 | Global examples: 86112 | Avg Loss (last 1024 ex): 1.4199
2026-07-25 19:06:15,712 - INFO: [exp1_no_warmup] Epoch 2/20 | Global examples: 87136 | Avg Loss (last 1024 ex): 1.5036
2026-07-25 19:06:27,525 - INFO: [exp1_no_warmup] Epoch 2/20 | Global examples: 88160 | Avg Loss (last 1024 ex): 1.4718
2026-07-25 19:06:39,494 - INFO: [exp1_no_warmup] Epoch 2/20 | Global examples: 89184 | Avg Loss (last 1024 ex): 1.4504
2026-07-25 19:06:51,449 - INFO: [exp1_no_warmup] Epoch 2/20 | Global examples: 90208 | Avg Loss (last 1024 ex): 1.4147
2026-07-25 19:07:03,522 - INFO: [exp1_no_warmup] Epoch 2/20 | Global examples: 91232 | Avg Loss (last 1024 ex): 1.4221
2026-07-25 19:07:15,359 - INFO: [exp1_no_warmup] Epoch 2/20 | Global examples: 92256 | Avg Loss (last 1024 ex): 1.4633
2026-07-25 19:07:27,451 - INFO: [exp1_no_warmup] Epoch 2/20 | Global examples: 93280 | Avg Loss (last 1024 ex): 1.3864
2026-07-25 19:07:39,469 - INFO: [exp1_no_warmup] Epoch 2/20 | Global examples: 94304 | Avg Loss (last 1024 ex): 1.3600
2026-07-25 19:07:51,451 - INFO: [exp1_no_warmup] Epoch 2/20 | Global examples: 95328 | Avg Loss (last 1024 ex): 1.4436
2026-07-25 19:08:03,437 - INFO: [exp1_no_warmup] Epoch 2/20 | Global examples: 96352 | Avg Loss (last 1024 ex): 1.3219
2026-07-25 19:08:15,333 - INFO: [exp1_no_warmup] Epoch 2/20 | Global examples: 97376 | Avg Loss (last 1024 ex): 1.3562
2026-07-25 19:08:27,393 - INFO: [exp1_no_warmup] Epoch 2/20 | Global examples: 98400 | Avg Loss (last 1024 ex): 1.3343
2026-07-25 19:08:39,471 - INFO: [exp1_no_warmup] Epoch 2/20 | Global examples: 99424 | Avg Loss (last 1024 ex): 1.3080
2026-07-25 19:08:51,544 - INFO: [exp1_no_warmup] Epoch 2/20 | Global examples: 100448 | Avg Loss (last 1024 ex): 1.3147
2026-07-25 19:09:03,258 - INFO: [exp1_no_warmup] Epoch 2/20 | Global examples: 101472 | Avg Loss (last 1024 ex): 1.3357
2026-07-25 19:09:15,129 - INFO: [exp1_no_warmup] Epoch 2/20 | Global examples: 102496 | Avg Loss (last 1024 ex): 1.3252
2026-07-25 19:09:27,118 - INFO: [exp1_no_warmup] Epoch 2/20 | Global examples: 103520 | Avg Loss (last 1024 ex): 1.2915
2026-07-25 19:09:38,989 - INFO: [exp1_no_warmup] Epoch 2/20 | Global examples: 104544 | Avg Loss (last 1024 ex): 1.2840
2026-07-25 19:09:51,015 - INFO: [exp1_no_warmup] Epoch 2/20 | Global examples: 105568 | Avg Loss (last 1024 ex): 1.3045
2026-07-25 19:10:02,921 - INFO: [exp1_no_warmup] Epoch 2/20 | Global examples: 106592 | Avg Loss (last 1024 ex): 1.2501
2026-07-25 19:10:14,872 - INFO: [exp1_no_warmup] Epoch 2/20 | Global examples: 107616 | Avg Loss (last 1024 ex): 1.2962
2026-07-25 19:10:26,848 - INFO: [exp1_no_warmup] Epoch 2/20 | Global examples: 108640 | Avg Loss (last 1024 ex): 1.2864
2026-07-25 19:10:38,582 - INFO: [exp1_no_warmup] Epoch 2/20 | Global examples: 109664 | Avg Loss (last 1024 ex): 1.2548
2026-07-25 19:10:50,532 - INFO: [exp1_no_warmup] Epoch 2/20 | Global examples: 110688 | Avg Loss (last 1024 ex): 1.2468
2026-07-25 19:11:02,471 - INFO: [exp1_no_warmup] Epoch 2/20 | Global examples: 111712 | Avg Loss (last 1024 ex): 1.3214
2026-07-25 19:11:14,272 - INFO: [exp1_no_warmup] Epoch 2/20 | Global examples: 112736 | Avg Loss (last 1024 ex): 1.2029
2026-07-25 19:11:26,179 - INFO: [exp1_no_warmup] Epoch 2/20 | Global examples: 113760 | Avg Loss (last 1024 ex): 1.2681
2026-07-25 19:11:37,924 - INFO: [exp1_no_warmup] Epoch 2/20 | Global examples: 114784 | Avg Loss (last 1024 ex): 1.1976
2026-07-25 19:11:50,935 - INFO: [exp1_no_warmup] Epoch 2/20 | Global examples: 115808 | Avg Loss (last 1024 ex): 1.2028
2026-07-25 19:12:04,014 - INFO: [exp1_no_warmup] Epoch 2/20 | Global examples: 116832 | Avg Loss (last 1024 ex): 1.2458
2026-07-25 19:12:05,184 - INFO: [exp1_no_warmup] Epoch 2/20 | Global examples: 116928 | Avg Loss (last 96 ex): 1.2126
2026-07-25 19:12:07,061 - INFO: [exp1_no_warmup] Epoch 2 Val | Examples: 1024 | Avg Loss (last 1024 ex): 1.0294
2026-07-25 19:12:08,903 - INFO: [exp1_no_warmup] Epoch 2 Val | Examples: 2048 | Avg Loss (last 1024 ex): 0.9958
2026-07-25 19:12:10,763 - INFO: [exp1_no_warmup] Epoch 2 Val | Examples: 3072 | Avg Loss (last 1024 ex): 1.0519
2026-07-25 19:12:12,627 - INFO: [exp1_no_warmup] Epoch 2 Val | Examples: 4096 | Avg Loss (last 1024 ex): 1.0550
2026-07-25 19:12:14,515 - INFO: [exp1_no_warmup] Epoch 2 Val | Examples: 5120 | Avg Loss (last 1024 ex): 1.0130
2026-07-25 19:12:14,515 - INFO: [exp1_no_warmup] === Epoch 2 done | Train Loss: 1.4567 | Val Loss: 1.0290 | Time: 687.9s ===
2026-07-25 19:12:14,576 - INFO: [exp1_no_warmup] Model saved to C:/PythonProject/English2French/model/exp1_no_warmup_epoch2.pth
2026-07-25 19:12:26,776 - INFO: [exp1_no_warmup] Epoch 3/20 | Global examples: 117952 | Avg Loss (last 1024 ex): 1.0780
2026-07-25 19:12:38,821 - INFO: [exp1_no_warmup] Epoch 3/20 | Global examples: 118976 | Avg Loss (last 1024 ex): 1.1028
2026-07-25 19:12:50,753 - INFO: [exp1_no_warmup] Epoch 3/20 | Global examples: 120000 | Avg Loss (last 1024 ex): 1.1433
2026-07-25 19:13:02,785 - INFO: [exp1_no_warmup] Epoch 3/20 | Global examples: 121024 | Avg Loss (last 1024 ex): 1.1516
2026-07-25 19:13:14,553 - INFO: [exp1_no_warmup] Epoch 3/20 | Global examples: 122048 | Avg Loss (last 1024 ex): 1.0872
2026-07-25 19:13:26,555 - INFO: [exp1_no_warmup] Epoch 3/20 | Global examples: 123072 | Avg Loss (last 1024 ex): 1.1405
2026-07-25 19:13:38,377 - INFO: [exp1_no_warmup] Epoch 3/20 | Global examples: 124096 | Avg Loss (last 1024 ex): 1.0785
2026-07-25 19:13:50,259 - INFO: [exp1_no_warmup] Epoch 3/20 | Global examples: 125120 | Avg Loss (last 1024 ex): 1.1095
2026-07-25 19:14:02,220 - INFO: [exp1_no_warmup] Epoch 3/20 | Global examples: 126144 | Avg Loss (last 1024 ex): 1.1016
2026-07-25 19:14:14,361 - INFO: [exp1_no_warmup] Epoch 3/20 | Global examples: 127168 | Avg Loss (last 1024 ex): 1.0788
2026-07-25 19:14:26,663 - INFO: [exp1_no_warmup] Epoch 3/20 | Global examples: 128192 | Avg Loss (last 1024 ex): 1.0910
2026-07-25 19:14:38,730 - INFO: [exp1_no_warmup] Epoch 3/20 | Global examples: 129216 | Avg Loss (last 1024 ex): 1.0735
2026-07-25 19:14:50,718 - INFO: [exp1_no_warmup] Epoch 3/20 | Global examples: 130240 | Avg Loss (last 1024 ex): 1.0734
2026-07-25 19:15:02,622 - INFO: [exp1_no_warmup] Epoch 3/20 | Global examples: 131264 | Avg Loss (last 1024 ex): 1.0329
2026-07-25 19:15:14,550 - INFO: [exp1_no_warmup] Epoch 3/20 | Global examples: 132288 | Avg Loss (last 1024 ex): 0.9722
2026-07-25 19:15:26,497 - INFO: [exp1_no_warmup] Epoch 3/20 | Global examples: 133312 | Avg Loss (last 1024 ex): 1.1091
2026-07-25 19:15:38,622 - INFO: [exp1_no_warmup] Epoch 3/20 | Global examples: 134336 | Avg Loss (last 1024 ex): 1.0566
2026-07-25 19:15:50,808 - INFO: [exp1_no_warmup] Epoch 3/20 | Global examples: 135360 | Avg Loss (last 1024 ex): 1.0176
2026-07-25 19:16:02,869 - INFO: [exp1_no_warmup] Epoch 3/20 | Global examples: 136384 | Avg Loss (last 1024 ex): 1.0834
2026-07-25 19:16:14,860 - INFO: [exp1_no_warmup] Epoch 3/20 | Global examples: 137408 | Avg Loss (last 1024 ex): 1.0162
2026-07-25 19:16:26,782 - INFO: [exp1_no_warmup] Epoch 3/20 | Global examples: 138432 | Avg Loss (last 1024 ex): 1.0474
2026-07-25 19:16:38,894 - INFO: [exp1_no_warmup] Epoch 3/20 | Global examples: 139456 | Avg Loss (last 1024 ex): 1.0511
2026-07-25 19:16:50,961 - INFO: [exp1_no_warmup] Epoch 3/20 | Global examples: 140480 | Avg Loss (last 1024 ex): 0.9973
2026-07-25 19:17:02,829 - INFO: [exp1_no_warmup] Epoch 3/20 | Global examples: 141504 | Avg Loss (last 1024 ex): 1.0331
2026-07-25 19:17:14,825 - INFO: [exp1_no_warmup] Epoch 3/20 | Global examples: 142528 | Avg Loss (last 1024 ex): 1.0012
2026-07-25 19:17:26,622 - INFO: [exp1_no_warmup] Epoch 3/20 | Global examples: 143552 | Avg Loss (last 1024 ex): 0.9744
2026-07-25 19:17:38,737 - INFO: [exp1_no_warmup] Epoch 3/20 | Global examples: 144576 | Avg Loss (last 1024 ex): 1.0357
2026-07-25 19:17:50,639 - INFO: [exp1_no_warmup] Epoch 3/20 | Global examples: 145600 | Avg Loss (last 1024 ex): 1.0319
2026-07-25 19:18:02,361 - INFO: [exp1_no_warmup] Epoch 3/20 | Global examples: 146624 | Avg Loss (last 1024 ex): 0.9782
2026-07-25 19:18:14,241 - INFO: [exp1_no_warmup] Epoch 3/20 | Global examples: 147648 | Avg Loss (last 1024 ex): 0.9948
2026-07-25 19:18:26,242 - INFO: [exp1_no_warmup] Epoch 3/20 | Global examples: 148672 | Avg Loss (last 1024 ex): 0.9953
2026-07-25 19:18:38,318 - INFO: [exp1_no_warmup] Epoch 3/20 | Global examples: 149696 | Avg Loss (last 1024 ex): 0.9609
2026-07-25 19:18:50,369 - INFO: [exp1_no_warmup] Epoch 3/20 | Global examples: 150720 | Avg Loss (last 1024 ex): 0.9170
2026-07-25 19:19:02,267 - INFO: [exp1_no_warmup] Epoch 3/20 | Global examples: 151744 | Avg Loss (last 1024 ex): 0.9524
2026-07-25 19:19:14,247 - INFO: [exp1_no_warmup] Epoch 3/20 | Global examples: 152768 | Avg Loss (last 1024 ex): 0.9270
2026-07-25 19:19:26,252 - INFO: [exp1_no_warmup] Epoch 3/20 | Global examples: 153792 | Avg Loss (last 1024 ex): 0.9422
2026-07-25 19:19:38,104 - INFO: [exp1_no_warmup] Epoch 3/20 | Global examples: 154816 | Avg Loss (last 1024 ex): 0.9599
2026-07-25 19:19:50,129 - INFO: [exp1_no_warmup] Epoch 3/20 | Global examples: 155840 | Avg Loss (last 1024 ex): 0.9347
2026-07-25 19:20:01,732 - INFO: [exp1_no_warmup] Epoch 3/20 | Global examples: 156864 | Avg Loss (last 1024 ex): 0.9129
2026-07-25 19:20:13,639 - INFO: [exp1_no_warmup] Epoch 3/20 | Global examples: 157888 | Avg Loss (last 1024 ex): 0.9213
2026-07-25 19:20:25,799 - INFO: [exp1_no_warmup] Epoch 3/20 | Global examples: 158912 | Avg Loss (last 1024 ex): 0.9211
2026-07-25 19:20:37,831 - INFO: [exp1_no_warmup] Epoch 3/20 | Global examples: 159936 | Avg Loss (last 1024 ex): 0.9279
2026-07-25 19:20:49,523 - INFO: [exp1_no_warmup] Epoch 3/20 | Global examples: 160960 | Avg Loss (last 1024 ex): 0.9331
2026-07-25 19:21:01,703 - INFO: [exp1_no_warmup] Epoch 3/20 | Global examples: 161984 | Avg Loss (last 1024 ex): 0.9199
2026-07-25 19:21:13,573 - INFO: [exp1_no_warmup] Epoch 3/20 | Global examples: 163008 | Avg Loss (last 1024 ex): 0.9069
2026-07-25 19:21:25,586 - INFO: [exp1_no_warmup] Epoch 3/20 | Global examples: 164032 | Avg Loss (last 1024 ex): 0.9079
2026-07-25 19:21:37,418 - INFO: [exp1_no_warmup] Epoch 3/20 | Global examples: 165056 | Avg Loss (last 1024 ex): 0.8476
2026-07-25 19:21:49,424 - INFO: [exp1_no_warmup] Epoch 3/20 | Global examples: 166080 | Avg Loss (last 1024 ex): 0.8866
2026-07-25 19:22:01,248 - INFO: [exp1_no_warmup] Epoch 3/20 | Global examples: 167104 | Avg Loss (last 1024 ex): 0.8941
2026-07-25 19:22:13,245 - INFO: [exp1_no_warmup] Epoch 3/20 | Global examples: 168128 | Avg Loss (last 1024 ex): 0.8678
2026-07-25 19:22:25,172 - INFO: [exp1_no_warmup] Epoch 3/20 | Global examples: 169152 | Avg Loss (last 1024 ex): 0.8813
2026-07-25 19:22:36,918 - INFO: [exp1_no_warmup] Epoch 3/20 | Global examples: 170176 | Avg Loss (last 1024 ex): 0.9066
2026-07-25 19:22:48,813 - INFO: [exp1_no_warmup] Epoch 3/20 | Global examples: 171200 | Avg Loss (last 1024 ex): 0.8913
2026-07-25 19:23:00,670 - INFO: [exp1_no_warmup] Epoch 3/20 | Global examples: 172224 | Avg Loss (last 1024 ex): 0.8949
2026-07-25 19:23:12,518 - INFO: [exp1_no_warmup] Epoch 3/20 | Global examples: 173248 | Avg Loss (last 1024 ex): 0.8879
2026-07-25 19:23:24,459 - INFO: [exp1_no_warmup] Epoch 3/20 | Global examples: 174272 | Avg Loss (last 1024 ex): 0.8663
2026-07-25 19:23:36,460 - INFO: [exp1_no_warmup] Epoch 3/20 | Global examples: 175296 | Avg Loss (last 1024 ex): 0.8540
2026-07-25 19:23:37,570 - INFO: [exp1_no_warmup] Epoch 3/20 | Global examples: 175392 | Avg Loss (last 96 ex): 0.9324
2026-07-25 19:23:39,456 - INFO: [exp1_no_warmup] Epoch 3 Val | Examples: 1024 | Avg Loss (last 1024 ex): 0.7106
2026-07-25 19:23:41,317 - INFO: [exp1_no_warmup] Epoch 3 Val | Examples: 2048 | Avg Loss (last 1024 ex): 0.6782
2026-07-25 19:23:43,195 - INFO: [exp1_no_warmup] Epoch 3 Val | Examples: 3072 | Avg Loss (last 1024 ex): 0.7168
2026-07-25 19:23:45,045 - INFO: [exp1_no_warmup] Epoch 3 Val | Examples: 4096 | Avg Loss (last 1024 ex): 0.7186
2026-07-25 19:23:46,922 - INFO: [exp1_no_warmup] Epoch 3 Val | Examples: 5120 | Avg Loss (last 1024 ex): 0.7083
2026-07-25 19:23:46,923 - INFO: [exp1_no_warmup] === Epoch 3 done | Train Loss: 0.9887 | Val Loss: 0.7065 | Time: 683.0s ===
2026-07-25 19:23:46,982 - INFO: [exp1_no_warmup] Model saved to C:/PythonProject/English2French/model/exp1_no_warmup_epoch3.pth
2026-07-25 19:23:59,000 - INFO: [exp1_no_warmup] Epoch 4/20 | Global examples: 176416 | Avg Loss (last 1024 ex): 0.7885
2026-07-25 19:24:10,976 - INFO: [exp1_no_warmup] Epoch 4/20 | Global examples: 177440 | Avg Loss (last 1024 ex): 0.7457
2026-07-25 19:24:23,174 - INFO: [exp1_no_warmup] Epoch 4/20 | Global examples: 178464 | Avg Loss (last 1024 ex): 0.7748
2026-07-25 19:24:35,005 - INFO: [exp1_no_warmup] Epoch 4/20 | Global examples: 179488 | Avg Loss (last 1024 ex): 0.8116
2026-07-25 19:24:47,062 - INFO: [exp1_no_warmup] Epoch 4/20 | Global examples: 180512 | Avg Loss (last 1024 ex): 0.8273
2026-07-25 19:24:59,239 - INFO: [exp1_no_warmup] Epoch 4/20 | Global examples: 181536 | Avg Loss (last 1024 ex): 0.7706
2026-07-25 19:25:11,349 - INFO: [exp1_no_warmup] Epoch 4/20 | Global examples: 182560 | Avg Loss (last 1024 ex): 0.7758
2026-07-25 19:25:23,505 - INFO: [exp1_no_warmup] Epoch 4/20 | Global examples: 183584 | Avg Loss (last 1024 ex): 0.7717
2026-07-25 19:25:35,604 - INFO: [exp1_no_warmup] Epoch 4/20 | Global examples: 184608 | Avg Loss (last 1024 ex): 0.7396
2026-07-25 19:25:47,707 - INFO: [exp1_no_warmup] Epoch 4/20 | Global examples: 185632 | Avg Loss (last 1024 ex): 0.7876
2026-07-25 19:25:59,765 - INFO: [exp1_no_warmup] Epoch 4/20 | Global examples: 186656 | Avg Loss (last 1024 ex): 0.7663
2026-07-25 19:26:12,052 - INFO: [exp1_no_warmup] Epoch 4/20 | Global examples: 187680 | Avg Loss (last 1024 ex): 0.7838
2026-07-25 19:26:24,156 - INFO: [exp1_no_warmup] Epoch 4/20 | Global examples: 188704 | Avg Loss (last 1024 ex): 0.7905
2026-07-25 19:26:36,373 - INFO: [exp1_no_warmup] Epoch 4/20 | Global examples: 189728 | Avg Loss (last 1024 ex): 0.7787
2026-07-25 19:26:48,478 - INFO: [exp1_no_warmup] Epoch 4/20 | Global examples: 190752 | Avg Loss (last 1024 ex): 0.7432
2026-07-25 19:27:00,667 - INFO: [exp1_no_warmup] Epoch 4/20 | Global examples: 191776 | Avg Loss (last 1024 ex): 0.7392
2026-07-25 19:27:12,795 - INFO: [exp1_no_warmup] Epoch 4/20 | Global examples: 192800 | Avg Loss (last 1024 ex): 0.7617
2026-07-25 19:27:25,048 - INFO: [exp1_no_warmup] Epoch 4/20 | Global examples: 193824 | Avg Loss (last 1024 ex): 0.7549
2026-07-25 19:27:37,117 - INFO: [exp1_no_warmup] Epoch 4/20 | Global examples: 194848 | Avg Loss (last 1024 ex): 0.7075
2026-07-25 19:27:49,040 - INFO: [exp1_no_warmup] Epoch 4/20 | Global examples: 195872 | Avg Loss (last 1024 ex): 0.7371
2026-07-25 19:28:01,017 - INFO: [exp1_no_warmup] Epoch 4/20 | Global examples: 196896 | Avg Loss (last 1024 ex): 0.7411
2026-07-25 19:28:13,174 - INFO: [exp1_no_warmup] Epoch 4/20 | Global examples: 197920 | Avg Loss (last 1024 ex): 0.7396
2026-07-25 19:28:25,053 - INFO: [exp1_no_warmup] Epoch 4/20 | Global examples: 198944 | Avg Loss (last 1024 ex): 0.7332
2026-07-25 19:28:36,950 - INFO: [exp1_no_warmup] Epoch 4/20 | Global examples: 199968 | Avg Loss (last 1024 ex): 0.7358
2026-07-25 19:28:49,051 - INFO: [exp1_no_warmup] Epoch 4/20 | Global examples: 200992 | Avg Loss (last 1024 ex): 0.7165
2026-07-25 19:29:01,044 - INFO: [exp1_no_warmup] Epoch 4/20 | Global examples: 202016 | Avg Loss (last 1024 ex): 0.7623
2026-07-25 19:29:13,031 - INFO: [exp1_no_warmup] Epoch 4/20 | Global examples: 203040 | Avg Loss (last 1024 ex): 0.7473
2026-07-25 19:29:24,720 - INFO: [exp1_no_warmup] Epoch 4/20 | Global examples: 204064 | Avg Loss (last 1024 ex): 0.7635
2026-07-25 19:29:36,612 - INFO: [exp1_no_warmup] Epoch 4/20 | Global examples: 205088 | Avg Loss (last 1024 ex): 0.7069
2026-07-25 19:29:48,737 - INFO: [exp1_no_warmup] Epoch 4/20 | Global examples: 206112 | Avg Loss (last 1024 ex): 0.7115
2026-07-25 19:30:00,675 - INFO: [exp1_no_warmup] Epoch 4/20 | Global examples: 207136 | Avg Loss (last 1024 ex): 0.7197
2026-07-25 19:30:12,807 - INFO: [exp1_no_warmup] Epoch 4/20 | Global examples: 208160 | Avg Loss (last 1024 ex): 0.7172
2026-07-25 19:30:24,690 - INFO: [exp1_no_warmup] Epoch 4/20 | Global examples: 209184 | Avg Loss (last 1024 ex): 0.7190
2026-07-25 19:30:36,343 - INFO: [exp1_no_warmup] Epoch 4/20 | Global examples: 210208 | Avg Loss (last 1024 ex): 0.7403
2026-07-25 19:30:48,261 - INFO: [exp1_no_warmup] Epoch 4/20 | Global examples: 211232 | Avg Loss (last 1024 ex): 0.7237
2026-07-25 19:31:00,187 - INFO: [exp1_no_warmup] Epoch 4/20 | Global examples: 212256 | Avg Loss (last 1024 ex): 0.7511
2026-07-25 19:31:12,256 - INFO: [exp1_no_warmup] Epoch 4/20 | Global examples: 213280 | Avg Loss (last 1024 ex): 0.7247
2026-07-25 19:31:24,350 - INFO: [exp1_no_warmup] Epoch 4/20 | Global examples: 214304 | Avg Loss (last 1024 ex): 0.6949
2026-07-25 19:31:36,472 - INFO: [exp1_no_warmup] Epoch 4/20 | Global examples: 215328 | Avg Loss (last 1024 ex): 0.7312
2026-07-25 19:31:48,494 - INFO: [exp1_no_warmup] Epoch 4/20 | Global examples: 216352 | Avg Loss (last 1024 ex): 0.7158
2026-07-25 19:32:00,472 - INFO: [exp1_no_warmup] Epoch 4/20 | Global examples: 217376 | Avg Loss (last 1024 ex): 0.6989
2026-07-25 19:32:12,465 - INFO: [exp1_no_warmup] Epoch 4/20 | Global examples: 218400 | Avg Loss (last 1024 ex): 0.7001
2026-07-25 19:32:24,478 - INFO: [exp1_no_warmup] Epoch 4/20 | Global examples: 219424 | Avg Loss (last 1024 ex): 0.6653
2026-07-25 19:32:36,386 - INFO: [exp1_no_warmup] Epoch 4/20 | Global examples: 220448 | Avg Loss (last 1024 ex): 0.6856
2026-07-25 19:32:48,321 - INFO: [exp1_no_warmup] Epoch 4/20 | Global examples: 221472 | Avg Loss (last 1024 ex): 0.7025
2026-07-25 19:33:00,210 - INFO: [exp1_no_warmup] Epoch 4/20 | Global examples: 222496 | Avg Loss (last 1024 ex): 0.6751
2026-07-25 19:33:12,441 - INFO: [exp1_no_warmup] Epoch 4/20 | Global examples: 223520 | Avg Loss (last 1024 ex): 0.6978
2026-07-25 19:33:25,205 - INFO: [exp1_no_warmup] Epoch 4/20 | Global examples: 224544 | Avg Loss (last 1024 ex): 0.6757
2026-07-25 19:33:41,564 - INFO: [exp1_no_warmup] Epoch 4/20 | Global examples: 225568 | Avg Loss (last 1024 ex): 0.6967
2026-07-25 19:33:55,547 - INFO: [exp1_no_warmup] Epoch 4/20 | Global examples: 226592 | Avg Loss (last 1024 ex): 0.6313
2026-07-25 19:34:09,901 - INFO: [exp1_no_warmup] Epoch 4/20 | Global examples: 227616 | Avg Loss (last 1024 ex): 0.7011
2026-07-25 19:34:24,387 - INFO: [exp1_no_warmup] Epoch 4/20 | Global examples: 228640 | Avg Loss (last 1024 ex): 0.6595
2026-07-25 19:34:38,540 - INFO: [exp1_no_warmup] Epoch 4/20 | Global examples: 229664 | Avg Loss (last 1024 ex): 0.7056
2026-07-25 19:34:52,696 - INFO: [exp1_no_warmup] Epoch 4/20 | Global examples: 230688 | Avg Loss (last 1024 ex): 0.6792
2026-07-25 19:35:06,925 - INFO: [exp1_no_warmup] Epoch 4/20 | Global examples: 231712 | Avg Loss (last 1024 ex): 0.6578
2026-07-25 19:35:20,985 - INFO: [exp1_no_warmup] Epoch 4/20 | Global examples: 232736 | Avg Loss (last 1024 ex): 0.6689
2026-07-25 19:35:34,256 - INFO: [exp1_no_warmup] Epoch 4/20 | Global examples: 233760 | Avg Loss (last 1024 ex): 0.6957
2026-07-25 19:35:35,509 - INFO: [exp1_no_warmup] Epoch 4/20 | Global examples: 233856 | Avg Loss (last 96 ex): 0.6107
2026-07-25 19:35:37,771 - INFO: [exp1_no_warmup] Epoch 4 Val | Examples: 1024 | Avg Loss (last 1024 ex): 0.5069
2026-07-25 19:35:40,063 - INFO: [exp1_no_warmup] Epoch 4 Val | Examples: 2048 | Avg Loss (last 1024 ex): 0.4769
2026-07-25 19:35:42,441 - INFO: [exp1_no_warmup] Epoch 4 Val | Examples: 3072 | Avg Loss (last 1024 ex): 0.4896
2026-07-25 19:35:44,646 - INFO: [exp1_no_warmup] Epoch 4 Val | Examples: 4096 | Avg Loss (last 1024 ex): 0.5026
2026-07-25 19:35:47,497 - INFO: [exp1_no_warmup] Epoch 4 Val | Examples: 5120 | Avg Loss (last 1024 ex): 0.5096
2026-07-25 19:35:47,498 - INFO: [exp1_no_warmup] === Epoch 4 done | Train Loss: 0.7287 | Val Loss: 0.4971 | Time: 708.5s ===
2026-07-25 19:35:47,571 - INFO: [exp1_no_warmup] Model saved to C:/PythonProject/English2French/model/exp1_no_warmup_epoch4.pth
2026-07-25 19:36:01,247 - INFO: [exp1_no_warmup] Epoch 5/20 | Global examples: 234880 | Avg Loss (last 1024 ex): 0.5912
2026-07-25 19:36:15,743 - INFO: [exp1_no_warmup] Epoch 5/20 | Global examples: 235904 | Avg Loss (last 1024 ex): 0.6046
2026-07-25 19:36:29,377 - INFO: [exp1_no_warmup] Epoch 5/20 | Global examples: 236928 | Avg Loss (last 1024 ex): 0.5870
2026-07-25 19:36:44,008 - INFO: [exp1_no_warmup] Epoch 5/20 | Global examples: 237952 | Avg Loss (last 1024 ex): 0.5794
2026-07-25 19:36:58,250 - INFO: [exp1_no_warmup] Epoch 5/20 | Global examples: 238976 | Avg Loss (last 1024 ex): 0.6035
2026-07-25 19:37:12,855 - INFO: [exp1_no_warmup] Epoch 5/20 | Global examples: 240000 | Avg Loss (last 1024 ex): 0.5808
2026-07-25 19:37:27,061 - INFO: [exp1_no_warmup] Epoch 5/20 | Global examples: 241024 | Avg Loss (last 1024 ex): 0.5832
2026-07-25 19:37:41,145 - INFO: [exp1_no_warmup] Epoch 5/20 | Global examples: 242048 | Avg Loss (last 1024 ex): 0.5745
2026-07-25 19:37:54,871 - INFO: [exp1_no_warmup] Epoch 5/20 | Global examples: 243072 | Avg Loss (last 1024 ex): 0.6236
2026-07-25 19:38:09,389 - INFO: [exp1_no_warmup] Epoch 5/20 | Global examples: 244096 | Avg Loss (last 1024 ex): 0.5734
2026-07-25 19:38:23,658 - INFO: [exp1_no_warmup] Epoch 5/20 | Global examples: 245120 | Avg Loss (last 1024 ex): 0.6069
2026-07-25 19:38:38,172 - INFO: [exp1_no_warmup] Epoch 5/20 | Global examples: 246144 | Avg Loss (last 1024 ex): 0.5826
2026-07-25 19:38:52,241 - INFO: [exp1_no_warmup] Epoch 5/20 | Global examples: 247168 | Avg Loss (last 1024 ex): 0.5932
2026-07-25 19:39:06,481 - INFO: [exp1_no_warmup] Epoch 5/20 | Global examples: 248192 | Avg Loss (last 1024 ex): 0.5620
2026-07-25 19:39:20,088 - INFO: [exp1_no_warmup] Epoch 5/20 | Global examples: 249216 | Avg Loss (last 1024 ex): 0.5481
2026-07-25 19:39:34,118 - INFO: [exp1_no_warmup] Epoch 5/20 | Global examples: 250240 | Avg Loss (last 1024 ex): 0.5923
2026-07-25 19:39:48,195 - INFO: [exp1_no_warmup] Epoch 5/20 | Global examples: 251264 | Avg Loss (last 1024 ex): 0.5633
2026-07-25 19:40:02,027 - INFO: [exp1_no_warmup] Epoch 5/20 | Global examples: 252288 | Avg Loss (last 1024 ex): 0.6028
2026-07-25 19:40:16,122 - INFO: [exp1_no_warmup] Epoch 5/20 | Global examples: 253312 | Avg Loss (last 1024 ex): 0.5839
2026-07-25 19:40:30,351 - INFO: [exp1_no_warmup] Epoch 5/20 | Global examples: 254336 | Avg Loss (last 1024 ex): 0.5767
2026-07-25 19:40:44,372 - INFO: [exp1_no_warmup] Epoch 5/20 | Global examples: 255360 | Avg Loss (last 1024 ex): 0.5663
2026-07-25 19:40:58,521 - INFO: [exp1_no_warmup] Epoch 5/20 | Global examples: 256384 | Avg Loss (last 1024 ex): 0.5664
2026-07-25 19:41:12,830 - INFO: [exp1_no_warmup] Epoch 5/20 | Global examples: 257408 | Avg Loss (last 1024 ex): 0.5754
2026-07-25 19:41:27,365 - INFO: [exp1_no_warmup] Epoch 5/20 | Global examples: 258432 | Avg Loss (last 1024 ex): 0.5768
2026-07-25 19:41:41,345 - INFO: [exp1_no_warmup] Epoch 5/20 | Global examples: 259456 | Avg Loss (last 1024 ex): 0.5719
2026-07-25 19:41:55,213 - INFO: [exp1_no_warmup] Epoch 5/20 | Global examples: 260480 | Avg Loss (last 1024 ex): 0.5627
2026-07-25 19:42:09,030 - INFO: [exp1_no_warmup] Epoch 5/20 | Global examples: 261504 | Avg Loss (last 1024 ex): 0.5832
2026-07-25 19:42:22,329 - INFO: [exp1_no_warmup] Epoch 5/20 | Global examples: 262528 | Avg Loss (last 1024 ex): 0.5569
2026-07-25 19:42:35,965 - INFO: [exp1_no_warmup] Epoch 5/20 | Global examples: 263552 | Avg Loss (last 1024 ex): 0.5448
2026-07-25 19:42:49,653 - INFO: [exp1_no_warmup] Epoch 5/20 | Global examples: 264576 | Avg Loss (last 1024 ex): 0.5697
2026-07-25 19:43:03,468 - INFO: [exp1_no_warmup] Epoch 5/20 | Global examples: 265600 | Avg Loss (last 1024 ex): 0.5555
2026-07-25 19:43:17,094 - INFO: [exp1_no_warmup] Epoch 5/20 | Global examples: 266624 | Avg Loss (last 1024 ex): 0.5498
2026-07-25 19:43:31,738 - INFO: [exp1_no_warmup] Epoch 5/20 | Global examples: 267648 | Avg Loss (last 1024 ex): 0.5621
2026-07-25 19:43:45,931 - INFO: [exp1_no_warmup] Epoch 5/20 | Global examples: 268672 | Avg Loss (last 1024 ex): 0.5887
2026-07-25 19:44:00,124 - INFO: [exp1_no_warmup] Epoch 5/20 | Global examples: 269696 | Avg Loss (last 1024 ex): 0.5498
2026-07-25 19:44:14,333 - INFO: [exp1_no_warmup] Epoch 5/20 | Global examples: 270720 | Avg Loss (last 1024 ex): 0.5794
2026-07-25 19:44:28,597 - INFO: [exp1_no_warmup] Epoch 5/20 | Global examples: 271744 | Avg Loss (last 1024 ex): 0.5283
2026-07-25 19:44:43,055 - INFO: [exp1_no_warmup] Epoch 5/20 | Global examples: 272768 | Avg Loss (last 1024 ex): 0.5792
2026-07-25 19:44:57,423 - INFO: [exp1_no_warmup] Epoch 5/20 | Global examples: 273792 | Avg Loss (last 1024 ex): 0.5376
2026-07-25 19:45:11,372 - INFO: [exp1_no_warmup] Epoch 5/20 | Global examples: 274816 | Avg Loss (last 1024 ex): 0.5351
2026-07-25 19:45:25,895 - INFO: [exp1_no_warmup] Epoch 5/20 | Global examples: 275840 | Avg Loss (last 1024 ex): 0.5644
2026-07-25 19:45:41,098 - INFO: [exp1_no_warmup] Epoch 5/20 | Global examples: 276864 | Avg Loss (last 1024 ex): 0.5625
2026-07-25 19:45:55,473 - INFO: [exp1_no_warmup] Epoch 5/20 | Global examples: 277888 | Avg Loss (last 1024 ex): 0.5662
2026-07-25 19:46:09,684 - INFO: [exp1_no_warmup] Epoch 5/20 | Global examples: 278912 | Avg Loss (last 1024 ex): 0.5302
2026-07-25 19:46:24,518 - INFO: [exp1_no_warmup] Epoch 5/20 | Global examples: 279936 | Avg Loss (last 1024 ex): 0.5425
2026-07-25 19:46:38,810 - INFO: [exp1_no_warmup] Epoch 5/20 | Global examples: 280960 | Avg Loss (last 1024 ex): 0.5609
2026-07-25 19:46:52,353 - INFO: [exp1_no_warmup] Epoch 5/20 | Global examples: 281984 | Avg Loss (last 1024 ex): 0.5490
2026-07-25 19:47:06,217 - INFO: [exp1_no_warmup] Epoch 5/20 | Global examples: 283008 | Avg Loss (last 1024 ex): 0.5504
2026-07-25 19:47:19,998 - INFO: [exp1_no_warmup] Epoch 5/20 | Global examples: 284032 | Avg Loss (last 1024 ex): 0.5418
2026-07-25 19:47:33,203 - INFO: [exp1_no_warmup] Epoch 5/20 | Global examples: 285056 | Avg Loss (last 1024 ex): 0.5521
2026-07-25 19:47:46,655 - INFO: [exp1_no_warmup] Epoch 5/20 | Global examples: 286080 | Avg Loss (last 1024 ex): 0.5262
2026-07-25 19:48:00,669 - INFO: [exp1_no_warmup] Epoch 5/20 | Global examples: 287104 | Avg Loss (last 1024 ex): 0.5275
2026-07-25 19:48:14,570 - INFO: [exp1_no_warmup] Epoch 5/20 | Global examples: 288128 | Avg Loss (last 1024 ex): 0.5080
2026-07-25 19:48:28,086 - INFO: [exp1_no_warmup] Epoch 5/20 | Global examples: 289152 | Avg Loss (last 1024 ex): 0.5105
2026-07-25 19:48:42,144 - INFO: [exp1_no_warmup] Epoch 5/20 | Global examples: 290176 | Avg Loss (last 1024 ex): 0.5183
2026-07-25 19:48:55,935 - INFO: [exp1_no_warmup] Epoch 5/20 | Global examples: 291200 | Avg Loss (last 1024 ex): 0.5453
2026-07-25 19:49:09,569 - INFO: [exp1_no_warmup] Epoch 5/20 | Global examples: 292224 | Avg Loss (last 1024 ex): 0.5291
2026-07-25 19:49:10,845 - INFO: [exp1_no_warmup] Epoch 5/20 | Global examples: 292320 | Avg Loss (last 96 ex): 0.5584
2026-07-25 19:49:13,021 - INFO: [exp1_no_warmup] Epoch 5 Val | Examples: 1024 | Avg Loss (last 1024 ex): 0.3930
2026-07-25 19:49:15,162 - INFO: [exp1_no_warmup] Epoch 5 Val | Examples: 2048 | Avg Loss (last 1024 ex): 0.3792
2026-07-25 19:49:17,378 - INFO: [exp1_no_warmup] Epoch 5 Val | Examples: 3072 | Avg Loss (last 1024 ex): 0.3791
2026-07-25 19:49:19,599 - INFO: [exp1_no_warmup] Epoch 5 Val | Examples: 4096 | Avg Loss (last 1024 ex): 0.3842
2026-07-25 19:49:21,863 - INFO: [exp1_no_warmup] Epoch 5 Val | Examples: 5120 | Avg Loss (last 1024 ex): 0.3877
2026-07-25 19:49:21,864 - INFO: [exp1_no_warmup] === Epoch 5 done | Train Loss: 0.5638 | Val Loss: 0.3847 | Time: 803.3s ===
2026-07-25 19:49:21,932 - INFO: [exp1_no_warmup] Model saved to C:/PythonProject/English2French/model/exp1_no_warmup_epoch5.pth
2026-07-25 19:49:37,196 - INFO: [exp1_no_warmup] Epoch 6/20 | Global examples: 293344 | Avg Loss (last 1024 ex): 0.4742
2026-07-25 19:49:51,048 - INFO: [exp1_no_warmup] Epoch 6/20 | Global examples: 294368 | Avg Loss (last 1024 ex): 0.4704
2026-07-25 19:50:04,953 - INFO: [exp1_no_warmup] Epoch 6/20 | Global examples: 295392 | Avg Loss (last 1024 ex): 0.4761
2026-07-25 19:50:18,821 - INFO: [exp1_no_warmup] Epoch 6/20 | Global examples: 296416 | Avg Loss (last 1024 ex): 0.4704
2026-07-25 19:50:32,503 - INFO: [exp1_no_warmup] Epoch 6/20 | Global examples: 297440 | Avg Loss (last 1024 ex): 0.4623
2026-07-25 19:50:46,380 - INFO: [exp1_no_warmup] Epoch 6/20 | Global examples: 298464 | Avg Loss (last 1024 ex): 0.4624
2026-07-25 19:51:00,000 - INFO: [exp1_no_warmup] Epoch 6/20 | Global examples: 299488 | Avg Loss (last 1024 ex): 0.4893
2026-07-25 19:51:14,454 - INFO: [exp1_no_warmup] Epoch 6/20 | Global examples: 300512 | Avg Loss (last 1024 ex): 0.4879
2026-07-25 19:51:28,814 - INFO: [exp1_no_warmup] Epoch 6/20 | Global examples: 301536 | Avg Loss (last 1024 ex): 0.4806
2026-07-25 19:51:43,538 - INFO: [exp1_no_warmup] Epoch 6/20 | Global examples: 302560 | Avg Loss (last 1024 ex): 0.4778
2026-07-25 19:51:57,437 - INFO: [exp1_no_warmup] Epoch 6/20 | Global examples: 303584 | Avg Loss (last 1024 ex): 0.4750
2026-07-25 19:52:11,710 - INFO: [exp1_no_warmup] Epoch 6/20 | Global examples: 304608 | Avg Loss (last 1024 ex): 0.4621
2026-07-25 19:52:26,449 - INFO: [exp1_no_warmup] Epoch 6/20 | Global examples: 305632 | Avg Loss (last 1024 ex): 0.4528
2026-07-25 19:52:40,654 - INFO: [exp1_no_warmup] Epoch 6/20 | Global examples: 306656 | Avg Loss (last 1024 ex): 0.4603
2026-07-25 19:52:54,988 - INFO: [exp1_no_warmup] Epoch 6/20 | Global examples: 307680 | Avg Loss (last 1024 ex): 0.4525
2026-07-25 19:53:09,436 - INFO: [exp1_no_warmup] Epoch 6/20 | Global examples: 308704 | Avg Loss (last 1024 ex): 0.4751
2026-07-25 19:53:23,810 - INFO: [exp1_no_warmup] Epoch 6/20 | Global examples: 309728 | Avg Loss (last 1024 ex): 0.4649
2026-07-25 19:53:37,699 - INFO: [exp1_no_warmup] Epoch 6/20 | Global examples: 310752 | Avg Loss (last 1024 ex): 0.4699
2026-07-25 19:53:52,085 - INFO: [exp1_no_warmup] Epoch 6/20 | Global examples: 311776 | Avg Loss (last 1024 ex): 0.4682
2026-07-25 19:54:06,514 - INFO: [exp1_no_warmup] Epoch 6/20 | Global examples: 312800 | Avg Loss (last 1024 ex): 0.4729
2026-07-25 19:54:20,858 - INFO: [exp1_no_warmup] Epoch 6/20 | Global examples: 313824 | Avg Loss (last 1024 ex): 0.4852
2026-07-25 19:54:35,318 - INFO: [exp1_no_warmup] Epoch 6/20 | Global examples: 314848 | Avg Loss (last 1024 ex): 0.4699
2026-07-25 19:54:49,169 - INFO: [exp1_no_warmup] Epoch 6/20 | Global examples: 315872 | Avg Loss (last 1024 ex): 0.4780
2026-07-25 19:55:03,639 - INFO: [exp1_no_warmup] Epoch 6/20 | Global examples: 316896 | Avg Loss (last 1024 ex): 0.4563
2026-07-25 19:55:17,717 - INFO: [exp1_no_warmup] Epoch 6/20 | Global examples: 317920 | Avg Loss (last 1024 ex): 0.4809
2026-07-25 19:55:32,310 - INFO: [exp1_no_warmup] Epoch 6/20 | Global examples: 318944 | Avg Loss (last 1024 ex): 0.4833
2026-07-25 19:55:46,528 - INFO: [exp1_no_warmup] Epoch 6/20 | Global examples: 319968 | Avg Loss (last 1024 ex): 0.4637
2026-07-25 19:56:01,191 - INFO: [exp1_no_warmup] Epoch 6/20 | Global examples: 320992 | Avg Loss (last 1024 ex): 0.4524
2026-07-25 19:56:15,320 - INFO: [exp1_no_warmup] Epoch 6/20 | Global examples: 322016 | Avg Loss (last 1024 ex): 0.4705
2026-07-25 19:56:29,903 - INFO: [exp1_no_warmup] Epoch 6/20 | Global examples: 323040 | Avg Loss (last 1024 ex): 0.4806
2026-07-25 19:56:43,838 - INFO: [exp1_no_warmup] Epoch 6/20 | Global examples: 324064 | Avg Loss (last 1024 ex): 0.4613
2026-07-25 19:56:57,796 - INFO: [exp1_no_warmup] Epoch 6/20 | Global examples: 325088 | Avg Loss (last 1024 ex): 0.4747
2026-07-25 19:57:11,606 - INFO: [exp1_no_warmup] Epoch 6/20 | Global examples: 326112 | Avg Loss (last 1024 ex): 0.4610
2026-07-25 19:57:25,415 - INFO: [exp1_no_warmup] Epoch 6/20 | Global examples: 327136 | Avg Loss (last 1024 ex): 0.4829
2026-07-25 19:57:39,643 - INFO: [exp1_no_warmup] Epoch 6/20 | Global examples: 328160 | Avg Loss (last 1024 ex): 0.4300
2026-07-25 19:57:53,402 - INFO: [exp1_no_warmup] Epoch 6/20 | Global examples: 329184 | Avg Loss (last 1024 ex): 0.4458
2026-07-25 19:58:06,936 - INFO: [exp1_no_warmup] Epoch 6/20 | Global examples: 330208 | Avg Loss (last 1024 ex): 0.4545
2026-07-25 19:58:21,069 - INFO: [exp1_no_warmup] Epoch 6/20 | Global examples: 331232 | Avg Loss (last 1024 ex): 0.4538
2026-07-25 19:58:35,106 - INFO: [exp1_no_warmup] Epoch 6/20 | Global examples: 332256 | Avg Loss (last 1024 ex): 0.4438
2026-07-25 19:58:48,794 - INFO: [exp1_no_warmup] Epoch 6/20 | Global examples: 333280 | Avg Loss (last 1024 ex): 0.4507
2026-07-25 19:59:02,628 - INFO: [exp1_no_warmup] Epoch 6/20 | Global examples: 334304 | Avg Loss (last 1024 ex): 0.4544
2026-07-25 19:59:16,514 - INFO: [exp1_no_warmup] Epoch 6/20 | Global examples: 335328 | Avg Loss (last 1024 ex): 0.4500
2026-07-25 19:59:30,285 - INFO: [exp1_no_warmup] Epoch 6/20 | Global examples: 336352 | Avg Loss (last 1024 ex): 0.4614
2026-07-25 19:59:44,504 - INFO: [exp1_no_warmup] Epoch 6/20 | Global examples: 337376 | Avg Loss (last 1024 ex): 0.4612
2026-07-25 19:59:59,045 - INFO: [exp1_no_warmup] Epoch 6/20 | Global examples: 338400 | Avg Loss (last 1024 ex): 0.4655
2026-07-25 20:00:13,068 - INFO: [exp1_no_warmup] Epoch 6/20 | Global examples: 339424 | Avg Loss (last 1024 ex): 0.4634
2026-07-25 20:00:26,699 - INFO: [exp1_no_warmup] Epoch 6/20 | Global examples: 340448 | Avg Loss (last 1024 ex): 0.4411
2026-07-25 20:00:40,664 - INFO: [exp1_no_warmup] Epoch 6/20 | Global examples: 341472 | Avg Loss (last 1024 ex): 0.4416
2026-07-25 20:00:54,742 - INFO: [exp1_no_warmup] Epoch 6/20 | Global examples: 342496 | Avg Loss (last 1024 ex): 0.4446
2026-07-25 20:01:08,530 - INFO: [exp1_no_warmup] Epoch 6/20 | Global examples: 343520 | Avg Loss (last 1024 ex): 0.4334
2026-07-25 20:01:22,331 - INFO: [exp1_no_warmup] Epoch 6/20 | Global examples: 344544 | Avg Loss (last 1024 ex): 0.4286
2026-07-25 20:01:36,163 - INFO: [exp1_no_warmup] Epoch 6/20 | Global examples: 345568 | Avg Loss (last 1024 ex): 0.4418
2026-07-25 20:01:49,916 - INFO: [exp1_no_warmup] Epoch 6/20 | Global examples: 346592 | Avg Loss (last 1024 ex): 0.4450
2026-07-25 20:02:03,700 - INFO: [exp1_no_warmup] Epoch 6/20 | Global examples: 347616 | Avg Loss (last 1024 ex): 0.4536
2026-07-25 20:02:17,544 - INFO: [exp1_no_warmup] Epoch 6/20 | Global examples: 348640 | Avg Loss (last 1024 ex): 0.4531
2026-07-25 20:02:31,662 - INFO: [exp1_no_warmup] Epoch 6/20 | Global examples: 349664 | Avg Loss (last 1024 ex): 0.4577
2026-07-25 20:02:45,694 - INFO: [exp1_no_warmup] Epoch 6/20 | Global examples: 350688 | Avg Loss (last 1024 ex): 0.4442
2026-07-25 20:02:47,108 - INFO: [exp1_no_warmup] Epoch 6/20 | Global examples: 350784 | Avg Loss (last 96 ex): 0.4077
2026-07-25 20:02:49,456 - INFO: [exp1_no_warmup] Epoch 6 Val | Examples: 1024 | Avg Loss (last 1024 ex): 0.3227
2026-07-25 20:02:51,708 - INFO: [exp1_no_warmup] Epoch 6 Val | Examples: 2048 | Avg Loss (last 1024 ex): 0.3026
2026-07-25 20:02:54,097 - INFO: [exp1_no_warmup] Epoch 6 Val | Examples: 3072 | Avg Loss (last 1024 ex): 0.3099
2026-07-25 20:02:56,461 - INFO: [exp1_no_warmup] Epoch 6 Val | Examples: 4096 | Avg Loss (last 1024 ex): 0.3136
2026-07-25 20:02:58,724 - INFO: [exp1_no_warmup] Epoch 6 Val | Examples: 5120 | Avg Loss (last 1024 ex): 0.3248
2026-07-25 20:02:58,724 - INFO: [exp1_no_warmup] === Epoch 6 done | Train Loss: 0.4618 | Val Loss: 0.3147 | Time: 805.2s ===
2026-07-25 20:02:58,780 - INFO: [exp1_no_warmup] Model saved to C:/PythonProject/English2French/model/exp1_no_warmup_epoch6.pth
2026-07-25 20:03:13,559 - INFO: [exp1_no_warmup] Epoch 7/20 | Global examples: 351808 | Avg Loss (last 1024 ex): 0.3968
2026-07-25 20:03:27,465 - INFO: [exp1_no_warmup] Epoch 7/20 | Global examples: 352832 | Avg Loss (last 1024 ex): 0.3876
2026-07-25 20:03:41,730 - INFO: [exp1_no_warmup] Epoch 7/20 | Global examples: 353856 | Avg Loss (last 1024 ex): 0.3866
2026-07-25 20:03:55,772 - INFO: [exp1_no_warmup] Epoch 7/20 | Global examples: 354880 | Avg Loss (last 1024 ex): 0.3911
2026-07-25 20:04:09,676 - INFO: [exp1_no_warmup] Epoch 7/20 | Global examples: 355904 | Avg Loss (last 1024 ex): 0.3851
2026-07-25 20:04:23,713 - INFO: [exp1_no_warmup] Epoch 7/20 | Global examples: 356928 | Avg Loss (last 1024 ex): 0.4039
2026-07-25 20:04:38,117 - INFO: [exp1_no_warmup] Epoch 7/20 | Global examples: 357952 | Avg Loss (last 1024 ex): 0.4024
2026-07-25 20:04:51,889 - INFO: [exp1_no_warmup] Epoch 7/20 | Global examples: 358976 | Avg Loss (last 1024 ex): 0.4084
2026-07-25 20:05:06,042 - INFO: [exp1_no_warmup] Epoch 7/20 | Global examples: 360000 | Avg Loss (last 1024 ex): 0.3703
2026-07-25 20:05:19,925 - INFO: [exp1_no_warmup] Epoch 7/20 | Global examples: 361024 | Avg Loss (last 1024 ex): 0.3625
2026-07-25 20:05:33,759 - INFO: [exp1_no_warmup] Epoch 7/20 | Global examples: 362048 | Avg Loss (last 1024 ex): 0.4082
2026-07-25 20:05:47,363 - INFO: [exp1_no_warmup] Epoch 7/20 | Global examples: 363072 | Avg Loss (last 1024 ex): 0.4057
2026-07-25 20:06:01,659 - INFO: [exp1_no_warmup] Epoch 7/20 | Global examples: 364096 | Avg Loss (last 1024 ex): 0.3883
2026-07-25 20:06:15,537 - INFO: [exp1_no_warmup] Epoch 7/20 | Global examples: 365120 | Avg Loss (last 1024 ex): 0.3978
2026-07-25 20:06:29,343 - INFO: [exp1_no_warmup] Epoch 7/20 | Global examples: 366144 | Avg Loss (last 1024 ex): 0.4209
2026-07-25 20:06:43,251 - INFO: [exp1_no_warmup] Epoch 7/20 | Global examples: 367168 | Avg Loss (last 1024 ex): 0.3871
2026-07-25 20:06:57,387 - INFO: [exp1_no_warmup] Epoch 7/20 | Global examples: 368192 | Avg Loss (last 1024 ex): 0.4111
2026-07-25 20:07:11,448 - INFO: [exp1_no_warmup] Epoch 7/20 | Global examples: 369216 | Avg Loss (last 1024 ex): 0.3895
2026-07-25 20:07:25,663 - INFO: [exp1_no_warmup] Epoch 7/20 | Global examples: 370240 | Avg Loss (last 1024 ex): 0.3864
2026-07-25 20:07:39,595 - INFO: [exp1_no_warmup] Epoch 7/20 | Global examples: 371264 | Avg Loss (last 1024 ex): 0.4238
2026-07-25 20:07:53,731 - INFO: [exp1_no_warmup] Epoch 7/20 | Global examples: 372288 | Avg Loss (last 1024 ex): 0.3936
2026-07-25 20:08:07,699 - INFO: [exp1_no_warmup] Epoch 7/20 | Global examples: 373312 | Avg Loss (last 1024 ex): 0.3895
2026-07-25 20:08:22,142 - INFO: [exp1_no_warmup] Epoch 7/20 | Global examples: 374336 | Avg Loss (last 1024 ex): 0.4047
2026-07-25 20:08:37,094 - INFO: [exp1_no_warmup] Epoch 7/20 | Global examples: 375360 | Avg Loss (last 1024 ex): 0.3990
2026-07-25 20:08:51,773 - INFO: [exp1_no_warmup] Epoch 7/20 | Global examples: 376384 | Avg Loss (last 1024 ex): 0.4075
2026-07-25 20:09:06,121 - INFO: [exp1_no_warmup] Epoch 7/20 | Global examples: 377408 | Avg Loss (last 1024 ex): 0.4131
2026-07-25 20:09:19,730 - INFO: [exp1_no_warmup] Epoch 7/20 | Global examples: 378432 | Avg Loss (last 1024 ex): 0.4005
2026-07-25 20:09:34,311 - INFO: [exp1_no_warmup] Epoch 7/20 | Global examples: 379456 | Avg Loss (last 1024 ex): 0.3942
2026-07-25 20:09:49,174 - INFO: [exp1_no_warmup] Epoch 7/20 | Global examples: 380480 | Avg Loss (last 1024 ex): 0.3865
2026-07-25 20:10:03,532 - INFO: [exp1_no_warmup] Epoch 7/20 | Global examples: 381504 | Avg Loss (last 1024 ex): 0.3797
2026-07-25 20:10:17,971 - INFO: [exp1_no_warmup] Epoch 7/20 | Global examples: 382528 | Avg Loss (last 1024 ex): 0.4056
2026-07-25 20:10:32,513 - INFO: [exp1_no_warmup] Epoch 7/20 | Global examples: 383552 | Avg Loss (last 1024 ex): 0.3776
2026-07-25 20:10:47,089 - INFO: [exp1_no_warmup] Epoch 7/20 | Global examples: 384576 | Avg Loss (last 1024 ex): 0.3866
2026-07-25 20:11:01,419 - INFO: [exp1_no_warmup] Epoch 7/20 | Global examples: 385600 | Avg Loss (last 1024 ex): 0.3971
2026-07-25 20:11:16,137 - INFO: [exp1_no_warmup] Epoch 7/20 | Global examples: 386624 | Avg Loss (last 1024 ex): 0.3934
2026-07-25 20:11:30,760 - INFO: [exp1_no_warmup] Epoch 7/20 | Global examples: 387648 | Avg Loss (last 1024 ex): 0.4049
2026-07-25 20:11:45,133 - INFO: [exp1_no_warmup] Epoch 7/20 | Global examples: 388672 | Avg Loss (last 1024 ex): 0.3744
2026-07-25 20:12:01,655 - INFO: [exp1_no_warmup] Epoch 7/20 | Global examples: 389696 | Avg Loss (last 1024 ex): 0.4034
2026-07-25 20:12:16,476 - INFO: [exp1_no_warmup] Epoch 7/20 | Global examples: 390720 | Avg Loss (last 1024 ex): 0.3745
2026-07-25 20:12:31,122 - INFO: [exp1_no_warmup] Epoch 7/20 | Global examples: 391744 | Avg Loss (last 1024 ex): 0.4018
2026-07-25 20:12:45,284 - INFO: [exp1_no_warmup] Epoch 7/20 | Global examples: 392768 | Avg Loss (last 1024 ex): 0.3762
2026-07-25 20:12:59,042 - INFO: [exp1_no_warmup] Epoch 7/20 | Global examples: 393792 | Avg Loss (last 1024 ex): 0.3936
2026-07-25 20:13:13,050 - INFO: [exp1_no_warmup] Epoch 7/20 | Global examples: 394816 | Avg Loss (last 1024 ex): 0.3886
2026-07-25 20:13:26,932 - INFO: [exp1_no_warmup] Epoch 7/20 | Global examples: 395840 | Avg Loss (last 1024 ex): 0.3772
2026-07-25 20:13:41,068 - INFO: [exp1_no_warmup] Epoch 7/20 | Global examples: 396864 | Avg Loss (last 1024 ex): 0.3994
2026-07-25 20:13:54,925 - INFO: [exp1_no_warmup] Epoch 7/20 | Global examples: 397888 | Avg Loss (last 1024 ex): 0.3858
2026-07-25 20:14:09,042 - INFO: [exp1_no_warmup] Epoch 7/20 | Global examples: 398912 | Avg Loss (last 1024 ex): 0.3869
2026-07-25 20:14:23,246 - INFO: [exp1_no_warmup] Epoch 7/20 | Global examples: 399936 | Avg Loss (last 1024 ex): 0.3959
2026-07-25 20:14:37,002 - INFO: [exp1_no_warmup] Epoch 7/20 | Global examples: 400960 | Avg Loss (last 1024 ex): 0.3778
2026-07-25 20:14:51,196 - INFO: [exp1_no_warmup] Epoch 7/20 | Global examples: 401984 | Avg Loss (last 1024 ex): 0.3913
2026-07-25 20:15:05,387 - INFO: [exp1_no_warmup] Epoch 7/20 | Global examples: 403008 | Avg Loss (last 1024 ex): 0.3929
2026-07-25 20:15:19,001 - INFO: [exp1_no_warmup] Epoch 7/20 | Global examples: 404032 | Avg Loss (last 1024 ex): 0.3753
2026-07-25 20:15:33,039 - INFO: [exp1_no_warmup] Epoch 7/20 | Global examples: 405056 | Avg Loss (last 1024 ex): 0.3636
2026-07-25 20:15:46,956 - INFO: [exp1_no_warmup] Epoch 7/20 | Global examples: 406080 | Avg Loss (last 1024 ex): 0.3767
2026-07-25 20:16:00,409 - INFO: [exp1_no_warmup] Epoch 7/20 | Global examples: 407104 | Avg Loss (last 1024 ex): 0.3968
2026-07-25 20:16:14,139 - INFO: [exp1_no_warmup] Epoch 7/20 | Global examples: 408128 | Avg Loss (last 1024 ex): 0.4005
2026-07-25 20:16:28,749 - INFO: [exp1_no_warmup] Epoch 7/20 | Global examples: 409152 | Avg Loss (last 1024 ex): 0.3976
2026-07-25 20:16:30,036 - INFO: [exp1_no_warmup] Epoch 7/20 | Global examples: 409248 | Avg Loss (last 96 ex): 0.3967
2026-07-25 20:16:32,294 - INFO: [exp1_no_warmup] Epoch 7 Val | Examples: 1024 | Avg Loss (last 1024 ex): 0.2760
2026-07-25 20:16:34,576 - INFO: [exp1_no_warmup] Epoch 7 Val | Examples: 2048 | Avg Loss (last 1024 ex): 0.2611
2026-07-25 20:16:36,943 - INFO: [exp1_no_warmup] Epoch 7 Val | Examples: 3072 | Avg Loss (last 1024 ex): 0.2576
2026-07-25 20:16:39,278 - INFO: [exp1_no_warmup] Epoch 7 Val | Examples: 4096 | Avg Loss (last 1024 ex): 0.2768
2026-07-25 20:16:41,539 - INFO: [exp1_no_warmup] Epoch 7 Val | Examples: 5120 | Avg Loss (last 1024 ex): 0.2797
2026-07-25 20:16:41,540 - INFO: [exp1_no_warmup] === Epoch 7 done | Train Loss: 0.3926 | Val Loss: 0.2702 | Time: 811.3s ===
2026-07-25 20:16:41,605 - INFO: [exp1_no_warmup] Model saved to C:/PythonProject/English2French/model/exp1_no_warmup_epoch7.pth
2026-07-25 20:16:56,427 - INFO: [exp1_no_warmup] Epoch 8/20 | Global examples: 410272 | Avg Loss (last 1024 ex): 0.3279
2026-07-25 20:17:10,498 - INFO: [exp1_no_warmup] Epoch 8/20 | Global examples: 411296 | Avg Loss (last 1024 ex): 0.3377
2026-07-25 20:17:25,411 - INFO: [exp1_no_warmup] Epoch 8/20 | Global examples: 412320 | Avg Loss (last 1024 ex): 0.3517
2026-07-25 20:17:39,245 - INFO: [exp1_no_warmup] Epoch 8/20 | Global examples: 413344 | Avg Loss (last 1024 ex): 0.3439
2026-07-25 20:17:53,725 - INFO: [exp1_no_warmup] Epoch 8/20 | Global examples: 414368 | Avg Loss (last 1024 ex): 0.3308
2026-07-25 20:18:08,497 - INFO: [exp1_no_warmup] Epoch 8/20 | Global examples: 415392 | Avg Loss (last 1024 ex): 0.3519
2026-07-25 20:18:23,376 - INFO: [exp1_no_warmup] Epoch 8/20 | Global examples: 416416 | Avg Loss (last 1024 ex): 0.3437
2026-07-25 20:18:37,835 - INFO: [exp1_no_warmup] Epoch 8/20 | Global examples: 417440 | Avg Loss (last 1024 ex): 0.3379
2026-07-25 20:18:52,727 - INFO: [exp1_no_warmup] Epoch 8/20 | Global examples: 418464 | Avg Loss (last 1024 ex): 0.3561
2026-07-25 20:19:07,630 - INFO: [exp1_no_warmup] Epoch 8/20 | Global examples: 419488 | Avg Loss (last 1024 ex): 0.3527
2026-07-25 20:19:22,592 - INFO: [exp1_no_warmup] Epoch 8/20 | Global examples: 420512 | Avg Loss (last 1024 ex): 0.3546
2026-07-25 20:19:37,150 - INFO: [exp1_no_warmup] Epoch 8/20 | Global examples: 421536 | Avg Loss (last 1024 ex): 0.3523
2026-07-25 20:19:51,844 - INFO: [exp1_no_warmup] Epoch 8/20 | Global examples: 422560 | Avg Loss (last 1024 ex): 0.3506
2026-07-25 20:20:06,022 - INFO: [exp1_no_warmup] Epoch 8/20 | Global examples: 423584 | Avg Loss (last 1024 ex): 0.3397
2026-07-25 20:20:19,579 - INFO: [exp1_no_warmup] Epoch 8/20 | Global examples: 424608 | Avg Loss (last 1024 ex): 0.3625
2026-07-25 20:20:33,252 - INFO: [exp1_no_warmup] Epoch 8/20 | Global examples: 425632 | Avg Loss (last 1024 ex): 0.3570
2026-07-25 20:20:47,255 - INFO: [exp1_no_warmup] Epoch 8/20 | Global examples: 426656 | Avg Loss (last 1024 ex): 0.3516
2026-07-25 20:21:01,346 - INFO: [exp1_no_warmup] Epoch 8/20 | Global examples: 427680 | Avg Loss (last 1024 ex): 0.3596
2026-07-25 20:21:14,880 - INFO: [exp1_no_warmup] Epoch 8/20 | Global examples: 428704 | Avg Loss (last 1024 ex): 0.3595
2026-07-25 20:21:28,884 - INFO: [exp1_no_warmup] Epoch 8/20 | Global examples: 429728 | Avg Loss (last 1024 ex): 0.3705
2026-07-25 20:21:42,942 - INFO: [exp1_no_warmup] Epoch 8/20 | Global examples: 430752 | Avg Loss (last 1024 ex): 0.3482
2026-07-25 20:21:56,807 - INFO: [exp1_no_warmup] Epoch 8/20 | Global examples: 431776 | Avg Loss (last 1024 ex): 0.3510
2026-07-25 20:22:10,536 - INFO: [exp1_no_warmup] Epoch 8/20 | Global examples: 432800 | Avg Loss (last 1024 ex): 0.3277
2026-07-25 20:22:24,393 - INFO: [exp1_no_warmup] Epoch 8/20 | Global examples: 433824 | Avg Loss (last 1024 ex): 0.3598
2026-07-25 20:22:38,198 - INFO: [exp1_no_warmup] Epoch 8/20 | Global examples: 434848 | Avg Loss (last 1024 ex): 0.3580
2026-07-25 20:22:52,239 - INFO: [exp1_no_warmup] Epoch 8/20 | Global examples: 435872 | Avg Loss (last 1024 ex): 0.3454
2026-07-25 20:23:05,851 - INFO: [exp1_no_warmup] Epoch 8/20 | Global examples: 436896 | Avg Loss (last 1024 ex): 0.3512
2026-07-25 20:23:19,743 - INFO: [exp1_no_warmup] Epoch 8/20 | Global examples: 437920 | Avg Loss (last 1024 ex): 0.3597
2026-07-25 20:23:33,526 - INFO: [exp1_no_warmup] Epoch 8/20 | Global examples: 438944 | Avg Loss (last 1024 ex): 0.3490
2026-07-25 20:23:47,293 - INFO: [exp1_no_warmup] Epoch 8/20 | Global examples: 439968 | Avg Loss (last 1024 ex): 0.3580
2026-07-25 20:24:01,486 - INFO: [exp1_no_warmup] Epoch 8/20 | Global examples: 440992 | Avg Loss (last 1024 ex): 0.3516
2026-07-25 20:24:15,406 - INFO: [exp1_no_warmup] Epoch 8/20 | Global examples: 442016 | Avg Loss (last 1024 ex): 0.3545
2026-07-25 20:24:29,452 - INFO: [exp1_no_warmup] Epoch 8/20 | Global examples: 443040 | Avg Loss (last 1024 ex): 0.3532
2026-07-25 20:24:43,081 - INFO: [exp1_no_warmup] Epoch 8/20 | Global examples: 444064 | Avg Loss (last 1024 ex): 0.3438
2026-07-25 20:24:56,517 - INFO: [exp1_no_warmup] Epoch 8/20 | Global examples: 445088 | Avg Loss (last 1024 ex): 0.3521
2026-07-25 20:25:10,163 - INFO: [exp1_no_warmup] Epoch 8/20 | Global examples: 446112 | Avg Loss (last 1024 ex): 0.3666
2026-07-25 20:25:23,957 - INFO: [exp1_no_warmup] Epoch 8/20 | Global examples: 447136 | Avg Loss (last 1024 ex): 0.3607
2026-07-25 20:25:37,347 - INFO: [exp1_no_warmup] Epoch 8/20 | Global examples: 448160 | Avg Loss (last 1024 ex): 0.3594
2026-07-25 20:25:50,722 - INFO: [exp1_no_warmup] Epoch 8/20 | Global examples: 449184 | Avg Loss (last 1024 ex): 0.3523
2026-07-25 20:26:04,367 - INFO: [exp1_no_warmup] Epoch 8/20 | Global examples: 450208 | Avg Loss (last 1024 ex): 0.3706
2026-07-25 20:26:17,864 - INFO: [exp1_no_warmup] Epoch 8/20 | Global examples: 451232 | Avg Loss (last 1024 ex): 0.3536
2026-07-25 20:26:31,200 - INFO: [exp1_no_warmup] Epoch 8/20 | Global examples: 452256 | Avg Loss (last 1024 ex): 0.3628
2026-07-25 20:26:44,929 - INFO: [exp1_no_warmup] Epoch 8/20 | Global examples: 453280 | Avg Loss (last 1024 ex): 0.3447
2026-07-25 20:26:59,006 - INFO: [exp1_no_warmup] Epoch 8/20 | Global examples: 454304 | Avg Loss (last 1024 ex): 0.3587
2026-07-25 20:27:12,724 - INFO: [exp1_no_warmup] Epoch 8/20 | Global examples: 455328 | Avg Loss (last 1024 ex): 0.3683
2026-07-25 20:27:26,535 - INFO: [exp1_no_warmup] Epoch 8/20 | Global examples: 456352 | Avg Loss (last 1024 ex): 0.3306
2026-07-25 20:27:41,056 - INFO: [exp1_no_warmup] Epoch 8/20 | Global examples: 457376 | Avg Loss (last 1024 ex): 0.3524
2026-07-25 20:27:54,749 - INFO: [exp1_no_warmup] Epoch 8/20 | Global examples: 458400 | Avg Loss (last 1024 ex): 0.3616
2026-07-25 20:28:08,726 - INFO: [exp1_no_warmup] Epoch 8/20 | Global examples: 459424 | Avg Loss (last 1024 ex): 0.3313
2026-07-25 20:28:22,080 - INFO: [exp1_no_warmup] Epoch 8/20 | Global examples: 460448 | Avg Loss (last 1024 ex): 0.3522
2026-07-25 20:28:35,799 - INFO: [exp1_no_warmup] Epoch 8/20 | Global examples: 461472 | Avg Loss (last 1024 ex): 0.3539
2026-07-25 20:28:49,747 - INFO: [exp1_no_warmup] Epoch 8/20 | Global examples: 462496 | Avg Loss (last 1024 ex): 0.3493
2026-07-25 20:29:03,292 - INFO: [exp1_no_warmup] Epoch 8/20 | Global examples: 463520 | Avg Loss (last 1024 ex): 0.3625
2026-07-25 20:29:17,208 - INFO: [exp1_no_warmup] Epoch 8/20 | Global examples: 464544 | Avg Loss (last 1024 ex): 0.3467
2026-07-25 20:29:31,166 - INFO: [exp1_no_warmup] Epoch 8/20 | Global examples: 465568 | Avg Loss (last 1024 ex): 0.3558
2026-07-25 20:29:45,222 - INFO: [exp1_no_warmup] Epoch 8/20 | Global examples: 466592 | Avg Loss (last 1024 ex): 0.3527
2026-07-25 20:29:59,180 - INFO: [exp1_no_warmup] Epoch 8/20 | Global examples: 467616 | Avg Loss (last 1024 ex): 0.3360
2026-07-25 20:30:00,486 - INFO: [exp1_no_warmup] Epoch 8/20 | Global examples: 467712 | Avg Loss (last 96 ex): 0.3437
2026-07-25 20:30:02,728 - INFO: [exp1_no_warmup] Epoch 8 Val | Examples: 1024 | Avg Loss (last 1024 ex): 0.2639
2026-07-25 20:30:04,863 - INFO: [exp1_no_warmup] Epoch 8 Val | Examples: 2048 | Avg Loss (last 1024 ex): 0.2422
2026-07-25 20:30:07,037 - INFO: [exp1_no_warmup] Epoch 8 Val | Examples: 3072 | Avg Loss (last 1024 ex): 0.2441
2026-07-25 20:30:09,935 - INFO: [exp1_no_warmup] Epoch 8 Val | Examples: 4096 | Avg Loss (last 1024 ex): 0.2684
2026-07-25 20:30:12,233 - INFO: [exp1_no_warmup] Epoch 8 Val | Examples: 5120 | Avg Loss (last 1024 ex): 0.2596
2026-07-25 20:30:12,234 - INFO: [exp1_no_warmup] === Epoch 8 done | Train Loss: 0.3515 | Val Loss: 0.2556 | Time: 798.9s ===
2026-07-25 20:30:12,302 - INFO: [exp1_no_warmup] Model saved to C:/PythonProject/English2French/model/exp1_no_warmup_epoch8.pth
2026-07-25 20:30:26,693 - INFO: [exp1_no_warmup] Epoch 9/20 | Global examples: 468736 | Avg Loss (last 1024 ex): 0.3131
2026-07-25 20:30:40,607 - INFO: [exp1_no_warmup] Epoch 9/20 | Global examples: 469760 | Avg Loss (last 1024 ex): 0.3064
2026-07-25 20:30:54,698 - INFO: [exp1_no_warmup] Epoch 9/20 | Global examples: 470784 | Avg Loss (last 1024 ex): 0.3203
2026-07-25 20:31:08,539 - INFO: [exp1_no_warmup] Epoch 9/20 | Global examples: 471808 | Avg Loss (last 1024 ex): 0.3258
2026-07-25 20:31:22,156 - INFO: [exp1_no_warmup] Epoch 9/20 | Global examples: 472832 | Avg Loss (last 1024 ex): 0.3263
2026-07-25 20:31:35,875 - INFO: [exp1_no_warmup] Epoch 9/20 | Global examples: 473856 | Avg Loss (last 1024 ex): 0.3401
2026-07-25 20:31:49,577 - INFO: [exp1_no_warmup] Epoch 9/20 | Global examples: 474880 | Avg Loss (last 1024 ex): 0.3260
2026-07-25 20:32:03,758 - INFO: [exp1_no_warmup] Epoch 9/20 | Global examples: 475904 | Avg Loss (last 1024 ex): 0.3092
2026-07-25 20:32:17,447 - INFO: [exp1_no_warmup] Epoch 9/20 | Global examples: 476928 | Avg Loss (last 1024 ex): 0.3253
2026-07-25 20:32:31,229 - INFO: [exp1_no_warmup] Epoch 9/20 | Global examples: 477952 | Avg Loss (last 1024 ex): 0.3205
2026-07-25 20:32:44,854 - INFO: [exp1_no_warmup] Epoch 9/20 | Global examples: 478976 | Avg Loss (last 1024 ex): 0.3334
2026-07-25 20:32:58,646 - INFO: [exp1_no_warmup] Epoch 9/20 | Global examples: 480000 | Avg Loss (last 1024 ex): 0.3274
2026-07-25 20:33:11,876 - INFO: [exp1_no_warmup] Epoch 9/20 | Global examples: 481024 | Avg Loss (last 1024 ex): 0.3045
2026-07-25 20:33:25,040 - INFO: [exp1_no_warmup] Epoch 9/20 | Global examples: 482048 | Avg Loss (last 1024 ex): 0.3207
2026-07-25 20:33:38,600 - INFO: [exp1_no_warmup] Epoch 9/20 | Global examples: 483072 | Avg Loss (last 1024 ex): 0.3359
2026-07-25 20:33:52,074 - INFO: [exp1_no_warmup] Epoch 9/20 | Global examples: 484096 | Avg Loss (last 1024 ex): 0.3218
2026-07-25 20:34:05,373 - INFO: [exp1_no_warmup] Epoch 9/20 | Global examples: 485120 | Avg Loss (last 1024 ex): 0.3319
2026-07-25 20:34:18,708 - INFO: [exp1_no_warmup] Epoch 9/20 | Global examples: 486144 | Avg Loss (last 1024 ex): 0.3339
2026-07-25 20:34:32,268 - INFO: [exp1_no_warmup] Epoch 9/20 | Global examples: 487168 | Avg Loss (last 1024 ex): 0.3265
2026-07-25 20:34:45,651 - INFO: [exp1_no_warmup] Epoch 9/20 | Global examples: 488192 | Avg Loss (last 1024 ex): 0.3148
2026-07-25 20:34:58,960 - INFO: [exp1_no_warmup] Epoch 9/20 | Global examples: 489216 | Avg Loss (last 1024 ex): 0.3335
2026-07-25 20:35:12,356 - INFO: [exp1_no_warmup] Epoch 9/20 | Global examples: 490240 | Avg Loss (last 1024 ex): 0.3348
2026-07-25 20:35:25,611 - INFO: [exp1_no_warmup] Epoch 9/20 | Global examples: 491264 | Avg Loss (last 1024 ex): 0.3222
2026-07-25 20:35:38,833 - INFO: [exp1_no_warmup] Epoch 9/20 | Global examples: 492288 | Avg Loss (last 1024 ex): 0.3465
2026-07-25 20:35:52,158 - INFO: [exp1_no_warmup] Epoch 9/20 | Global examples: 493312 | Avg Loss (last 1024 ex): 0.3269
2026-07-25 20:36:05,321 - INFO: [exp1_no_warmup] Epoch 9/20 | Global examples: 494336 | Avg Loss (last 1024 ex): 0.3195
2026-07-25 20:36:19,169 - INFO: [exp1_no_warmup] Epoch 9/20 | Global examples: 495360 | Avg Loss (last 1024 ex): 0.3225
2026-07-25 20:36:33,105 - INFO: [exp1_no_warmup] Epoch 9/20 | Global examples: 496384 | Avg Loss (last 1024 ex): 0.3520
2026-07-25 20:36:46,866 - INFO: [exp1_no_warmup] Epoch 9/20 | Global examples: 497408 | Avg Loss (last 1024 ex): 0.3380
2026-07-25 20:37:00,695 - INFO: [exp1_no_warmup] Epoch 9/20 | Global examples: 498432 | Avg Loss (last 1024 ex): 0.3143
2026-07-25 20:37:15,024 - INFO: [exp1_no_warmup] Epoch 9/20 | Global examples: 499456 | Avg Loss (last 1024 ex): 0.3190
2026-07-25 20:37:28,735 - INFO: [exp1_no_warmup] Epoch 9/20 | Global examples: 500480 | Avg Loss (last 1024 ex): 0.3288
2026-07-25 20:37:41,635 - INFO: [exp1_no_warmup] Epoch 9/20 | Global examples: 501504 | Avg Loss (last 1024 ex): 0.3217
2026-07-25 20:37:55,284 - INFO: [exp1_no_warmup] Epoch 9/20 | Global examples: 502528 | Avg Loss (last 1024 ex): 0.3463
2026-07-25 20:38:08,689 - INFO: [exp1_no_warmup] Epoch 9/20 | Global examples: 503552 | Avg Loss (last 1024 ex): 0.3337
2026-07-25 20:38:21,934 - INFO: [exp1_no_warmup] Epoch 9/20 | Global examples: 504576 | Avg Loss (last 1024 ex): 0.3348
2026-07-25 20:38:35,145 - INFO: [exp1_no_warmup] Epoch 9/20 | Global examples: 505600 | Avg Loss (last 1024 ex): 0.3300
2026-07-25 20:38:48,884 - INFO: [exp1_no_warmup] Epoch 9/20 | Global examples: 506624 | Avg Loss (last 1024 ex): 0.3573
2026-07-25 20:39:02,519 - INFO: [exp1_no_warmup] Epoch 9/20 | Global examples: 507648 | Avg Loss (last 1024 ex): 0.3257
2026-07-25 20:39:15,814 - INFO: [exp1_no_warmup] Epoch 9/20 | Global examples: 508672 | Avg Loss (last 1024 ex): 0.3346
2026-07-25 20:39:29,162 - INFO: [exp1_no_warmup] Epoch 9/20 | Global examples: 509696 | Avg Loss (last 1024 ex): 0.3156
2026-07-25 20:39:42,626 - INFO: [exp1_no_warmup] Epoch 9/20 | Global examples: 510720 | Avg Loss (last 1024 ex): 0.3315
2026-07-25 20:39:56,115 - INFO: [exp1_no_warmup] Epoch 9/20 | Global examples: 511744 | Avg Loss (last 1024 ex): 0.3279
2026-07-25 20:40:09,266 - INFO: [exp1_no_warmup] Epoch 9/20 | Global examples: 512768 | Avg Loss (last 1024 ex): 0.3398
2026-07-25 20:40:22,634 - INFO: [exp1_no_warmup] Epoch 9/20 | Global examples: 513792 | Avg Loss (last 1024 ex): 0.3490
2026-07-25 20:40:36,461 - INFO: [exp1_no_warmup] Epoch 9/20 | Global examples: 514816 | Avg Loss (last 1024 ex): 0.3447
2026-07-25 20:40:50,013 - INFO: [exp1_no_warmup] Epoch 9/20 | Global examples: 515840 | Avg Loss (last 1024 ex): 0.3211
2026-07-25 20:41:03,509 - INFO: [exp1_no_warmup] Epoch 9/20 | Global examples: 516864 | Avg Loss (last 1024 ex): 0.3170
2026-07-25 20:41:16,956 - INFO: [exp1_no_warmup] Epoch 9/20 | Global examples: 517888 | Avg Loss (last 1024 ex): 0.3125
2026-07-25 20:41:30,780 - INFO: [exp1_no_warmup] Epoch 9/20 | Global examples: 518912 | Avg Loss (last 1024 ex): 0.3258
2026-07-25 20:41:44,353 - INFO: [exp1_no_warmup] Epoch 9/20 | Global examples: 519936 | Avg Loss (last 1024 ex): 0.3420
2026-07-25 20:41:57,926 - INFO: [exp1_no_warmup] Epoch 9/20 | Global examples: 520960 | Avg Loss (last 1024 ex): 0.3383
2026-07-25 20:42:11,579 - INFO: [exp1_no_warmup] Epoch 9/20 | Global examples: 521984 | Avg Loss (last 1024 ex): 0.3148
2026-07-25 20:42:24,964 - INFO: [exp1_no_warmup] Epoch 9/20 | Global examples: 523008 | Avg Loss (last 1024 ex): 0.3396
2026-07-25 20:42:38,448 - INFO: [exp1_no_warmup] Epoch 9/20 | Global examples: 524032 | Avg Loss (last 1024 ex): 0.3366
2026-07-25 20:42:51,879 - INFO: [exp1_no_warmup] Epoch 9/20 | Global examples: 525056 | Avg Loss (last 1024 ex): 0.3412
2026-07-25 20:43:05,296 - INFO: [exp1_no_warmup] Epoch 9/20 | Global examples: 526080 | Avg Loss (last 1024 ex): 0.3302
2026-07-25 20:43:06,566 - INFO: [exp1_no_warmup] Epoch 9/20 | Global examples: 526176 | Avg Loss (last 96 ex): 0.3313
2026-07-25 20:43:08,812 - INFO: [exp1_no_warmup] Epoch 9 Val | Examples: 1024 | Avg Loss (last 1024 ex): 0.2502
2026-07-25 20:43:11,021 - INFO: [exp1_no_warmup] Epoch 9 Val | Examples: 2048 | Avg Loss (last 1024 ex): 0.2284
2026-07-25 20:43:13,197 - INFO: [exp1_no_warmup] Epoch 9 Val | Examples: 3072 | Avg Loss (last 1024 ex): 0.2359
2026-07-25 20:43:15,454 - INFO: [exp1_no_warmup] Epoch 9 Val | Examples: 4096 | Avg Loss (last 1024 ex): 0.2419
2026-07-25 20:43:17,636 - INFO: [exp1_no_warmup] Epoch 9 Val | Examples: 5120 | Avg Loss (last 1024 ex): 0.2501
2026-07-25 20:43:17,636 - INFO: [exp1_no_warmup] === Epoch 9 done | Train Loss: 0.3287 | Val Loss: 0.2413 | Time: 774.3s ===
2026-07-25 20:43:17,702 - INFO: [exp1_no_warmup] Model saved to C:/PythonProject/English2French/model/exp1_no_warmup_epoch9.pth
2026-07-25 20:43:32,462 - INFO: [exp1_no_warmup] Epoch 10/20 | Global examples: 527200 | Avg Loss (last 1024 ex): 0.2874
2026-07-25 20:43:46,171 - INFO: [exp1_no_warmup] Epoch 10/20 | Global examples: 528224 | Avg Loss (last 1024 ex): 0.3006
2026-07-25 20:43:59,689 - INFO: [exp1_no_warmup] Epoch 10/20 | Global examples: 529248 | Avg Loss (last 1024 ex): 0.2989
2026-07-25 20:44:13,091 - INFO: [exp1_no_warmup] Epoch 10/20 | Global examples: 530272 | Avg Loss (last 1024 ex): 0.2815
2026-07-25 20:44:26,309 - INFO: [exp1_no_warmup] Epoch 10/20 | Global examples: 531296 | Avg Loss (last 1024 ex): 0.2749
2026-07-25 20:44:39,871 - INFO: [exp1_no_warmup] Epoch 10/20 | Global examples: 532320 | Avg Loss (last 1024 ex): 0.2984
2026-07-25 20:44:53,534 - INFO: [exp1_no_warmup] Epoch 10/20 | Global examples: 533344 | Avg Loss (last 1024 ex): 0.2916
2026-07-25 20:45:07,085 - INFO: [exp1_no_warmup] Epoch 10/20 | Global examples: 534368 | Avg Loss (last 1024 ex): 0.3029
2026-07-25 20:45:20,401 - INFO: [exp1_no_warmup] Epoch 10/20 | Global examples: 535392 | Avg Loss (last 1024 ex): 0.3003
2026-07-25 20:45:33,889 - INFO: [exp1_no_warmup] Epoch 10/20 | Global examples: 536416 | Avg Loss (last 1024 ex): 0.3136
2026-07-25 20:45:47,419 - INFO: [exp1_no_warmup] Epoch 10/20 | Global examples: 537440 | Avg Loss (last 1024 ex): 0.2980
2026-07-25 20:46:01,275 - INFO: [exp1_no_warmup] Epoch 10/20 | Global examples: 538464 | Avg Loss (last 1024 ex): 0.3139
2026-07-25 20:46:14,535 - INFO: [exp1_no_warmup] Epoch 10/20 | Global examples: 539488 | Avg Loss (last 1024 ex): 0.3075
2026-07-25 20:46:28,299 - INFO: [exp1_no_warmup] Epoch 10/20 | Global examples: 540512 | Avg Loss (last 1024 ex): 0.3177
2026-07-25 20:46:41,809 - INFO: [exp1_no_warmup] Epoch 10/20 | Global examples: 541536 | Avg Loss (last 1024 ex): 0.2961
2026-07-25 20:46:55,342 - INFO: [exp1_no_warmup] Epoch 10/20 | Global examples: 542560 | Avg Loss (last 1024 ex): 0.3051
2026-07-25 20:47:08,757 - INFO: [exp1_no_warmup] Epoch 10/20 | Global examples: 543584 | Avg Loss (last 1024 ex): 0.3230
2026-07-25 20:47:22,297 - INFO: [exp1_no_warmup] Epoch 10/20 | Global examples: 544608 | Avg Loss (last 1024 ex): 0.3118
2026-07-25 20:47:35,784 - INFO: [exp1_no_warmup] Epoch 10/20 | Global examples: 545632 | Avg Loss (last 1024 ex): 0.3024
2026-07-25 20:47:49,168 - INFO: [exp1_no_warmup] Epoch 10/20 | Global examples: 546656 | Avg Loss (last 1024 ex): 0.3114
2026-07-25 20:48:02,329 - INFO: [exp1_no_warmup] Epoch 10/20 | Global examples: 547680 | Avg Loss (last 1024 ex): 0.3099
2026-07-25 20:48:16,067 - INFO: [exp1_no_warmup] Epoch 10/20 | Global examples: 548704 | Avg Loss (last 1024 ex): 0.3044
2026-07-25 20:48:29,888 - INFO: [exp1_no_warmup] Epoch 10/20 | Global examples: 549728 | Avg Loss (last 1024 ex): 0.3102
2026-07-25 20:48:43,573 - INFO: [exp1_no_warmup] Epoch 10/20 | Global examples: 550752 | Avg Loss (last 1024 ex): 0.3099
2026-07-25 20:48:56,927 - INFO: [exp1_no_warmup] Epoch 10/20 | Global examples: 551776 | Avg Loss (last 1024 ex): 0.3122
2026-07-25 20:49:10,694 - INFO: [exp1_no_warmup] Epoch 10/20 | Global examples: 552800 | Avg Loss (last 1024 ex): 0.3185
2026-07-25 20:49:24,354 - INFO: [exp1_no_warmup] Epoch 10/20 | Global examples: 553824 | Avg Loss (last 1024 ex): 0.3102
2026-07-25 20:49:37,604 - INFO: [exp1_no_warmup] Epoch 10/20 | Global examples: 554848 | Avg Loss (last 1024 ex): 0.3044
2026-07-25 20:49:51,003 - INFO: [exp1_no_warmup] Epoch 10/20 | Global examples: 555872 | Avg Loss (last 1024 ex): 0.3030
2026-07-25 20:50:04,559 - INFO: [exp1_no_warmup] Epoch 10/20 | Global examples: 556896 | Avg Loss (last 1024 ex): 0.3081
2026-07-25 20:50:17,948 - INFO: [exp1_no_warmup] Epoch 10/20 | Global examples: 557920 | Avg Loss (last 1024 ex): 0.3191
2026-07-25 20:50:31,073 - INFO: [exp1_no_warmup] Epoch 10/20 | Global examples: 558944 | Avg Loss (last 1024 ex): 0.3020
2026-07-25 20:50:44,857 - INFO: [exp1_no_warmup] Epoch 10/20 | Global examples: 559968 | Avg Loss (last 1024 ex): 0.3261
2026-07-25 20:50:58,560 - INFO: [exp1_no_warmup] Epoch 10/20 | Global examples: 560992 | Avg Loss (last 1024 ex): 0.3072
2026-07-25 20:51:12,276 - INFO: [exp1_no_warmup] Epoch 10/20 | Global examples: 562016 | Avg Loss (last 1024 ex): 0.2973
2026-07-25 20:51:25,318 - INFO: [exp1_no_warmup] Epoch 10/20 | Global examples: 563040 | Avg Loss (last 1024 ex): 0.3260
2026-07-25 20:51:38,643 - INFO: [exp1_no_warmup] Epoch 10/20 | Global examples: 564064 | Avg Loss (last 1024 ex): 0.3188
2026-07-25 20:51:52,601 - INFO: [exp1_no_warmup] Epoch 10/20 | Global examples: 565088 | Avg Loss (last 1024 ex): 0.3157
2026-07-25 20:52:06,179 - INFO: [exp1_no_warmup] Epoch 10/20 | Global examples: 566112 | Avg Loss (last 1024 ex): 0.3163
2026-07-25 20:52:19,669 - INFO: [exp1_no_warmup] Epoch 10/20 | Global examples: 567136 | Avg Loss (last 1024 ex): 0.3198
2026-07-25 20:52:33,144 - INFO: [exp1_no_warmup] Epoch 10/20 | Global examples: 568160 | Avg Loss (last 1024 ex): 0.3218
2026-07-25 20:52:46,917 - INFO: [exp1_no_warmup] Epoch 10/20 | Global examples: 569184 | Avg Loss (last 1024 ex): 0.3216
2026-07-25 20:53:00,379 - INFO: [exp1_no_warmup] Epoch 10/20 | Global examples: 570208 | Avg Loss (last 1024 ex): 0.3175
2026-07-25 20:53:13,662 - INFO: [exp1_no_warmup] Epoch 10/20 | Global examples: 571232 | Avg Loss (last 1024 ex): 0.3066
2026-07-25 20:53:27,305 - INFO: [exp1_no_warmup] Epoch 10/20 | Global examples: 572256 | Avg Loss (last 1024 ex): 0.3258
2026-07-25 20:53:40,973 - INFO: [exp1_no_warmup] Epoch 10/20 | Global examples: 573280 | Avg Loss (last 1024 ex): 0.3071
2026-07-25 20:53:54,788 - INFO: [exp1_no_warmup] Epoch 10/20 | Global examples: 574304 | Avg Loss (last 1024 ex): 0.3133
2026-07-25 20:54:08,067 - INFO: [exp1_no_warmup] Epoch 10/20 | Global examples: 575328 | Avg Loss (last 1024 ex): 0.3208
2026-07-25 20:54:21,461 - INFO: [exp1_no_warmup] Epoch 10/20 | Global examples: 576352 | Avg Loss (last 1024 ex): 0.3398
2026-07-25 20:54:35,966 - INFO: [exp1_no_warmup] Epoch 10/20 | Global examples: 577376 | Avg Loss (last 1024 ex): 0.3024
2026-07-25 20:54:49,696 - INFO: [exp1_no_warmup] Epoch 10/20 | Global examples: 578400 | Avg Loss (last 1024 ex): 0.3099
2026-07-25 20:55:03,403 - INFO: [exp1_no_warmup] Epoch 10/20 | Global examples: 579424 | Avg Loss (last 1024 ex): 0.3195
2026-07-25 20:55:17,435 - INFO: [exp1_no_warmup] Epoch 10/20 | Global examples: 580448 | Avg Loss (last 1024 ex): 0.3365
2026-07-25 20:55:31,009 - INFO: [exp1_no_warmup] Epoch 10/20 | Global examples: 581472 | Avg Loss (last 1024 ex): 0.3112
2026-07-25 20:55:45,085 - INFO: [exp1_no_warmup] Epoch 10/20 | Global examples: 582496 | Avg Loss (last 1024 ex): 0.3151
2026-07-25 20:55:59,226 - INFO: [exp1_no_warmup] Epoch 10/20 | Global examples: 583520 | Avg Loss (last 1024 ex): 0.3059
2026-07-25 20:56:13,134 - INFO: [exp1_no_warmup] Epoch 10/20 | Global examples: 584544 | Avg Loss (last 1024 ex): 0.3160
2026-07-25 20:56:14,424 - INFO: [exp1_no_warmup] Epoch 10/20 | Global examples: 584640 | Avg Loss (last 96 ex): 0.2747
2026-07-25 20:56:16,799 - INFO: [exp1_no_warmup] Epoch 10 Val | Examples: 1024 | Avg Loss (last 1024 ex): 0.2287
2026-07-25 20:56:19,139 - INFO: [exp1_no_warmup] Epoch 10 Val | Examples: 2048 | Avg Loss (last 1024 ex): 0.2264
2026-07-25 20:56:21,456 - INFO: [exp1_no_warmup] Epoch 10 Val | Examples: 3072 | Avg Loss (last 1024 ex): 0.2316
2026-07-25 20:56:24,055 - INFO: [exp1_no_warmup] Epoch 10 Val | Examples: 4096 | Avg Loss (last 1024 ex): 0.2392
2026-07-25 20:56:26,325 - INFO: [exp1_no_warmup] Epoch 10 Val | Examples: 5120 | Avg Loss (last 1024 ex): 0.2437
2026-07-25 20:56:26,325 - INFO: [exp1_no_warmup] === Epoch 10 done | Train Loss: 0.3099 | Val Loss: 0.2339 | Time: 776.7s ===
2026-07-25 20:56:26,387 - INFO: [exp1_no_warmup] Model saved to C:/PythonProject/English2French/model/exp1_no_warmup_epoch10.pth
2026-07-25 20:56:41,243 - INFO: [exp1_no_warmup] Epoch 11/20 | Global examples: 585664 | Avg Loss (last 1024 ex): 0.2670
2026-07-25 20:56:55,352 - INFO: [exp1_no_warmup] Epoch 11/20 | Global examples: 586688 | Avg Loss (last 1024 ex): 0.2789
2026-07-25 20:57:09,401 - INFO: [exp1_no_warmup] Epoch 11/20 | Global examples: 587712 | Avg Loss (last 1024 ex): 0.3032
2026-07-25 20:57:22,955 - INFO: [exp1_no_warmup] Epoch 11/20 | Global examples: 588736 | Avg Loss (last 1024 ex): 0.2772
2026-07-25 20:57:36,611 - INFO: [exp1_no_warmup] Epoch 11/20 | Global examples: 589760 | Avg Loss (last 1024 ex): 0.2853
2026-07-25 20:57:50,297 - INFO: [exp1_no_warmup] Epoch 11/20 | Global examples: 590784 | Avg Loss (last 1024 ex): 0.2874
2026-07-25 20:58:03,999 - INFO: [exp1_no_warmup] Epoch 11/20 | Global examples: 591808 | Avg Loss (last 1024 ex): 0.2782
2026-07-25 20:58:17,677 - INFO: [exp1_no_warmup] Epoch 11/20 | Global examples: 592832 | Avg Loss (last 1024 ex): 0.2923
2026-07-25 20:58:31,733 - INFO: [exp1_no_warmup] Epoch 11/20 | Global examples: 593856 | Avg Loss (last 1024 ex): 0.2914
2026-07-25 20:58:45,881 - INFO: [exp1_no_warmup] Epoch 11/20 | Global examples: 594880 | Avg Loss (last 1024 ex): 0.2877
2026-07-25 20:58:59,877 - INFO: [exp1_no_warmup] Epoch 11/20 | Global examples: 595904 | Avg Loss (last 1024 ex): 0.2959
2026-07-25 20:59:13,716 - INFO: [exp1_no_warmup] Epoch 11/20 | Global examples: 596928 | Avg Loss (last 1024 ex): 0.2884
2026-07-25 20:59:27,482 - INFO: [exp1_no_warmup] Epoch 11/20 | Global examples: 597952 | Avg Loss (last 1024 ex): 0.3003
2026-07-25 20:59:41,234 - INFO: [exp1_no_warmup] Epoch 11/20 | Global examples: 598976 | Avg Loss (last 1024 ex): 0.2830
2026-07-25 20:59:54,886 - INFO: [exp1_no_warmup] Epoch 11/20 | Global examples: 600000 | Avg Loss (last 1024 ex): 0.3015
2026-07-25 21:00:08,047 - INFO: [exp1_no_warmup] Epoch 11/20 | Global examples: 601024 | Avg Loss (last 1024 ex): 0.2759
2026-07-25 21:00:21,795 - INFO: [exp1_no_warmup] Epoch 11/20 | Global examples: 602048 | Avg Loss (last 1024 ex): 0.2936
2026-07-25 21:00:35,646 - INFO: [exp1_no_warmup] Epoch 11/20 | Global examples: 603072 | Avg Loss (last 1024 ex): 0.2798
2026-07-25 21:00:49,377 - INFO: [exp1_no_warmup] Epoch 11/20 | Global examples: 604096 | Avg Loss (last 1024 ex): 0.2895
2026-07-25 21:01:03,216 - INFO: [exp1_no_warmup] Epoch 11/20 | Global examples: 605120 | Avg Loss (last 1024 ex): 0.2840
2026-07-25 21:01:17,025 - INFO: [exp1_no_warmup] Epoch 11/20 | Global examples: 606144 | Avg Loss (last 1024 ex): 0.2809
2026-07-25 21:01:30,751 - INFO: [exp1_no_warmup] Epoch 11/20 | Global examples: 607168 | Avg Loss (last 1024 ex): 0.3089
2026-07-25 21:01:44,328 - INFO: [exp1_no_warmup] Epoch 11/20 | Global examples: 608192 | Avg Loss (last 1024 ex): 0.3169
2026-07-25 21:01:58,257 - INFO: [exp1_no_warmup] Epoch 11/20 | Global examples: 609216 | Avg Loss (last 1024 ex): 0.2949
2026-07-25 21:02:12,084 - INFO: [exp1_no_warmup] Epoch 11/20 | Global examples: 610240 | Avg Loss (last 1024 ex): 0.2965
2026-07-25 21:02:25,970 - INFO: [exp1_no_warmup] Epoch 11/20 | Global examples: 611264 | Avg Loss (last 1024 ex): 0.3036
2026-07-25 21:02:40,145 - INFO: [exp1_no_warmup] Epoch 11/20 | Global examples: 612288 | Avg Loss (last 1024 ex): 0.2991
2026-07-25 21:02:54,489 - INFO: [exp1_no_warmup] Epoch 11/20 | Global examples: 613312 | Avg Loss (last 1024 ex): 0.2853
2026-07-25 21:03:08,639 - INFO: [exp1_no_warmup] Epoch 11/20 | Global examples: 614336 | Avg Loss (last 1024 ex): 0.3022
2026-07-25 21:03:22,719 - INFO: [exp1_no_warmup] Epoch 11/20 | Global examples: 615360 | Avg Loss (last 1024 ex): 0.2903
2026-07-25 21:03:36,763 - INFO: [exp1_no_warmup] Epoch 11/20 | Global examples: 616384 | Avg Loss (last 1024 ex): 0.2851
2026-07-25 21:03:50,562 - INFO: [exp1_no_warmup] Epoch 11/20 | Global examples: 617408 | Avg Loss (last 1024 ex): 0.2967
2026-07-25 21:04:04,485 - INFO: [exp1_no_warmup] Epoch 11/20 | Global examples: 618432 | Avg Loss (last 1024 ex): 0.2822
2026-07-25 21:04:18,263 - INFO: [exp1_no_warmup] Epoch 11/20 | Global examples: 619456 | Avg Loss (last 1024 ex): 0.2965
2026-07-25 21:04:32,299 - INFO: [exp1_no_warmup] Epoch 11/20 | Global examples: 620480 | Avg Loss (last 1024 ex): 0.2988
2026-07-25 21:04:46,670 - INFO: [exp1_no_warmup] Epoch 11/20 | Global examples: 621504 | Avg Loss (last 1024 ex): 0.2929
2026-07-25 21:05:00,731 - INFO: [exp1_no_warmup] Epoch 11/20 | Global examples: 622528 | Avg Loss (last 1024 ex): 0.2916
2026-07-25 21:05:14,806 - INFO: [exp1_no_warmup] Epoch 11/20 | Global examples: 623552 | Avg Loss (last 1024 ex): 0.2852
2026-07-25 21:05:28,746 - INFO: [exp1_no_warmup] Epoch 11/20 | Global examples: 624576 | Avg Loss (last 1024 ex): 0.3013
2026-07-25 21:05:43,758 - INFO: [exp1_no_warmup] Epoch 11/20 | Global examples: 625600 | Avg Loss (last 1024 ex): 0.3014
2026-07-25 21:05:57,948 - INFO: [exp1_no_warmup] Epoch 11/20 | Global examples: 626624 | Avg Loss (last 1024 ex): 0.2959
2026-07-25 21:06:12,768 - INFO: [exp1_no_warmup] Epoch 11/20 | Global examples: 627648 | Avg Loss (last 1024 ex): 0.3033
2026-07-25 21:06:26,972 - INFO: [exp1_no_warmup] Epoch 11/20 | Global examples: 628672 | Avg Loss (last 1024 ex): 0.3032
2026-07-25 21:06:41,143 - INFO: [exp1_no_warmup] Epoch 11/20 | Global examples: 629696 | Avg Loss (last 1024 ex): 0.2911
2026-07-25 21:06:55,170 - INFO: [exp1_no_warmup] Epoch 11/20 | Global examples: 630720 | Avg Loss (last 1024 ex): 0.3006
2026-07-25 21:07:09,036 - INFO: [exp1_no_warmup] Epoch 11/20 | Global examples: 631744 | Avg Loss (last 1024 ex): 0.3111
2026-07-25 21:07:23,124 - INFO: [exp1_no_warmup] Epoch 11/20 | Global examples: 632768 | Avg Loss (last 1024 ex): 0.3054
2026-07-25 21:07:36,727 - INFO: [exp1_no_warmup] Epoch 11/20 | Global examples: 633792 | Avg Loss (last 1024 ex): 0.3031
2026-07-25 21:07:50,449 - INFO: [exp1_no_warmup] Epoch 11/20 | Global examples: 634816 | Avg Loss (last 1024 ex): 0.3038
2026-07-25 21:08:04,199 - INFO: [exp1_no_warmup] Epoch 11/20 | Global examples: 635840 | Avg Loss (last 1024 ex): 0.3140
2026-07-25 21:08:17,941 - INFO: [exp1_no_warmup] Epoch 11/20 | Global examples: 636864 | Avg Loss (last 1024 ex): 0.2953
2026-07-25 21:08:31,398 - INFO: [exp1_no_warmup] Epoch 11/20 | Global examples: 637888 | Avg Loss (last 1024 ex): 0.2940
2026-07-25 21:08:44,960 - INFO: [exp1_no_warmup] Epoch 11/20 | Global examples: 638912 | Avg Loss (last 1024 ex): 0.2913
2026-07-25 21:08:59,401 - INFO: [exp1_no_warmup] Epoch 11/20 | Global examples: 639936 | Avg Loss (last 1024 ex): 0.3074
2026-07-25 21:09:13,464 - INFO: [exp1_no_warmup] Epoch 11/20 | Global examples: 640960 | Avg Loss (last 1024 ex): 0.2958
2026-07-25 21:09:27,652 - INFO: [exp1_no_warmup] Epoch 11/20 | Global examples: 641984 | Avg Loss (last 1024 ex): 0.2829
2026-07-25 21:09:41,739 - INFO: [exp1_no_warmup] Epoch 11/20 | Global examples: 643008 | Avg Loss (last 1024 ex): 0.2999
2026-07-25 21:09:43,009 - INFO: [exp1_no_warmup] Epoch 11/20 | Global examples: 643104 | Avg Loss (last 96 ex): 0.3069
2026-07-25 21:09:45,318 - INFO: [exp1_no_warmup] Epoch 11 Val | Examples: 1024 | Avg Loss (last 1024 ex): 0.2253
2026-07-25 21:09:47,742 - INFO: [exp1_no_warmup] Epoch 11 Val | Examples: 2048 | Avg Loss (last 1024 ex): 0.2191
2026-07-25 21:09:50,128 - INFO: [exp1_no_warmup] Epoch 11 Val | Examples: 3072 | Avg Loss (last 1024 ex): 0.2103
2026-07-25 21:09:52,603 - INFO: [exp1_no_warmup] Epoch 11 Val | Examples: 4096 | Avg Loss (last 1024 ex): 0.2232
2026-07-25 21:09:54,957 - INFO: [exp1_no_warmup] Epoch 11 Val | Examples: 5120 | Avg Loss (last 1024 ex): 0.2317
2026-07-25 21:09:54,957 - INFO: [exp1_no_warmup] === Epoch 11 done | Train Loss: 0.2939 | Val Loss: 0.2219 | Time: 796.6s ===
2026-07-25 21:09:55,026 - INFO: [exp1_no_warmup] Model saved to C:/PythonProject/English2French/model/exp1_no_warmup_epoch11.pth
2026-07-25 21:10:08,813 - INFO: [exp1_no_warmup] Epoch 12/20 | Global examples: 644128 | Avg Loss (last 1024 ex): 0.2649
2026-07-25 21:10:23,313 - INFO: [exp1_no_warmup] Epoch 12/20 | Global examples: 645152 | Avg Loss (last 1024 ex): 0.2680
2026-07-25 21:10:37,296 - INFO: [exp1_no_warmup] Epoch 12/20 | Global examples: 646176 | Avg Loss (last 1024 ex): 0.2685
2026-07-25 21:10:51,011 - INFO: [exp1_no_warmup] Epoch 12/20 | Global examples: 647200 | Avg Loss (last 1024 ex): 0.2778
2026-07-25 21:11:04,967 - INFO: [exp1_no_warmup] Epoch 12/20 | Global examples: 648224 | Avg Loss (last 1024 ex): 0.2659
2026-07-25 21:11:18,750 - INFO: [exp1_no_warmup] Epoch 12/20 | Global examples: 649248 | Avg Loss (last 1024 ex): 0.2817
2026-07-25 21:11:32,457 - INFO: [exp1_no_warmup] Epoch 12/20 | Global examples: 650272 | Avg Loss (last 1024 ex): 0.2758
2026-07-25 21:11:46,235 - INFO: [exp1_no_warmup] Epoch 12/20 | Global examples: 651296 | Avg Loss (last 1024 ex): 0.2811
2026-07-25 21:12:00,121 - INFO: [exp1_no_warmup] Epoch 12/20 | Global examples: 652320 | Avg Loss (last 1024 ex): 0.2717
2026-07-25 21:12:14,780 - INFO: [exp1_no_warmup] Epoch 12/20 | Global examples: 653344 | Avg Loss (last 1024 ex): 0.2962
2026-07-25 21:12:30,880 - INFO: [exp1_no_warmup] Epoch 12/20 | Global examples: 654368 | Avg Loss (last 1024 ex): 0.2761
2026-07-25 21:12:44,745 - INFO: [exp1_no_warmup] Epoch 12/20 | Global examples: 655392 | Avg Loss (last 1024 ex): 0.2870
2026-07-25 21:12:58,049 - INFO: [exp1_no_warmup] Epoch 12/20 | Global examples: 656416 | Avg Loss (last 1024 ex): 0.2805
2026-07-25 21:13:11,921 - INFO: [exp1_no_warmup] Epoch 12/20 | Global examples: 657440 | Avg Loss (last 1024 ex): 0.2886
2026-07-25 21:13:25,728 - INFO: [exp1_no_warmup] Epoch 12/20 | Global examples: 658464 | Avg Loss (last 1024 ex): 0.2834
2026-07-25 21:13:39,625 - INFO: [exp1_no_warmup] Epoch 12/20 | Global examples: 659488 | Avg Loss (last 1024 ex): 0.2712
2026-07-25 21:13:53,405 - INFO: [exp1_no_warmup] Epoch 12/20 | Global examples: 660512 | Avg Loss (last 1024 ex): 0.2801
2026-07-25 21:14:07,226 - INFO: [exp1_no_warmup] Epoch 12/20 | Global examples: 661536 | Avg Loss (last 1024 ex): 0.2767
2026-07-25 21:14:21,136 - INFO: [exp1_no_warmup] Epoch 12/20 | Global examples: 662560 | Avg Loss (last 1024 ex): 0.2680
2026-07-25 21:14:34,887 - INFO: [exp1_no_warmup] Epoch 12/20 | Global examples: 663584 | Avg Loss (last 1024 ex): 0.2831
2026-07-25 21:14:48,782 - INFO: [exp1_no_warmup] Epoch 12/20 | Global examples: 664608 | Avg Loss (last 1024 ex): 0.2766
2026-07-25 21:15:02,502 - INFO: [exp1_no_warmup] Epoch 12/20 | Global examples: 665632 | Avg Loss (last 1024 ex): 0.2896
2026-07-25 21:15:16,244 - INFO: [exp1_no_warmup] Epoch 12/20 | Global examples: 666656 | Avg Loss (last 1024 ex): 0.2822
2026-07-25 21:15:30,022 - INFO: [exp1_no_warmup] Epoch 12/20 | Global examples: 667680 | Avg Loss (last 1024 ex): 0.2863
2026-07-25 21:15:44,371 - INFO: [exp1_no_warmup] Epoch 12/20 | Global examples: 668704 | Avg Loss (last 1024 ex): 0.2971
2026-07-25 21:15:58,963 - INFO: [exp1_no_warmup] Epoch 12/20 | Global examples: 669728 | Avg Loss (last 1024 ex): 0.2954
2026-07-25 21:16:13,362 - INFO: [exp1_no_warmup] Epoch 12/20 | Global examples: 670752 | Avg Loss (last 1024 ex): 0.2869
2026-07-25 21:16:27,936 - INFO: [exp1_no_warmup] Epoch 12/20 | Global examples: 671776 | Avg Loss (last 1024 ex): 0.2868
2026-07-25 21:16:42,222 - INFO: [exp1_no_warmup] Epoch 12/20 | Global examples: 672800 | Avg Loss (last 1024 ex): 0.2795
2026-07-25 21:16:56,913 - INFO: [exp1_no_warmup] Epoch 12/20 | Global examples: 673824 | Avg Loss (last 1024 ex): 0.2865
2026-07-25 21:17:11,146 - INFO: [exp1_no_warmup] Epoch 12/20 | Global examples: 674848 | Avg Loss (last 1024 ex): 0.2730
2026-07-25 21:17:24,783 - INFO: [exp1_no_warmup] Epoch 12/20 | Global examples: 675872 | Avg Loss (last 1024 ex): 0.3071
2026-07-25 21:17:39,039 - INFO: [exp1_no_warmup] Epoch 12/20 | Global examples: 676896 | Avg Loss (last 1024 ex): 0.2878
2026-07-25 21:17:53,698 - INFO: [exp1_no_warmup] Epoch 12/20 | Global examples: 677920 | Avg Loss (last 1024 ex): 0.2766
2026-07-25 21:18:07,637 - INFO: [exp1_no_warmup] Epoch 12/20 | Global examples: 678944 | Avg Loss (last 1024 ex): 0.2928
2026-07-25 21:18:21,849 - INFO: [exp1_no_warmup] Epoch 12/20 | Global examples: 679968 | Avg Loss (last 1024 ex): 0.2777
2026-07-25 21:18:36,486 - INFO: [exp1_no_warmup] Epoch 12/20 | Global examples: 680992 | Avg Loss (last 1024 ex): 0.2795
2026-07-25 21:18:50,643 - INFO: [exp1_no_warmup] Epoch 12/20 | Global examples: 682016 | Avg Loss (last 1024 ex): 0.2854
2026-07-25 21:19:04,713 - INFO: [exp1_no_warmup] Epoch 12/20 | Global examples: 683040 | Avg Loss (last 1024 ex): 0.2884
2026-07-25 21:19:18,775 - INFO: [exp1_no_warmup] Epoch 12/20 | Global examples: 684064 | Avg Loss (last 1024 ex): 0.2811
2026-07-25 21:19:32,652 - INFO: [exp1_no_warmup] Epoch 12/20 | Global examples: 685088 | Avg Loss (last 1024 ex): 0.3051
2026-07-25 21:19:46,243 - INFO: [exp1_no_warmup] Epoch 12/20 | Global examples: 686112 | Avg Loss (last 1024 ex): 0.2953
2026-07-25 21:19:59,925 - INFO: [exp1_no_warmup] Epoch 12/20 | Global examples: 687136 | Avg Loss (last 1024 ex): 0.2839
2026-07-25 21:20:14,133 - INFO: [exp1_no_warmup] Epoch 12/20 | Global examples: 688160 | Avg Loss (last 1024 ex): 0.2811
2026-07-25 21:20:27,857 - INFO: [exp1_no_warmup] Epoch 12/20 | Global examples: 689184 | Avg Loss (last 1024 ex): 0.2850
2026-07-25 21:20:41,518 - INFO: [exp1_no_warmup] Epoch 12/20 | Global examples: 690208 | Avg Loss (last 1024 ex): 0.2808
2026-07-25 21:20:55,633 - INFO: [exp1_no_warmup] Epoch 12/20 | Global examples: 691232 | Avg Loss (last 1024 ex): 0.3010
2026-07-25 21:21:09,630 - INFO: [exp1_no_warmup] Epoch 12/20 | Global examples: 692256 | Avg Loss (last 1024 ex): 0.2851
2026-07-25 21:21:23,596 - INFO: [exp1_no_warmup] Epoch 12/20 | Global examples: 693280 | Avg Loss (last 1024 ex): 0.3085
2026-07-25 21:21:37,674 - INFO: [exp1_no_warmup] Epoch 12/20 | Global examples: 694304 | Avg Loss (last 1024 ex): 0.2672
2026-07-25 21:21:51,689 - INFO: [exp1_no_warmup] Epoch 12/20 | Global examples: 695328 | Avg Loss (last 1024 ex): 0.3014
2026-07-25 21:22:05,684 - INFO: [exp1_no_warmup] Epoch 12/20 | Global examples: 696352 | Avg Loss (last 1024 ex): 0.3074
2026-07-25 21:22:19,748 - INFO: [exp1_no_warmup] Epoch 12/20 | Global examples: 697376 | Avg Loss (last 1024 ex): 0.2941
2026-07-25 21:22:33,356 - INFO: [exp1_no_warmup] Epoch 12/20 | Global examples: 698400 | Avg Loss (last 1024 ex): 0.2891
2026-07-25 21:22:47,139 - INFO: [exp1_no_warmup] Epoch 12/20 | Global examples: 699424 | Avg Loss (last 1024 ex): 0.2862
2026-07-25 21:23:01,111 - INFO: [exp1_no_warmup] Epoch 12/20 | Global examples: 700448 | Avg Loss (last 1024 ex): 0.2739
2026-07-25 21:23:15,122 - INFO: [exp1_no_warmup] Epoch 12/20 | Global examples: 701472 | Avg Loss (last 1024 ex): 0.2796
2026-07-25 21:23:16,385 - INFO: [exp1_no_warmup] Epoch 12/20 | Global examples: 701568 | Avg Loss (last 96 ex): 0.2744
2026-07-25 21:23:18,617 - INFO: [exp1_no_warmup] Epoch 12 Val | Examples: 1024 | Avg Loss (last 1024 ex): 0.2311
2026-07-25 21:23:20,952 - INFO: [exp1_no_warmup] Epoch 12 Val | Examples: 2048 | Avg Loss (last 1024 ex): 0.2120
2026-07-25 21:23:23,332 - INFO: [exp1_no_warmup] Epoch 12 Val | Examples: 3072 | Avg Loss (last 1024 ex): 0.2076
2026-07-25 21:23:25,765 - INFO: [exp1_no_warmup] Epoch 12 Val | Examples: 4096 | Avg Loss (last 1024 ex): 0.2256
2026-07-25 21:23:28,164 - INFO: [exp1_no_warmup] Epoch 12 Val | Examples: 5120 | Avg Loss (last 1024 ex): 0.2198
2026-07-25 21:23:28,165 - INFO: [exp1_no_warmup] === Epoch 12 done | Train Loss: 0.2840 | Val Loss: 0.2192 | Time: 801.4s ===
2026-07-25 21:23:28,242 - INFO: [exp1_no_warmup] Model saved to C:/PythonProject/English2French/model/exp1_no_warmup_epoch12.pth
2026-07-25 21:23:43,737 - INFO: [exp1_no_warmup] Epoch 13/20 | Global examples: 702592 | Avg Loss (last 1024 ex): 0.2529
2026-07-25 21:23:58,128 - INFO: [exp1_no_warmup] Epoch 13/20 | Global examples: 703616 | Avg Loss (last 1024 ex): 0.2604
2026-07-25 21:24:11,736 - INFO: [exp1_no_warmup] Epoch 13/20 | Global examples: 704640 | Avg Loss (last 1024 ex): 0.2498
2026-07-25 21:24:25,908 - INFO: [exp1_no_warmup] Epoch 13/20 | Global examples: 705664 | Avg Loss (last 1024 ex): 0.2443
2026-07-25 21:24:40,267 - INFO: [exp1_no_warmup] Epoch 13/20 | Global examples: 706688 | Avg Loss (last 1024 ex): 0.2585
2026-07-25 21:24:54,301 - INFO: [exp1_no_warmup] Epoch 13/20 | Global examples: 707712 | Avg Loss (last 1024 ex): 0.2632
2026-07-25 21:25:08,382 - INFO: [exp1_no_warmup] Epoch 13/20 | Global examples: 708736 | Avg Loss (last 1024 ex): 0.2551
2026-07-25 21:25:22,605 - INFO: [exp1_no_warmup] Epoch 13/20 | Global examples: 709760 | Avg Loss (last 1024 ex): 0.2557
2026-07-25 21:25:36,858 - INFO: [exp1_no_warmup] Epoch 13/20 | Global examples: 710784 | Avg Loss (last 1024 ex): 0.2633
2026-07-25 21:25:51,563 - INFO: [exp1_no_warmup] Epoch 13/20 | Global examples: 711808 | Avg Loss (last 1024 ex): 0.2623
2026-07-25 21:26:06,636 - INFO: [exp1_no_warmup] Epoch 13/20 | Global examples: 712832 | Avg Loss (last 1024 ex): 0.2610
2026-07-25 21:26:21,744 - INFO: [exp1_no_warmup] Epoch 13/20 | Global examples: 713856 | Avg Loss (last 1024 ex): 0.2699
2026-07-25 21:26:36,973 - INFO: [exp1_no_warmup] Epoch 13/20 | Global examples: 714880 | Avg Loss (last 1024 ex): 0.2605
2026-07-25 21:26:52,115 - INFO: [exp1_no_warmup] Epoch 13/20 | Global examples: 715904 | Avg Loss (last 1024 ex): 0.2738
2026-07-25 21:27:07,531 - INFO: [exp1_no_warmup] Epoch 13/20 | Global examples: 716928 | Avg Loss (last 1024 ex): 0.2655
2026-07-25 21:27:22,855 - INFO: [exp1_no_warmup] Epoch 13/20 | Global examples: 717952 | Avg Loss (last 1024 ex): 0.2690
2026-07-25 21:27:37,045 - INFO: [exp1_no_warmup] Epoch 13/20 | Global examples: 718976 | Avg Loss (last 1024 ex): 0.2610
2026-07-25 21:27:51,442 - INFO: [exp1_no_warmup] Epoch 13/20 | Global examples: 720000 | Avg Loss (last 1024 ex): 0.2737
2026-07-25 21:28:05,767 - INFO: [exp1_no_warmup] Epoch 13/20 | Global examples: 721024 | Avg Loss (last 1024 ex): 0.2849
2026-07-25 21:28:19,674 - INFO: [exp1_no_warmup] Epoch 13/20 | Global examples: 722048 | Avg Loss (last 1024 ex): 0.2695
2026-07-25 21:28:33,406 - INFO: [exp1_no_warmup] Epoch 13/20 | Global examples: 723072 | Avg Loss (last 1024 ex): 0.2780
2026-07-25 21:28:47,567 - INFO: [exp1_no_warmup] Epoch 13/20 | Global examples: 724096 | Avg Loss (last 1024 ex): 0.2786
2026-07-25 21:29:01,769 - INFO: [exp1_no_warmup] Epoch 13/20 | Global examples: 725120 | Avg Loss (last 1024 ex): 0.2809
2026-07-25 21:29:15,999 - INFO: [exp1_no_warmup] Epoch 13/20 | Global examples: 726144 | Avg Loss (last 1024 ex): 0.2839
2026-07-25 21:29:29,744 - INFO: [exp1_no_warmup] Epoch 13/20 | Global examples: 727168 | Avg Loss (last 1024 ex): 0.2835
2026-07-25 21:29:44,516 - INFO: [exp1_no_warmup] Epoch 13/20 | Global examples: 728192 | Avg Loss (last 1024 ex): 0.2603
2026-07-25 21:29:58,511 - INFO: [exp1_no_warmup] Epoch 13/20 | Global examples: 729216 | Avg Loss (last 1024 ex): 0.2814
2026-07-25 21:30:12,510 - INFO: [exp1_no_warmup] Epoch 13/20 | Global examples: 730240 | Avg Loss (last 1024 ex): 0.2660
2026-07-25 21:30:26,636 - INFO: [exp1_no_warmup] Epoch 13/20 | Global examples: 731264 | Avg Loss (last 1024 ex): 0.2873
2026-07-25 21:30:40,860 - INFO: [exp1_no_warmup] Epoch 13/20 | Global examples: 732288 | Avg Loss (last 1024 ex): 0.2655
2026-07-25 21:30:55,020 - INFO: [exp1_no_warmup] Epoch 13/20 | Global examples: 733312 | Avg Loss (last 1024 ex): 0.2897
2026-07-25 21:31:08,911 - INFO: [exp1_no_warmup] Epoch 13/20 | Global examples: 734336 | Avg Loss (last 1024 ex): 0.2781
2026-07-25 21:31:23,018 - INFO: [exp1_no_warmup] Epoch 13/20 | Global examples: 735360 | Avg Loss (last 1024 ex): 0.2598
2026-07-25 21:31:36,964 - INFO: [exp1_no_warmup] Epoch 13/20 | Global examples: 736384 | Avg Loss (last 1024 ex): 0.2760
2026-07-25 21:31:50,858 - INFO: [exp1_no_warmup] Epoch 13/20 | Global examples: 737408 | Avg Loss (last 1024 ex): 0.2966
2026-07-25 21:32:05,208 - INFO: [exp1_no_warmup] Epoch 13/20 | Global examples: 738432 | Avg Loss (last 1024 ex): 0.2797
2026-07-25 21:32:19,293 - INFO: [exp1_no_warmup] Epoch 13/20 | Global examples: 739456 | Avg Loss (last 1024 ex): 0.2650
2026-07-25 21:32:33,513 - INFO: [exp1_no_warmup] Epoch 13/20 | Global examples: 740480 | Avg Loss (last 1024 ex): 0.2663
2026-07-25 21:32:47,601 - INFO: [exp1_no_warmup] Epoch 13/20 | Global examples: 741504 | Avg Loss (last 1024 ex): 0.2669
2026-07-25 21:33:01,865 - INFO: [exp1_no_warmup] Epoch 13/20 | Global examples: 742528 | Avg Loss (last 1024 ex): 0.2952
2026-07-25 21:33:15,755 - INFO: [exp1_no_warmup] Epoch 13/20 | Global examples: 743552 | Avg Loss (last 1024 ex): 0.2773
2026-07-25 21:33:29,727 - INFO: [exp1_no_warmup] Epoch 13/20 | Global examples: 744576 | Avg Loss (last 1024 ex): 0.2718
2026-07-25 21:33:43,671 - INFO: [exp1_no_warmup] Epoch 13/20 | Global examples: 745600 | Avg Loss (last 1024 ex): 0.2603
2026-07-25 21:33:57,393 - INFO: [exp1_no_warmup] Epoch 13/20 | Global examples: 746624 | Avg Loss (last 1024 ex): 0.2714
2026-07-25 21:34:11,428 - INFO: [exp1_no_warmup] Epoch 13/20 | Global examples: 747648 | Avg Loss (last 1024 ex): 0.2810
2026-07-25 21:34:25,530 - INFO: [exp1_no_warmup] Epoch 13/20 | Global examples: 748672 | Avg Loss (last 1024 ex): 0.2907
2026-07-25 21:34:39,508 - INFO: [exp1_no_warmup] Epoch 13/20 | Global examples: 749696 | Avg Loss (last 1024 ex): 0.2791
2026-07-25 21:34:53,982 - INFO: [exp1_no_warmup] Epoch 13/20 | Global examples: 750720 | Avg Loss (last 1024 ex): 0.2818
2026-07-25 21:35:08,337 - INFO: [exp1_no_warmup] Epoch 13/20 | Global examples: 751744 | Avg Loss (last 1024 ex): 0.2805
2026-07-25 21:35:21,861 - INFO: [exp1_no_warmup] Epoch 13/20 | Global examples: 752768 | Avg Loss (last 1024 ex): 0.2672
2026-07-25 21:35:35,887 - INFO: [exp1_no_warmup] Epoch 13/20 | Global examples: 753792 | Avg Loss (last 1024 ex): 0.2686
2026-07-25 21:35:50,881 - INFO: [exp1_no_warmup] Epoch 13/20 | Global examples: 754816 | Avg Loss (last 1024 ex): 0.2866
2026-07-25 21:36:05,710 - INFO: [exp1_no_warmup] Epoch 13/20 | Global examples: 755840 | Avg Loss (last 1024 ex): 0.2748
2026-07-25 21:36:20,484 - INFO: [exp1_no_warmup] Epoch 13/20 | Global examples: 756864 | Avg Loss (last 1024 ex): 0.2927
2026-07-25 21:36:35,744 - INFO: [exp1_no_warmup] Epoch 13/20 | Global examples: 757888 | Avg Loss (last 1024 ex): 0.2809
2026-07-25 21:36:50,917 - INFO: [exp1_no_warmup] Epoch 13/20 | Global examples: 758912 | Avg Loss (last 1024 ex): 0.2774
2026-07-25 21:37:05,266 - INFO: [exp1_no_warmup] Epoch 13/20 | Global examples: 759936 | Avg Loss (last 1024 ex): 0.2863
2026-07-25 21:37:06,591 - INFO: [exp1_no_warmup] Epoch 13/20 | Global examples: 760032 | Avg Loss (last 96 ex): 0.3263
2026-07-25 21:37:08,759 - INFO: [exp1_no_warmup] Epoch 13 Val | Examples: 1024 | Avg Loss (last 1024 ex): 0.2213
2026-07-25 21:37:11,656 - INFO: [exp1_no_warmup] Epoch 13 Val | Examples: 2048 | Avg Loss (last 1024 ex): 0.2022
2026-07-25 21:37:14,058 - INFO: [exp1_no_warmup] Epoch 13 Val | Examples: 3072 | Avg Loss (last 1024 ex): 0.1942
2026-07-25 21:37:16,428 - INFO: [exp1_no_warmup] Epoch 13 Val | Examples: 4096 | Avg Loss (last 1024 ex): 0.2282
2026-07-25 21:37:18,794 - INFO: [exp1_no_warmup] Epoch 13 Val | Examples: 5120 | Avg Loss (last 1024 ex): 0.2183
2026-07-25 21:37:18,794 - INFO: [exp1_no_warmup] === Epoch 13 done | Train Loss: 0.2724 | Val Loss: 0.2128 | Time: 818.3s ===
2026-07-25 21:37:18,847 - INFO: [exp1_no_warmup] Model saved to C:/PythonProject/English2French/model/exp1_no_warmup_epoch13.pth
2026-07-25 21:37:34,312 - INFO: [exp1_no_warmup] Epoch 14/20 | Global examples: 761056 | Avg Loss (last 1024 ex): 0.2391
2026-07-25 21:37:49,143 - INFO: [exp1_no_warmup] Epoch 14/20 | Global examples: 762080 | Avg Loss (last 1024 ex): 0.2505
2026-07-25 21:38:03,225 - INFO: [exp1_no_warmup] Epoch 14/20 | Global examples: 763104 | Avg Loss (last 1024 ex): 0.2534
2026-07-25 21:38:16,926 - INFO: [exp1_no_warmup] Epoch 14/20 | Global examples: 764128 | Avg Loss (last 1024 ex): 0.2551
2026-07-25 21:38:30,890 - INFO: [exp1_no_warmup] Epoch 14/20 | Global examples: 765152 | Avg Loss (last 1024 ex): 0.2665
2026-07-25 21:38:45,010 - INFO: [exp1_no_warmup] Epoch 14/20 | Global examples: 766176 | Avg Loss (last 1024 ex): 0.2500
2026-07-25 21:38:59,036 - INFO: [exp1_no_warmup] Epoch 14/20 | Global examples: 767200 | Avg Loss (last 1024 ex): 0.2560
2026-07-25 21:39:12,535 - INFO: [exp1_no_warmup] Epoch 14/20 | Global examples: 768224 | Avg Loss (last 1024 ex): 0.2690
2026-07-25 21:39:25,996 - INFO: [exp1_no_warmup] Epoch 14/20 | Global examples: 769248 | Avg Loss (last 1024 ex): 0.2812
2026-07-25 21:39:39,485 - INFO: [exp1_no_warmup] Epoch 14/20 | Global examples: 770272 | Avg Loss (last 1024 ex): 0.2609
2026-07-25 21:39:52,923 - INFO: [exp1_no_warmup] Epoch 14/20 | Global examples: 771296 | Avg Loss (last 1024 ex): 0.2534
2026-07-25 21:40:06,874 - INFO: [exp1_no_warmup] Epoch 14/20 | Global examples: 772320 | Avg Loss (last 1024 ex): 0.2626
2026-07-25 21:40:20,693 - INFO: [exp1_no_warmup] Epoch 14/20 | Global examples: 773344 | Avg Loss (last 1024 ex): 0.2722
2026-07-25 21:40:34,455 - INFO: [exp1_no_warmup] Epoch 14/20 | Global examples: 774368 | Avg Loss (last 1024 ex): 0.2606
2026-07-25 21:40:48,351 - INFO: [exp1_no_warmup] Epoch 14/20 | Global examples: 775392 | Avg Loss (last 1024 ex): 0.2516
2026-07-25 21:41:02,913 - INFO: [exp1_no_warmup] Epoch 14/20 | Global examples: 776416 | Avg Loss (last 1024 ex): 0.2613
2026-07-25 21:41:16,628 - INFO: [exp1_no_warmup] Epoch 14/20 | Global examples: 777440 | Avg Loss (last 1024 ex): 0.2697
2026-07-25 21:41:30,319 - INFO: [exp1_no_warmup] Epoch 14/20 | Global examples: 778464 | Avg Loss (last 1024 ex): 0.2659
2026-07-25 21:41:44,409 - INFO: [exp1_no_warmup] Epoch 14/20 | Global examples: 779488 | Avg Loss (last 1024 ex): 0.2826
2026-07-25 21:41:58,549 - INFO: [exp1_no_warmup] Epoch 14/20 | Global examples: 780512 | Avg Loss (last 1024 ex): 0.2846
2026-07-25 21:42:12,305 - INFO: [exp1_no_warmup] Epoch 14/20 | Global examples: 781536 | Avg Loss (last 1024 ex): 0.2669
2026-07-25 21:42:25,549 - INFO: [exp1_no_warmup] Epoch 14/20 | Global examples: 782560 | Avg Loss (last 1024 ex): 0.2515
2026-07-25 21:42:39,614 - INFO: [exp1_no_warmup] Epoch 14/20 | Global examples: 783584 | Avg Loss (last 1024 ex): 0.2628
2026-07-25 21:42:53,357 - INFO: [exp1_no_warmup] Epoch 14/20 | Global examples: 784608 | Avg Loss (last 1024 ex): 0.2546
2026-07-25 21:43:07,361 - INFO: [exp1_no_warmup] Epoch 14/20 | Global examples: 785632 | Avg Loss (last 1024 ex): 0.2592
2026-07-25 21:43:21,537 - INFO: [exp1_no_warmup] Epoch 14/20 | Global examples: 786656 | Avg Loss (last 1024 ex): 0.2721
2026-07-25 21:43:35,546 - INFO: [exp1_no_warmup] Epoch 14/20 | Global examples: 787680 | Avg Loss (last 1024 ex): 0.2795
2026-07-25 21:43:49,087 - INFO: [exp1_no_warmup] Epoch 14/20 | Global examples: 788704 | Avg Loss (last 1024 ex): 0.2663
2026-07-25 21:44:02,944 - INFO: [exp1_no_warmup] Epoch 14/20 | Global examples: 789728 | Avg Loss (last 1024 ex): 0.2578
2026-07-25 21:44:16,749 - INFO: [exp1_no_warmup] Epoch 14/20 | Global examples: 790752 | Avg Loss (last 1024 ex): 0.2685
2026-07-25 21:44:30,898 - INFO: [exp1_no_warmup] Epoch 14/20 | Global examples: 791776 | Avg Loss (last 1024 ex): 0.2490
2026-07-25 21:44:44,807 - INFO: [exp1_no_warmup] Epoch 14/20 | Global examples: 792800 | Avg Loss (last 1024 ex): 0.2867
2026-07-25 21:44:58,113 - INFO: [exp1_no_warmup] Epoch 14/20 | Global examples: 793824 | Avg Loss (last 1024 ex): 0.2782
2026-07-25 21:45:12,174 - INFO: [exp1_no_warmup] Epoch 14/20 | Global examples: 794848 | Avg Loss (last 1024 ex): 0.2572
2026-07-25 21:45:25,955 - INFO: [exp1_no_warmup] Epoch 14/20 | Global examples: 795872 | Avg Loss (last 1024 ex): 0.2899
2026-07-25 21:45:39,458 - INFO: [exp1_no_warmup] Epoch 14/20 | Global examples: 796896 | Avg Loss (last 1024 ex): 0.2971
2026-07-25 21:45:52,962 - INFO: [exp1_no_warmup] Epoch 14/20 | Global examples: 797920 | Avg Loss (last 1024 ex): 0.2647
2026-07-25 21:46:06,532 - INFO: [exp1_no_warmup] Epoch 14/20 | Global examples: 798944 | Avg Loss (last 1024 ex): 0.2802
2026-07-25 21:46:20,642 - INFO: [exp1_no_warmup] Epoch 14/20 | Global examples: 799968 | Avg Loss (last 1024 ex): 0.2632
2026-07-25 21:46:34,099 - INFO: [exp1_no_warmup] Epoch 14/20 | Global examples: 800992 | Avg Loss (last 1024 ex): 0.2776
2026-07-25 21:46:47,455 - INFO: [exp1_no_warmup] Epoch 14/20 | Global examples: 802016 | Avg Loss (last 1024 ex): 0.2770
2026-07-25 21:47:00,961 - INFO: [exp1_no_warmup] Epoch 14/20 | Global examples: 803040 | Avg Loss (last 1024 ex): 0.2632
2026-07-25 21:47:14,486 - INFO: [exp1_no_warmup] Epoch 14/20 | Global examples: 804064 | Avg Loss (last 1024 ex): 0.2697
2026-07-25 21:47:27,769 - INFO: [exp1_no_warmup] Epoch 14/20 | Global examples: 805088 | Avg Loss (last 1024 ex): 0.2786
2026-07-25 21:47:41,279 - INFO: [exp1_no_warmup] Epoch 14/20 | Global examples: 806112 | Avg Loss (last 1024 ex): 0.2820
2026-07-25 21:47:54,615 - INFO: [exp1_no_warmup] Epoch 14/20 | Global examples: 807136 | Avg Loss (last 1024 ex): 0.2704
2026-07-25 21:48:07,830 - INFO: [exp1_no_warmup] Epoch 14/20 | Global examples: 808160 | Avg Loss (last 1024 ex): 0.2680
2026-07-25 21:48:21,118 - INFO: [exp1_no_warmup] Epoch 14/20 | Global examples: 809184 | Avg Loss (last 1024 ex): 0.2640
2026-07-25 21:48:34,728 - INFO: [exp1_no_warmup] Epoch 14/20 | Global examples: 810208 | Avg Loss (last 1024 ex): 0.2670
2026-07-25 21:48:48,287 - INFO: [exp1_no_warmup] Epoch 14/20 | Global examples: 811232 | Avg Loss (last 1024 ex): 0.2819
2026-07-25 21:49:01,951 - INFO: [exp1_no_warmup] Epoch 14/20 | Global examples: 812256 | Avg Loss (last 1024 ex): 0.2655
2026-07-25 21:49:15,480 - INFO: [exp1_no_warmup] Epoch 14/20 | Global examples: 813280 | Avg Loss (last 1024 ex): 0.2838
2026-07-25 21:49:28,896 - INFO: [exp1_no_warmup] Epoch 14/20 | Global examples: 814304 | Avg Loss (last 1024 ex): 0.2726
2026-07-25 21:49:42,257 - INFO: [exp1_no_warmup] Epoch 14/20 | Global examples: 815328 | Avg Loss (last 1024 ex): 0.2813
2026-07-25 21:49:55,715 - INFO: [exp1_no_warmup] Epoch 14/20 | Global examples: 816352 | Avg Loss (last 1024 ex): 0.2736
2026-07-25 21:50:08,920 - INFO: [exp1_no_warmup] Epoch 14/20 | Global examples: 817376 | Avg Loss (last 1024 ex): 0.2710
2026-07-25 21:50:22,399 - INFO: [exp1_no_warmup] Epoch 14/20 | Global examples: 818400 | Avg Loss (last 1024 ex): 0.2686
2026-07-25 21:50:23,649 - INFO: [exp1_no_warmup] Epoch 14/20 | Global examples: 818496 | Avg Loss (last 96 ex): 0.3196
2026-07-25 21:50:25,844 - INFO: [exp1_no_warmup] Epoch 14 Val | Examples: 1024 | Avg Loss (last 1024 ex): 0.2285
2026-07-25 21:50:28,008 - INFO: [exp1_no_warmup] Epoch 14 Val | Examples: 2048 | Avg Loss (last 1024 ex): 0.1993
2026-07-25 21:50:30,259 - INFO: [exp1_no_warmup] Epoch 14 Val | Examples: 3072 | Avg Loss (last 1024 ex): 0.2141
2026-07-25 21:50:32,520 - INFO: [exp1_no_warmup] Epoch 14 Val | Examples: 4096 | Avg Loss (last 1024 ex): 0.2251
2026-07-25 21:50:34,782 - INFO: [exp1_no_warmup] Epoch 14 Val | Examples: 5120 | Avg Loss (last 1024 ex): 0.2150
2026-07-25 21:50:34,783 - INFO: [exp1_no_warmup] === Epoch 14 done | Train Loss: 0.2679 | Val Loss: 0.2164 | Time: 784.8s ===
2026-07-25 21:50:34,847 - INFO: [exp1_no_warmup] Model saved to C:/PythonProject/English2French/model/exp1_no_warmup_epoch14.pth
2026-07-25 21:50:49,426 - INFO: [exp1_no_warmup] Epoch 15/20 | Global examples: 819520 | Avg Loss (last 1024 ex): 0.2497
2026-07-25 21:51:02,554 - INFO: [exp1_no_warmup] Epoch 15/20 | Global examples: 820544 | Avg Loss (last 1024 ex): 0.2467
2026-07-25 21:51:16,193 - INFO: [exp1_no_warmup] Epoch 15/20 | Global examples: 821568 | Avg Loss (last 1024 ex): 0.2397
2026-07-25 21:51:29,383 - INFO: [exp1_no_warmup] Epoch 15/20 | Global examples: 822592 | Avg Loss (last 1024 ex): 0.2509
2026-07-25 21:51:42,808 - INFO: [exp1_no_warmup] Epoch 15/20 | Global examples: 823616 | Avg Loss (last 1024 ex): 0.2423
2026-07-25 21:51:56,417 - INFO: [exp1_no_warmup] Epoch 15/20 | Global examples: 824640 | Avg Loss (last 1024 ex): 0.2652
2026-07-25 21:52:09,878 - INFO: [exp1_no_warmup] Epoch 15/20 | Global examples: 825664 | Avg Loss (last 1024 ex): 0.2500
2026-07-25 21:52:23,281 - INFO: [exp1_no_warmup] Epoch 15/20 | Global examples: 826688 | Avg Loss (last 1024 ex): 0.2518
2026-07-25 21:52:36,212 - INFO: [exp1_no_warmup] Epoch 15/20 | Global examples: 827712 | Avg Loss (last 1024 ex): 0.2442
2026-07-25 21:52:49,489 - INFO: [exp1_no_warmup] Epoch 15/20 | Global examples: 828736 | Avg Loss (last 1024 ex): 0.2722
2026-07-25 21:53:02,984 - INFO: [exp1_no_warmup] Epoch 15/20 | Global examples: 829760 | Avg Loss (last 1024 ex): 0.2537
2026-07-25 21:53:16,459 - INFO: [exp1_no_warmup] Epoch 15/20 | Global examples: 830784 | Avg Loss (last 1024 ex): 0.2574
2026-07-25 21:53:29,655 - INFO: [exp1_no_warmup] Epoch 15/20 | Global examples: 831808 | Avg Loss (last 1024 ex): 0.2679
2026-07-25 21:53:43,019 - INFO: [exp1_no_warmup] Epoch 15/20 | Global examples: 832832 | Avg Loss (last 1024 ex): 0.2576
2026-07-25 21:53:56,652 - INFO: [exp1_no_warmup] Epoch 15/20 | Global examples: 833856 | Avg Loss (last 1024 ex): 0.2525
2026-07-25 21:54:10,100 - INFO: [exp1_no_warmup] Epoch 15/20 | Global examples: 834880 | Avg Loss (last 1024 ex): 0.2755
2026-07-25 21:54:23,503 - INFO: [exp1_no_warmup] Epoch 15/20 | Global examples: 835904 | Avg Loss (last 1024 ex): 0.2618
2026-07-25 21:54:37,018 - INFO: [exp1_no_warmup] Epoch 15/20 | Global examples: 836928 | Avg Loss (last 1024 ex): 0.2637
2026-07-25 21:54:50,736 - INFO: [exp1_no_warmup] Epoch 15/20 | Global examples: 837952 | Avg Loss (last 1024 ex): 0.2553
2026-07-25 21:55:04,258 - INFO: [exp1_no_warmup] Epoch 15/20 | Global examples: 838976 | Avg Loss (last 1024 ex): 0.2585
2026-07-25 21:55:17,646 - INFO: [exp1_no_warmup] Epoch 15/20 | Global examples: 840000 | Avg Loss (last 1024 ex): 0.2508
2026-07-25 21:55:31,160 - INFO: [exp1_no_warmup] Epoch 15/20 | Global examples: 841024 | Avg Loss (last 1024 ex): 0.2560
2026-07-25 21:55:44,741 - INFO: [exp1_no_warmup] Epoch 15/20 | Global examples: 842048 | Avg Loss (last 1024 ex): 0.2631
2026-07-25 21:55:59,174 - INFO: [exp1_no_warmup] Epoch 15/20 | Global examples: 843072 | Avg Loss (last 1024 ex): 0.2771
2026-07-25 21:56:13,123 - INFO: [exp1_no_warmup] Epoch 15/20 | Global examples: 844096 | Avg Loss (last 1024 ex): 0.2560
2026-07-25 21:56:26,372 - INFO: [exp1_no_warmup] Epoch 15/20 | Global examples: 845120 | Avg Loss (last 1024 ex): 0.2594
2026-07-25 21:56:40,778 - INFO: [exp1_no_warmup] Epoch 15/20 | Global examples: 846144 | Avg Loss (last 1024 ex): 0.2707
2026-07-25 21:56:54,415 - INFO: [exp1_no_warmup] Epoch 15/20 | Global examples: 847168 | Avg Loss (last 1024 ex): 0.2467
2026-07-25 21:57:08,298 - INFO: [exp1_no_warmup] Epoch 15/20 | Global examples: 848192 | Avg Loss (last 1024 ex): 0.2487
2026-07-25 21:57:22,006 - INFO: [exp1_no_warmup] Epoch 15/20 | Global examples: 849216 | Avg Loss (last 1024 ex): 0.2634
2026-07-25 21:57:36,065 - INFO: [exp1_no_warmup] Epoch 15/20 | Global examples: 850240 | Avg Loss (last 1024 ex): 0.2634
2026-07-25 21:57:49,747 - INFO: [exp1_no_warmup] Epoch 15/20 | Global examples: 851264 | Avg Loss (last 1024 ex): 0.2803
2026-07-25 21:58:03,958 - INFO: [exp1_no_warmup] Epoch 15/20 | Global examples: 852288 | Avg Loss (last 1024 ex): 0.2690
2026-07-25 21:58:17,792 - INFO: [exp1_no_warmup] Epoch 15/20 | Global examples: 853312 | Avg Loss (last 1024 ex): 0.2563
2026-07-25 21:58:30,969 - INFO: [exp1_no_warmup] Epoch 15/20 | Global examples: 854336 | Avg Loss (last 1024 ex): 0.2581
2026-07-25 21:58:44,220 - INFO: [exp1_no_warmup] Epoch 15/20 | Global examples: 855360 | Avg Loss (last 1024 ex): 0.2734
2026-07-25 21:58:57,668 - INFO: [exp1_no_warmup] Epoch 15/20 | Global examples: 856384 | Avg Loss (last 1024 ex): 0.2650
2026-07-25 21:59:11,252 - INFO: [exp1_no_warmup] Epoch 15/20 | Global examples: 857408 | Avg Loss (last 1024 ex): 0.2687
2026-07-25 21:59:24,656 - INFO: [exp1_no_warmup] Epoch 15/20 | Global examples: 858432 | Avg Loss (last 1024 ex): 0.2774
2026-07-25 21:59:37,980 - INFO: [exp1_no_warmup] Epoch 15/20 | Global examples: 859456 | Avg Loss (last 1024 ex): 0.2609
2026-07-25 21:59:51,544 - INFO: [exp1_no_warmup] Epoch 15/20 | Global examples: 860480 | Avg Loss (last 1024 ex): 0.2583
2026-07-25 22:00:04,793 - INFO: [exp1_no_warmup] Epoch 15/20 | Global examples: 861504 | Avg Loss (last 1024 ex): 0.2684
2026-07-25 22:00:18,159 - INFO: [exp1_no_warmup] Epoch 15/20 | Global examples: 862528 | Avg Loss (last 1024 ex): 0.2598
2026-07-25 22:00:31,641 - INFO: [exp1_no_warmup] Epoch 15/20 | Global examples: 863552 | Avg Loss (last 1024 ex): 0.2634
2026-07-25 22:00:45,064 - INFO: [exp1_no_warmup] Epoch 15/20 | Global examples: 864576 | Avg Loss (last 1024 ex): 0.2529
2026-07-25 22:00:58,730 - INFO: [exp1_no_warmup] Epoch 15/20 | Global examples: 865600 | Avg Loss (last 1024 ex): 0.2642
2026-07-25 22:01:12,135 - INFO: [exp1_no_warmup] Epoch 15/20 | Global examples: 866624 | Avg Loss (last 1024 ex): 0.2524
2026-07-25 22:01:25,693 - INFO: [exp1_no_warmup] Epoch 15/20 | Global examples: 867648 | Avg Loss (last 1024 ex): 0.2720
2026-07-25 22:01:39,111 - INFO: [exp1_no_warmup] Epoch 15/20 | Global examples: 868672 | Avg Loss (last 1024 ex): 0.2575
2026-07-25 22:01:52,807 - INFO: [exp1_no_warmup] Epoch 15/20 | Global examples: 869696 | Avg Loss (last 1024 ex): 0.2696
2026-07-25 22:02:06,409 - INFO: [exp1_no_warmup] Epoch 15/20 | Global examples: 870720 | Avg Loss (last 1024 ex): 0.2628
2026-07-25 22:02:19,934 - INFO: [exp1_no_warmup] Epoch 15/20 | Global examples: 871744 | Avg Loss (last 1024 ex): 0.2695
2026-07-25 22:02:33,394 - INFO: [exp1_no_warmup] Epoch 15/20 | Global examples: 872768 | Avg Loss (last 1024 ex): 0.2461
2026-07-25 22:02:47,094 - INFO: [exp1_no_warmup] Epoch 15/20 | Global examples: 873792 | Avg Loss (last 1024 ex): 0.2684
2026-07-25 22:03:00,780 - INFO: [exp1_no_warmup] Epoch 15/20 | Global examples: 874816 | Avg Loss (last 1024 ex): 0.2703
2026-07-25 22:03:14,309 - INFO: [exp1_no_warmup] Epoch 15/20 | Global examples: 875840 | Avg Loss (last 1024 ex): 0.2596
2026-07-25 22:03:27,598 - INFO: [exp1_no_warmup] Epoch 15/20 | Global examples: 876864 | Avg Loss (last 1024 ex): 0.2523
2026-07-25 22:03:28,902 - INFO: [exp1_no_warmup] Epoch 15/20 | Global examples: 876960 | Avg Loss (last 96 ex): 0.2154
2026-07-25 22:03:31,142 - INFO: [exp1_no_warmup] Epoch 15 Val | Examples: 1024 | Avg Loss (last 1024 ex): 0.2154
2026-07-25 22:03:33,385 - INFO: [exp1_no_warmup] Epoch 15 Val | Examples: 2048 | Avg Loss (last 1024 ex): 0.2000
2026-07-25 22:03:35,672 - INFO: [exp1_no_warmup] Epoch 15 Val | Examples: 3072 | Avg Loss (last 1024 ex): 0.2081
2026-07-25 22:03:37,876 - INFO: [exp1_no_warmup] Epoch 15 Val | Examples: 4096 | Avg Loss (last 1024 ex): 0.2236
2026-07-25 22:03:39,978 - INFO: [exp1_no_warmup] Epoch 15 Val | Examples: 5120 | Avg Loss (last 1024 ex): 0.2228
2026-07-25 22:03:39,978 - INFO: [exp1_no_warmup] === Epoch 15 done | Train Loss: 0.2601 | Val Loss: 0.2140 | Time: 774.1s ===
2026-07-25 22:03:40,061 - INFO: [exp1_no_warmup] Model saved to C:/PythonProject/English2French/model/exp1_no_warmup_epoch15.pth
2026-07-25 22:03:54,722 - INFO: [exp1_no_warmup] Epoch 16/20 | Global examples: 877984 | Avg Loss (last 1024 ex): 0.2389
2026-07-25 22:04:08,404 - INFO: [exp1_no_warmup] Epoch 16/20 | Global examples: 879008 | Avg Loss (last 1024 ex): 0.2324
2026-07-25 22:04:21,869 - INFO: [exp1_no_warmup] Epoch 16/20 | Global examples: 880032 | Avg Loss (last 1024 ex): 0.2469
2026-07-25 22:04:35,498 - INFO: [exp1_no_warmup] Epoch 16/20 | Global examples: 881056 | Avg Loss (last 1024 ex): 0.2415
2026-07-25 22:04:49,086 - INFO: [exp1_no_warmup] Epoch 16/20 | Global examples: 882080 | Avg Loss (last 1024 ex): 0.2537
2026-07-25 22:05:02,626 - INFO: [exp1_no_warmup] Epoch 16/20 | Global examples: 883104 | Avg Loss (last 1024 ex): 0.2474
2026-07-25 22:05:15,770 - INFO: [exp1_no_warmup] Epoch 16/20 | Global examples: 884128 | Avg Loss (last 1024 ex): 0.2607
2026-07-25 22:05:29,245 - INFO: [exp1_no_warmup] Epoch 16/20 | Global examples: 885152 | Avg Loss (last 1024 ex): 0.2484
2026-07-25 22:05:42,719 - INFO: [exp1_no_warmup] Epoch 16/20 | Global examples: 886176 | Avg Loss (last 1024 ex): 0.2440
2026-07-25 22:05:56,494 - INFO: [exp1_no_warmup] Epoch 16/20 | Global examples: 887200 | Avg Loss (last 1024 ex): 0.2568
2026-07-25 22:06:11,015 - INFO: [exp1_no_warmup] Epoch 16/20 | Global examples: 888224 | Avg Loss (last 1024 ex): 0.2454
2026-07-25 22:06:25,133 - INFO: [exp1_no_warmup] Epoch 16/20 | Global examples: 889248 | Avg Loss (last 1024 ex): 0.2559
2026-07-25 22:06:39,760 - INFO: [exp1_no_warmup] Epoch 16/20 | Global examples: 890272 | Avg Loss (last 1024 ex): 0.2681
2026-07-25 22:06:53,989 - INFO: [exp1_no_warmup] Epoch 16/20 | Global examples: 891296 | Avg Loss (last 1024 ex): 0.2517
2026-07-25 22:07:08,234 - INFO: [exp1_no_warmup] Epoch 16/20 | Global examples: 892320 | Avg Loss (last 1024 ex): 0.2494
2026-07-25 22:07:21,783 - INFO: [exp1_no_warmup] Epoch 16/20 | Global examples: 893344 | Avg Loss (last 1024 ex): 0.2517
2026-07-25 22:07:35,468 - INFO: [exp1_no_warmup] Epoch 16/20 | Global examples: 894368 | Avg Loss (last 1024 ex): 0.2630
2026-07-25 22:07:49,286 - INFO: [exp1_no_warmup] Epoch 16/20 | Global examples: 895392 | Avg Loss (last 1024 ex): 0.2569
2026-07-25 22:08:02,721 - INFO: [exp1_no_warmup] Epoch 16/20 | Global examples: 896416 | Avg Loss (last 1024 ex): 0.2615
2026-07-25 22:08:15,785 - INFO: [exp1_no_warmup] Epoch 16/20 | Global examples: 897440 | Avg Loss (last 1024 ex): 0.2592
2026-07-25 22:08:29,500 - INFO: [exp1_no_warmup] Epoch 16/20 | Global examples: 898464 | Avg Loss (last 1024 ex): 0.2667
2026-07-25 22:08:43,269 - INFO: [exp1_no_warmup] Epoch 16/20 | Global examples: 899488 | Avg Loss (last 1024 ex): 0.2517
2026-07-25 22:08:56,812 - INFO: [exp1_no_warmup] Epoch 16/20 | Global examples: 900512 | Avg Loss (last 1024 ex): 0.2587
2026-07-25 22:09:10,713 - INFO: [exp1_no_warmup] Epoch 16/20 | Global examples: 901536 | Avg Loss (last 1024 ex): 0.2719
2026-07-25 22:09:24,519 - INFO: [exp1_no_warmup] Epoch 16/20 | Global examples: 902560 | Avg Loss (last 1024 ex): 0.2589
2026-07-25 22:09:38,120 - INFO: [exp1_no_warmup] Epoch 16/20 | Global examples: 903584 | Avg Loss (last 1024 ex): 0.2688
2026-07-25 22:09:51,453 - INFO: [exp1_no_warmup] Epoch 16/20 | Global examples: 904608 | Avg Loss (last 1024 ex): 0.2723
2026-07-25 22:10:04,726 - INFO: [exp1_no_warmup] Epoch 16/20 | Global examples: 905632 | Avg Loss (last 1024 ex): 0.2526
2026-07-25 22:10:18,535 - INFO: [exp1_no_warmup] Epoch 16/20 | Global examples: 906656 | Avg Loss (last 1024 ex): 0.2585
2026-07-25 22:10:32,244 - INFO: [exp1_no_warmup] Epoch 16/20 | Global examples: 907680 | Avg Loss (last 1024 ex): 0.2510
2026-07-25 22:10:45,888 - INFO: [exp1_no_warmup] Epoch 16/20 | Global examples: 908704 | Avg Loss (last 1024 ex): 0.2653
2026-07-25 22:10:59,833 - INFO: [exp1_no_warmup] Epoch 16/20 | Global examples: 909728 | Avg Loss (last 1024 ex): 0.2700
2026-07-25 22:11:13,392 - INFO: [exp1_no_warmup] Epoch 16/20 | Global examples: 910752 | Avg Loss (last 1024 ex): 0.2740
2026-07-25 22:11:27,058 - INFO: [exp1_no_warmup] Epoch 16/20 | Global examples: 911776 | Avg Loss (last 1024 ex): 0.2471
2026-07-25 22:11:40,510 - INFO: [exp1_no_warmup] Epoch 16/20 | Global examples: 912800 | Avg Loss (last 1024 ex): 0.2584
2026-07-25 22:11:54,062 - INFO: [exp1_no_warmup] Epoch 16/20 | Global examples: 913824 | Avg Loss (last 1024 ex): 0.2691
2026-07-25 22:12:07,778 - INFO: [exp1_no_warmup] Epoch 16/20 | Global examples: 914848 | Avg Loss (last 1024 ex): 0.2541
2026-07-25 22:12:21,349 - INFO: [exp1_no_warmup] Epoch 16/20 | Global examples: 915872 | Avg Loss (last 1024 ex): 0.2648
2026-07-25 22:12:34,997 - INFO: [exp1_no_warmup] Epoch 16/20 | Global examples: 916896 | Avg Loss (last 1024 ex): 0.2697
2026-07-25 22:12:48,917 - INFO: [exp1_no_warmup] Epoch 16/20 | Global examples: 917920 | Avg Loss (last 1024 ex): 0.2718
2026-07-25 22:13:04,278 - INFO: [exp1_no_warmup] Epoch 16/20 | Global examples: 918944 | Avg Loss (last 1024 ex): 0.2480
2026-07-25 22:13:18,364 - INFO: [exp1_no_warmup] Epoch 16/20 | Global examples: 919968 | Avg Loss (last 1024 ex): 0.2625
2026-07-25 22:13:31,932 - INFO: [exp1_no_warmup] Epoch 16/20 | Global examples: 920992 | Avg Loss (last 1024 ex): 0.2597
2026-07-25 22:13:45,832 - INFO: [exp1_no_warmup] Epoch 16/20 | Global examples: 922016 | Avg Loss (last 1024 ex): 0.2556
2026-07-25 22:13:59,310 - INFO: [exp1_no_warmup] Epoch 16/20 | Global examples: 923040 | Avg Loss (last 1024 ex): 0.2659
2026-07-25 22:14:12,503 - INFO: [exp1_no_warmup] Epoch 16/20 | Global examples: 924064 | Avg Loss (last 1024 ex): 0.2636
2026-07-25 22:14:26,150 - INFO: [exp1_no_warmup] Epoch 16/20 | Global examples: 925088 | Avg Loss (last 1024 ex): 0.2735
2026-07-25 22:14:39,915 - INFO: [exp1_no_warmup] Epoch 16/20 | Global examples: 926112 | Avg Loss (last 1024 ex): 0.2633
2026-07-25 22:14:53,579 - INFO: [exp1_no_warmup] Epoch 16/20 | Global examples: 927136 | Avg Loss (last 1024 ex): 0.2555
2026-07-25 22:15:06,732 - INFO: [exp1_no_warmup] Epoch 16/20 | Global examples: 928160 | Avg Loss (last 1024 ex): 0.2718
2026-07-25 22:15:20,523 - INFO: [exp1_no_warmup] Epoch 16/20 | Global examples: 929184 | Avg Loss (last 1024 ex): 0.2524
2026-07-25 22:15:34,076 - INFO: [exp1_no_warmup] Epoch 16/20 | Global examples: 930208 | Avg Loss (last 1024 ex): 0.2449
2026-07-25 22:15:48,001 - INFO: [exp1_no_warmup] Epoch 16/20 | Global examples: 931232 | Avg Loss (last 1024 ex): 0.2748
2026-07-25 22:16:01,618 - INFO: [exp1_no_warmup] Epoch 16/20 | Global examples: 932256 | Avg Loss (last 1024 ex): 0.2658
2026-07-25 22:16:15,483 - INFO: [exp1_no_warmup] Epoch 16/20 | Global examples: 933280 | Avg Loss (last 1024 ex): 0.2702
2026-07-25 22:16:29,262 - INFO: [exp1_no_warmup] Epoch 16/20 | Global examples: 934304 | Avg Loss (last 1024 ex): 0.2853
2026-07-25 22:16:43,062 - INFO: [exp1_no_warmup] Epoch 16/20 | Global examples: 935328 | Avg Loss (last 1024 ex): 0.2774
2026-07-25 22:16:44,396 - INFO: [exp1_no_warmup] Epoch 16/20 | Global examples: 935424 | Avg Loss (last 96 ex): 0.2867
2026-07-25 22:16:46,678 - INFO: [exp1_no_warmup] Epoch 16 Val | Examples: 1024 | Avg Loss (last 1024 ex): 0.2193
2026-07-25 22:16:48,940 - INFO: [exp1_no_warmup] Epoch 16 Val | Examples: 2048 | Avg Loss (last 1024 ex): 0.1960
2026-07-25 22:16:51,151 - INFO: [exp1_no_warmup] Epoch 16 Val | Examples: 3072 | Avg Loss (last 1024 ex): 0.2012
2026-07-25 22:16:53,385 - INFO: [exp1_no_warmup] Epoch 16 Val | Examples: 4096 | Avg Loss (last 1024 ex): 0.2098
2026-07-25 22:16:55,751 - INFO: [exp1_no_warmup] Epoch 16 Val | Examples: 5120 | Avg Loss (last 1024 ex): 0.2150
2026-07-25 22:16:55,751 - INFO: [exp1_no_warmup] === Epoch 16 done | Train Loss: 0.2593 | Val Loss: 0.2082 | Time: 784.3s ===
2026-07-25 22:16:55,818 - INFO: [exp1_no_warmup] Model saved to C:/PythonProject/English2French/model/exp1_no_warmup_epoch16.pth
2026-07-25 22:17:10,827 - INFO: [exp1_no_warmup] Epoch 17/20 | Global examples: 936448 | Avg Loss (last 1024 ex): 0.2417
2026-07-25 22:17:24,526 - INFO: [exp1_no_warmup] Epoch 17/20 | Global examples: 937472 | Avg Loss (last 1024 ex): 0.2371
2026-07-25 22:17:38,335 - INFO: [exp1_no_warmup] Epoch 17/20 | Global examples: 938496 | Avg Loss (last 1024 ex): 0.2294
2026-07-25 22:17:51,816 - INFO: [exp1_no_warmup] Epoch 17/20 | Global examples: 939520 | Avg Loss (last 1024 ex): 0.2347
2026-07-25 22:18:05,504 - INFO: [exp1_no_warmup] Epoch 17/20 | Global examples: 940544 | Avg Loss (last 1024 ex): 0.2384
2026-07-25 22:18:19,453 - INFO: [exp1_no_warmup] Epoch 17/20 | Global examples: 941568 | Avg Loss (last 1024 ex): 0.2413
2026-07-25 22:18:33,227 - INFO: [exp1_no_warmup] Epoch 17/20 | Global examples: 942592 | Avg Loss (last 1024 ex): 0.2390
2026-07-25 22:18:47,093 - INFO: [exp1_no_warmup] Epoch 17/20 | Global examples: 943616 | Avg Loss (last 1024 ex): 0.2450
2026-07-25 22:19:01,029 - INFO: [exp1_no_warmup] Epoch 17/20 | Global examples: 944640 | Avg Loss (last 1024 ex): 0.2586
2026-07-25 22:19:14,754 - INFO: [exp1_no_warmup] Epoch 17/20 | Global examples: 945664 | Avg Loss (last 1024 ex): 0.2480
2026-07-25 22:19:28,137 - INFO: [exp1_no_warmup] Epoch 17/20 | Global examples: 946688 | Avg Loss (last 1024 ex): 0.2595
2026-07-25 22:19:42,037 - INFO: [exp1_no_warmup] Epoch 17/20 | Global examples: 947712 | Avg Loss (last 1024 ex): 0.2444
2026-07-25 22:19:55,323 - INFO: [exp1_no_warmup] Epoch 17/20 | Global examples: 948736 | Avg Loss (last 1024 ex): 0.2592
2026-07-25 22:20:09,056 - INFO: [exp1_no_warmup] Epoch 17/20 | Global examples: 949760 | Avg Loss (last 1024 ex): 0.2619
2026-07-25 22:20:22,840 - INFO: [exp1_no_warmup] Epoch 17/20 | Global examples: 950784 | Avg Loss (last 1024 ex): 0.2277
2026-07-25 22:20:36,554 - INFO: [exp1_no_warmup] Epoch 17/20 | Global examples: 951808 | Avg Loss (last 1024 ex): 0.2596
2026-07-25 22:20:50,474 - INFO: [exp1_no_warmup] Epoch 17/20 | Global examples: 952832 | Avg Loss (last 1024 ex): 0.2681
2026-07-25 22:21:03,840 - INFO: [exp1_no_warmup] Epoch 17/20 | Global examples: 953856 | Avg Loss (last 1024 ex): 0.2603
2026-07-25 22:21:17,674 - INFO: [exp1_no_warmup] Epoch 17/20 | Global examples: 954880 | Avg Loss (last 1024 ex): 0.2487
2026-07-25 22:21:31,610 - INFO: [exp1_no_warmup] Epoch 17/20 | Global examples: 955904 | Avg Loss (last 1024 ex): 0.2545
2026-07-25 22:21:45,478 - INFO: [exp1_no_warmup] Epoch 17/20 | Global examples: 956928 | Avg Loss (last 1024 ex): 0.2435
2026-07-25 22:21:59,193 - INFO: [exp1_no_warmup] Epoch 17/20 | Global examples: 957952 | Avg Loss (last 1024 ex): 0.2558
2026-07-25 22:22:12,755 - INFO: [exp1_no_warmup] Epoch 17/20 | Global examples: 958976 | Avg Loss (last 1024 ex): 0.2596
2026-07-25 22:22:26,613 - INFO: [exp1_no_warmup] Epoch 17/20 | Global examples: 960000 | Avg Loss (last 1024 ex): 0.2447
2026-07-25 22:22:40,581 - INFO: [exp1_no_warmup] Epoch 17/20 | Global examples: 961024 | Avg Loss (last 1024 ex): 0.2456
2026-07-25 22:22:54,376 - INFO: [exp1_no_warmup] Epoch 17/20 | Global examples: 962048 | Avg Loss (last 1024 ex): 0.2645
2026-07-25 22:23:08,089 - INFO: [exp1_no_warmup] Epoch 17/20 | Global examples: 963072 | Avg Loss (last 1024 ex): 0.2552
2026-07-25 22:23:22,136 - INFO: [exp1_no_warmup] Epoch 17/20 | Global examples: 964096 | Avg Loss (last 1024 ex): 0.2620
2026-07-25 22:23:35,716 - INFO: [exp1_no_warmup] Epoch 17/20 | Global examples: 965120 | Avg Loss (last 1024 ex): 0.2546
2026-07-25 22:23:49,203 - INFO: [exp1_no_warmup] Epoch 17/20 | Global examples: 966144 | Avg Loss (last 1024 ex): 0.2633
2026-07-25 22:24:03,077 - INFO: [exp1_no_warmup] Epoch 17/20 | Global examples: 967168 | Avg Loss (last 1024 ex): 0.2546
2026-07-25 22:24:17,075 - INFO: [exp1_no_warmup] Epoch 17/20 | Global examples: 968192 | Avg Loss (last 1024 ex): 0.2366
2026-07-25 22:24:30,855 - INFO: [exp1_no_warmup] Epoch 17/20 | Global examples: 969216 | Avg Loss (last 1024 ex): 0.2459
2026-07-25 22:24:44,901 - INFO: [exp1_no_warmup] Epoch 17/20 | Global examples: 970240 | Avg Loss (last 1024 ex): 0.2518
2026-07-25 22:24:58,898 - INFO: [exp1_no_warmup] Epoch 17/20 | Global examples: 971264 | Avg Loss (last 1024 ex): 0.2584
2026-07-25 22:25:12,797 - INFO: [exp1_no_warmup] Epoch 17/20 | Global examples: 972288 | Avg Loss (last 1024 ex): 0.2551
2026-07-25 22:25:26,268 - INFO: [exp1_no_warmup] Epoch 17/20 | Global examples: 973312 | Avg Loss (last 1024 ex): 0.2739
2026-07-25 22:25:40,292 - INFO: [exp1_no_warmup] Epoch 17/20 | Global examples: 974336 | Avg Loss (last 1024 ex): 0.2663
2026-07-25 22:25:55,049 - INFO: [exp1_no_warmup] Epoch 17/20 | Global examples: 975360 | Avg Loss (last 1024 ex): 0.2523
2026-07-25 22:26:09,761 - INFO: [exp1_no_warmup] Epoch 17/20 | Global examples: 976384 | Avg Loss (last 1024 ex): 0.2564
2026-07-25 22:26:23,121 - INFO: [exp1_no_warmup] Epoch 17/20 | Global examples: 977408 | Avg Loss (last 1024 ex): 0.2546
2026-07-25 22:26:37,386 - INFO: [exp1_no_warmup] Epoch 17/20 | Global examples: 978432 | Avg Loss (last 1024 ex): 0.2489
2026-07-25 22:26:51,369 - INFO: [exp1_no_warmup] Epoch 17/20 | Global examples: 979456 | Avg Loss (last 1024 ex): 0.2674
2026-07-25 22:27:05,202 - INFO: [exp1_no_warmup] Epoch 17/20 | Global examples: 980480 | Avg Loss (last 1024 ex): 0.2492
2026-07-25 22:27:19,103 - INFO: [exp1_no_warmup] Epoch 17/20 | Global examples: 981504 | Avg Loss (last 1024 ex): 0.2661
2026-07-25 22:27:32,969 - INFO: [exp1_no_warmup] Epoch 17/20 | Global examples: 982528 | Avg Loss (last 1024 ex): 0.2557
2026-07-25 22:27:46,896 - INFO: [exp1_no_warmup] Epoch 17/20 | Global examples: 983552 | Avg Loss (last 1024 ex): 0.2610
2026-07-25 22:28:00,716 - INFO: [exp1_no_warmup] Epoch 17/20 | Global examples: 984576 | Avg Loss (last 1024 ex): 0.2561
2026-07-25 22:28:14,849 - INFO: [exp1_no_warmup] Epoch 17/20 | Global examples: 985600 | Avg Loss (last 1024 ex): 0.2571
2026-07-25 22:28:28,720 - INFO: [exp1_no_warmup] Epoch 17/20 | Global examples: 986624 | Avg Loss (last 1024 ex): 0.2673
2026-07-25 22:28:42,917 - INFO: [exp1_no_warmup] Epoch 17/20 | Global examples: 987648 | Avg Loss (last 1024 ex): 0.2558
2026-07-25 22:28:57,411 - INFO: [exp1_no_warmup] Epoch 17/20 | Global examples: 988672 | Avg Loss (last 1024 ex): 0.2775
2026-07-25 22:29:11,414 - INFO: [exp1_no_warmup] Epoch 17/20 | Global examples: 989696 | Avg Loss (last 1024 ex): 0.2524
2026-07-25 22:29:25,307 - INFO: [exp1_no_warmup] Epoch 17/20 | Global examples: 990720 | Avg Loss (last 1024 ex): 0.2396
2026-07-25 22:29:39,183 - INFO: [exp1_no_warmup] Epoch 17/20 | Global examples: 991744 | Avg Loss (last 1024 ex): 0.2502
2026-07-25 22:29:53,039 - INFO: [exp1_no_warmup] Epoch 17/20 | Global examples: 992768 | Avg Loss (last 1024 ex): 0.2649
2026-07-25 22:30:07,245 - INFO: [exp1_no_warmup] Epoch 17/20 | Global examples: 993792 | Avg Loss (last 1024 ex): 0.2772
2026-07-25 22:30:08,572 - INFO: [exp1_no_warmup] Epoch 17/20 | Global examples: 993888 | Avg Loss (last 96 ex): 0.2158
2026-07-25 22:30:10,986 - INFO: [exp1_no_warmup] Epoch 17 Val | Examples: 1024 | Avg Loss (last 1024 ex): 0.2171
2026-07-25 22:30:13,288 - INFO: [exp1_no_warmup] Epoch 17 Val | Examples: 2048 | Avg Loss (last 1024 ex): 0.1888
2026-07-25 22:30:15,622 - INFO: [exp1_no_warmup] Epoch 17 Val | Examples: 3072 | Avg Loss (last 1024 ex): 0.1917
2026-07-25 22:30:17,889 - INFO: [exp1_no_warmup] Epoch 17 Val | Examples: 4096 | Avg Loss (last 1024 ex): 0.2127
2026-07-25 22:30:20,106 - INFO: [exp1_no_warmup] Epoch 17 Val | Examples: 5120 | Avg Loss (last 1024 ex): 0.2030
2026-07-25 22:30:20,106 - INFO: [exp1_no_warmup] === Epoch 17 done | Train Loss: 0.2536 | Val Loss: 0.2027 | Time: 792.8s ===
2026-07-25 22:30:20,160 - INFO: [exp1_no_warmup] Model saved to C:/PythonProject/English2French/model/exp1_no_warmup_epoch17.pth
2026-07-25 22:30:35,332 - INFO: [exp1_no_warmup] Epoch 18/20 | Global examples: 994912 | Avg Loss (last 1024 ex): 0.2187
2026-07-25 22:30:49,160 - INFO: [exp1_no_warmup] Epoch 18/20 | Global examples: 995936 | Avg Loss (last 1024 ex): 0.2328
2026-07-25 22:31:03,439 - INFO: [exp1_no_warmup] Epoch 18/20 | Global examples: 996960 | Avg Loss (last 1024 ex): 0.2269
2026-07-25 22:31:17,746 - INFO: [exp1_no_warmup] Epoch 18/20 | Global examples: 997984 | Avg Loss (last 1024 ex): 0.2172
2026-07-25 22:31:31,571 - INFO: [exp1_no_warmup] Epoch 18/20 | Global examples: 999008 | Avg Loss (last 1024 ex): 0.2334
2026-07-25 22:31:45,785 - INFO: [exp1_no_warmup] Epoch 18/20 | Global examples: 1000032 | Avg Loss (last 1024 ex): 0.2415
2026-07-25 22:31:59,998 - INFO: [exp1_no_warmup] Epoch 18/20 | Global examples: 1001056 | Avg Loss (last 1024 ex): 0.2562
2026-07-25 22:32:13,514 - INFO: [exp1_no_warmup] Epoch 18/20 | Global examples: 1002080 | Avg Loss (last 1024 ex): 0.2336
2026-07-25 22:32:26,811 - INFO: [exp1_no_warmup] Epoch 18/20 | Global examples: 1003104 | Avg Loss (last 1024 ex): 0.2427
2026-07-25 22:32:41,116 - INFO: [exp1_no_warmup] Epoch 18/20 | Global examples: 1004128 | Avg Loss (last 1024 ex): 0.2381
2026-07-25 22:32:55,214 - INFO: [exp1_no_warmup] Epoch 18/20 | Global examples: 1005152 | Avg Loss (last 1024 ex): 0.2443
2026-07-25 22:33:08,858 - INFO: [exp1_no_warmup] Epoch 18/20 | Global examples: 1006176 | Avg Loss (last 1024 ex): 0.2346
2026-07-25 22:33:22,920 - INFO: [exp1_no_warmup] Epoch 18/20 | Global examples: 1007200 | Avg Loss (last 1024 ex): 0.2412
2026-07-25 22:33:37,166 - INFO: [exp1_no_warmup] Epoch 18/20 | Global examples: 1008224 | Avg Loss (last 1024 ex): 0.2347
2026-07-25 22:33:50,850 - INFO: [exp1_no_warmup] Epoch 18/20 | Global examples: 1009248 | Avg Loss (last 1024 ex): 0.2388
2026-07-25 22:34:04,789 - INFO: [exp1_no_warmup] Epoch 18/20 | Global examples: 1010272 | Avg Loss (last 1024 ex): 0.2342
2026-07-25 22:34:18,982 - INFO: [exp1_no_warmup] Epoch 18/20 | Global examples: 1011296 | Avg Loss (last 1024 ex): 0.2400
2026-07-25 22:34:33,470 - INFO: [exp1_no_warmup] Epoch 18/20 | Global examples: 1012320 | Avg Loss (last 1024 ex): 0.2436
2026-07-25 22:34:47,622 - INFO: [exp1_no_warmup] Epoch 18/20 | Global examples: 1013344 | Avg Loss (last 1024 ex): 0.2417
2026-07-25 22:35:01,629 - INFO: [exp1_no_warmup] Epoch 18/20 | Global examples: 1014368 | Avg Loss (last 1024 ex): 0.2629
2026-07-25 22:35:15,689 - INFO: [exp1_no_warmup] Epoch 18/20 | Global examples: 1015392 | Avg Loss (last 1024 ex): 0.2371
2026-07-25 22:35:29,794 - INFO: [exp1_no_warmup] Epoch 18/20 | Global examples: 1016416 | Avg Loss (last 1024 ex): 0.2432
2026-07-25 22:35:44,635 - INFO: [exp1_no_warmup] Epoch 18/20 | Global examples: 1017440 | Avg Loss (last 1024 ex): 0.2481
2026-07-25 22:35:58,818 - INFO: [exp1_no_warmup] Epoch 18/20 | Global examples: 1018464 | Avg Loss (last 1024 ex): 0.2364
2026-07-25 22:36:13,497 - INFO: [exp1_no_warmup] Epoch 18/20 | Global examples: 1019488 | Avg Loss (last 1024 ex): 0.2575
2026-07-25 22:36:28,412 - INFO: [exp1_no_warmup] Epoch 18/20 | Global examples: 1020512 | Avg Loss (last 1024 ex): 0.2689
2026-07-25 22:36:42,498 - INFO: [exp1_no_warmup] Epoch 18/20 | Global examples: 1021536 | Avg Loss (last 1024 ex): 0.2449
2026-07-25 22:36:57,823 - INFO: [exp1_no_warmup] Epoch 18/20 | Global examples: 1022560 | Avg Loss (last 1024 ex): 0.2559
2026-07-25 22:37:12,532 - INFO: [exp1_no_warmup] Epoch 18/20 | Global examples: 1023584 | Avg Loss (last 1024 ex): 0.2634
2026-07-25 22:37:26,711 - INFO: [exp1_no_warmup] Epoch 18/20 | Global examples: 1024608 | Avg Loss (last 1024 ex): 0.2531
2026-07-25 22:37:41,056 - INFO: [exp1_no_warmup] Epoch 18/20 | Global examples: 1025632 | Avg Loss (last 1024 ex): 0.2627
2026-07-25 22:37:55,407 - INFO: [exp1_no_warmup] Epoch 18/20 | Global examples: 1026656 | Avg Loss (last 1024 ex): 0.2510
2026-07-25 22:38:09,287 - INFO: [exp1_no_warmup] Epoch 18/20 | Global examples: 1027680 | Avg Loss (last 1024 ex): 0.2477
2026-07-25 22:38:23,294 - INFO: [exp1_no_warmup] Epoch 18/20 | Global examples: 1028704 | Avg Loss (last 1024 ex): 0.2596
2026-07-25 22:38:37,771 - INFO: [exp1_no_warmup] Epoch 18/20 | Global examples: 1029728 | Avg Loss (last 1024 ex): 0.2788
2026-07-25 22:38:52,502 - INFO: [exp1_no_warmup] Epoch 18/20 | Global examples: 1030752 | Avg Loss (last 1024 ex): 0.2418
2026-07-25 22:39:06,651 - INFO: [exp1_no_warmup] Epoch 18/20 | Global examples: 1031776 | Avg Loss (last 1024 ex): 0.2536
2026-07-25 22:39:20,631 - INFO: [exp1_no_warmup] Epoch 18/20 | Global examples: 1032800 | Avg Loss (last 1024 ex): 0.2621
2026-07-25 22:39:34,738 - INFO: [exp1_no_warmup] Epoch 18/20 | Global examples: 1033824 | Avg Loss (last 1024 ex): 0.2446
2026-07-25 22:39:48,904 - INFO: [exp1_no_warmup] Epoch 18/20 | Global examples: 1034848 | Avg Loss (last 1024 ex): 0.2684
2026-07-25 22:40:02,765 - INFO: [exp1_no_warmup] Epoch 18/20 | Global examples: 1035872 | Avg Loss (last 1024 ex): 0.2685
2026-07-25 22:40:17,010 - INFO: [exp1_no_warmup] Epoch 18/20 | Global examples: 1036896 | Avg Loss (last 1024 ex): 0.2523
2026-07-25 22:40:31,268 - INFO: [exp1_no_warmup] Epoch 18/20 | Global examples: 1037920 | Avg Loss (last 1024 ex): 0.2739
2026-07-25 22:40:45,281 - INFO: [exp1_no_warmup] Epoch 18/20 | Global examples: 1038944 | Avg Loss (last 1024 ex): 0.2697
2026-07-25 22:40:59,310 - INFO: [exp1_no_warmup] Epoch 18/20 | Global examples: 1039968 | Avg Loss (last 1024 ex): 0.2492
2026-07-25 22:41:13,832 - INFO: [exp1_no_warmup] Epoch 18/20 | Global examples: 1040992 | Avg Loss (last 1024 ex): 0.2597
2026-07-25 22:41:28,340 - INFO: [exp1_no_warmup] Epoch 18/20 | Global examples: 1042016 | Avg Loss (last 1024 ex): 0.2551
2026-07-25 22:41:42,363 - INFO: [exp1_no_warmup] Epoch 18/20 | Global examples: 1043040 | Avg Loss (last 1024 ex): 0.2594
2026-07-25 22:41:56,330 - INFO: [exp1_no_warmup] Epoch 18/20 | Global examples: 1044064 | Avg Loss (last 1024 ex): 0.2626
2026-07-25 22:42:10,310 - INFO: [exp1_no_warmup] Epoch 18/20 | Global examples: 1045088 | Avg Loss (last 1024 ex): 0.2648
2026-07-25 22:42:24,452 - INFO: [exp1_no_warmup] Epoch 18/20 | Global examples: 1046112 | Avg Loss (last 1024 ex): 0.2595
2026-07-25 22:42:38,424 - INFO: [exp1_no_warmup] Epoch 18/20 | Global examples: 1047136 | Avg Loss (last 1024 ex): 0.2409
2026-07-25 22:42:52,660 - INFO: [exp1_no_warmup] Epoch 18/20 | Global examples: 1048160 | Avg Loss (last 1024 ex): 0.2724
2026-07-25 22:43:06,950 - INFO: [exp1_no_warmup] Epoch 18/20 | Global examples: 1049184 | Avg Loss (last 1024 ex): 0.2634
2026-07-25 22:43:21,042 - INFO: [exp1_no_warmup] Epoch 18/20 | Global examples: 1050208 | Avg Loss (last 1024 ex): 0.2545
2026-07-25 22:43:34,860 - INFO: [exp1_no_warmup] Epoch 18/20 | Global examples: 1051232 | Avg Loss (last 1024 ex): 0.2565
2026-07-25 22:43:48,943 - INFO: [exp1_no_warmup] Epoch 18/20 | Global examples: 1052256 | Avg Loss (last 1024 ex): 0.2465
2026-07-25 22:43:50,285 - INFO: [exp1_no_warmup] Epoch 18/20 | Global examples: 1052352 | Avg Loss (last 96 ex): 0.1947
2026-07-25 22:43:52,685 - INFO: [exp1_no_warmup] Epoch 18 Val | Examples: 1024 | Avg Loss (last 1024 ex): 0.2262
2026-07-25 22:43:54,998 - INFO: [exp1_no_warmup] Epoch 18 Val | Examples: 2048 | Avg Loss (last 1024 ex): 0.1983
2026-07-25 22:43:57,215 - INFO: [exp1_no_warmup] Epoch 18 Val | Examples: 3072 | Avg Loss (last 1024 ex): 0.1913
2026-07-25 22:43:59,546 - INFO: [exp1_no_warmup] Epoch 18 Val | Examples: 4096 | Avg Loss (last 1024 ex): 0.2078
2026-07-25 22:44:01,930 - INFO: [exp1_no_warmup] Epoch 18 Val | Examples: 5120 | Avg Loss (last 1024 ex): 0.2128
2026-07-25 22:44:01,930 - INFO: [exp1_no_warmup] === Epoch 18 done | Train Loss: 0.2498 | Val Loss: 0.2073 | Time: 810.1s ===
2026-07-25 22:44:02,000 - INFO: [exp1_no_warmup] Model saved to C:/PythonProject/English2French/model/exp1_no_warmup_epoch18.pth
2026-07-25 22:44:17,103 - INFO: [exp1_no_warmup] Epoch 19/20 | Global examples: 1053376 | Avg Loss (last 1024 ex): 0.2191
2026-07-25 22:44:31,058 - INFO: [exp1_no_warmup] Epoch 19/20 | Global examples: 1054400 | Avg Loss (last 1024 ex): 0.2203
2026-07-25 22:44:45,568 - INFO: [exp1_no_warmup] Epoch 19/20 | Global examples: 1055424 | Avg Loss (last 1024 ex): 0.2351
2026-07-25 22:44:59,417 - INFO: [exp1_no_warmup] Epoch 19/20 | Global examples: 1056448 | Avg Loss (last 1024 ex): 0.2270
2026-07-25 22:45:13,343 - INFO: [exp1_no_warmup] Epoch 19/20 | Global examples: 1057472 | Avg Loss (last 1024 ex): 0.2413
2026-07-25 22:45:27,649 - INFO: [exp1_no_warmup] Epoch 19/20 | Global examples: 1058496 | Avg Loss (last 1024 ex): 0.2427
2026-07-25 22:45:41,731 - INFO: [exp1_no_warmup] Epoch 19/20 | Global examples: 1059520 | Avg Loss (last 1024 ex): 0.2332
2026-07-25 22:45:55,708 - INFO: [exp1_no_warmup] Epoch 19/20 | Global examples: 1060544 | Avg Loss (last 1024 ex): 0.2461
2026-07-25 22:46:09,992 - INFO: [exp1_no_warmup] Epoch 19/20 | Global examples: 1061568 | Avg Loss (last 1024 ex): 0.2441
2026-07-25 22:46:24,779 - INFO: [exp1_no_warmup] Epoch 19/20 | Global examples: 1062592 | Avg Loss (last 1024 ex): 0.2436
2026-07-25 22:46:39,598 - INFO: [exp1_no_warmup] Epoch 19/20 | Global examples: 1063616 | Avg Loss (last 1024 ex): 0.2426
2026-07-25 22:46:54,344 - INFO: [exp1_no_warmup] Epoch 19/20 | Global examples: 1064640 | Avg Loss (last 1024 ex): 0.2466
2026-07-25 22:47:09,456 - INFO: [exp1_no_warmup] Epoch 19/20 | Global examples: 1065664 | Avg Loss (last 1024 ex): 0.2474
2026-07-25 22:47:24,630 - INFO: [exp1_no_warmup] Epoch 19/20 | Global examples: 1066688 | Avg Loss (last 1024 ex): 0.2400
2026-07-25 22:47:39,239 - INFO: [exp1_no_warmup] Epoch 19/20 | Global examples: 1067712 | Avg Loss (last 1024 ex): 0.2392
2026-07-25 22:47:53,898 - INFO: [exp1_no_warmup] Epoch 19/20 | Global examples: 1068736 | Avg Loss (last 1024 ex): 0.2480
2026-07-25 22:48:08,957 - INFO: [exp1_no_warmup] Epoch 19/20 | Global examples: 1069760 | Avg Loss (last 1024 ex): 0.2483
2026-07-25 22:48:23,298 - INFO: [exp1_no_warmup] Epoch 19/20 | Global examples: 1070784 | Avg Loss (last 1024 ex): 0.2334
2026-07-25 22:48:37,276 - INFO: [exp1_no_warmup] Epoch 19/20 | Global examples: 1071808 | Avg Loss (last 1024 ex): 0.2573
2026-07-25 22:48:51,531 - INFO: [exp1_no_warmup] Epoch 19/20 | Global examples: 1072832 | Avg Loss (last 1024 ex): 0.2423
2026-07-25 22:49:05,806 - INFO: [exp1_no_warmup] Epoch 19/20 | Global examples: 1073856 | Avg Loss (last 1024 ex): 0.2483
2026-07-25 22:49:20,074 - INFO: [exp1_no_warmup] Epoch 19/20 | Global examples: 1074880 | Avg Loss (last 1024 ex): 0.2572
2026-07-25 22:49:33,663 - INFO: [exp1_no_warmup] Epoch 19/20 | Global examples: 1075904 | Avg Loss (last 1024 ex): 0.2443
2026-07-25 22:49:47,864 - INFO: [exp1_no_warmup] Epoch 19/20 | Global examples: 1076928 | Avg Loss (last 1024 ex): 0.2509
2026-07-25 22:50:02,163 - INFO: [exp1_no_warmup] Epoch 19/20 | Global examples: 1077952 | Avg Loss (last 1024 ex): 0.2408
2026-07-25 22:50:16,417 - INFO: [exp1_no_warmup] Epoch 19/20 | Global examples: 1078976 | Avg Loss (last 1024 ex): 0.2608
2026-07-25 22:50:30,234 - INFO: [exp1_no_warmup] Epoch 19/20 | Global examples: 1080000 | Avg Loss (last 1024 ex): 0.2558
2026-07-25 22:50:44,365 - INFO: [exp1_no_warmup] Epoch 19/20 | Global examples: 1081024 | Avg Loss (last 1024 ex): 0.2542
2026-07-25 22:50:58,582 - INFO: [exp1_no_warmup] Epoch 19/20 | Global examples: 1082048 | Avg Loss (last 1024 ex): 0.2422
2026-07-25 22:51:13,216 - INFO: [exp1_no_warmup] Epoch 19/20 | Global examples: 1083072 | Avg Loss (last 1024 ex): 0.2502
2026-07-25 22:51:27,768 - INFO: [exp1_no_warmup] Epoch 19/20 | Global examples: 1084096 | Avg Loss (last 1024 ex): 0.2452
2026-07-25 22:51:42,215 - INFO: [exp1_no_warmup] Epoch 19/20 | Global examples: 1085120 | Avg Loss (last 1024 ex): 0.2433
2026-07-25 22:51:56,901 - INFO: [exp1_no_warmup] Epoch 19/20 | Global examples: 1086144 | Avg Loss (last 1024 ex): 0.2510
2026-07-25 22:52:11,077 - INFO: [exp1_no_warmup] Epoch 19/20 | Global examples: 1087168 | Avg Loss (last 1024 ex): 0.2532
2026-07-25 22:52:25,229 - INFO: [exp1_no_warmup] Epoch 19/20 | Global examples: 1088192 | Avg Loss (last 1024 ex): 0.2401
2026-07-25 22:52:39,376 - INFO: [exp1_no_warmup] Epoch 19/20 | Global examples: 1089216 | Avg Loss (last 1024 ex): 0.2571
2026-07-25 22:52:53,011 - INFO: [exp1_no_warmup] Epoch 19/20 | Global examples: 1090240 | Avg Loss (last 1024 ex): 0.2480
2026-07-25 22:53:06,523 - INFO: [exp1_no_warmup] Epoch 19/20 | Global examples: 1091264 | Avg Loss (last 1024 ex): 0.2511
2026-07-25 22:53:20,183 - INFO: [exp1_no_warmup] Epoch 19/20 | Global examples: 1092288 | Avg Loss (last 1024 ex): 0.2473
2026-07-25 22:53:33,807 - INFO: [exp1_no_warmup] Epoch 19/20 | Global examples: 1093312 | Avg Loss (last 1024 ex): 0.2436
2026-07-25 22:53:47,273 - INFO: [exp1_no_warmup] Epoch 19/20 | Global examples: 1094336 | Avg Loss (last 1024 ex): 0.2447
2026-07-25 22:54:00,898 - INFO: [exp1_no_warmup] Epoch 19/20 | Global examples: 1095360 | Avg Loss (last 1024 ex): 0.2568
2026-07-25 22:54:14,581 - INFO: [exp1_no_warmup] Epoch 19/20 | Global examples: 1096384 | Avg Loss (last 1024 ex): 0.2480
2026-07-25 22:54:28,090 - INFO: [exp1_no_warmup] Epoch 19/20 | Global examples: 1097408 | Avg Loss (last 1024 ex): 0.2452
2026-07-25 22:54:41,282 - INFO: [exp1_no_warmup] Epoch 19/20 | Global examples: 1098432 | Avg Loss (last 1024 ex): 0.2429
2026-07-25 22:54:54,974 - INFO: [exp1_no_warmup] Epoch 19/20 | Global examples: 1099456 | Avg Loss (last 1024 ex): 0.2411
2026-07-25 22:55:08,821 - INFO: [exp1_no_warmup] Epoch 19/20 | Global examples: 1100480 | Avg Loss (last 1024 ex): 0.2636
2026-07-25 22:55:22,371 - INFO: [exp1_no_warmup] Epoch 19/20 | Global examples: 1101504 | Avg Loss (last 1024 ex): 0.2522
2026-07-25 22:55:35,761 - INFO: [exp1_no_warmup] Epoch 19/20 | Global examples: 1102528 | Avg Loss (last 1024 ex): 0.2691
2026-07-25 22:55:49,439 - INFO: [exp1_no_warmup] Epoch 19/20 | Global examples: 1103552 | Avg Loss (last 1024 ex): 0.2607
2026-07-25 22:56:03,830 - INFO: [exp1_no_warmup] Epoch 19/20 | Global examples: 1104576 | Avg Loss (last 1024 ex): 0.2576
2026-07-25 22:56:17,131 - INFO: [exp1_no_warmup] Epoch 19/20 | Global examples: 1105600 | Avg Loss (last 1024 ex): 0.2585
2026-07-25 22:56:30,621 - INFO: [exp1_no_warmup] Epoch 19/20 | Global examples: 1106624 | Avg Loss (last 1024 ex): 0.2429
2026-07-25 22:56:44,351 - INFO: [exp1_no_warmup] Epoch 19/20 | Global examples: 1107648 | Avg Loss (last 1024 ex): 0.2430
2026-07-25 22:56:57,854 - INFO: [exp1_no_warmup] Epoch 19/20 | Global examples: 1108672 | Avg Loss (last 1024 ex): 0.2587
2026-07-25 22:57:11,613 - INFO: [exp1_no_warmup] Epoch 19/20 | Global examples: 1109696 | Avg Loss (last 1024 ex): 0.2495
2026-07-25 22:57:25,160 - INFO: [exp1_no_warmup] Epoch 19/20 | Global examples: 1110720 | Avg Loss (last 1024 ex): 0.2486
2026-07-25 22:57:26,481 - INFO: [exp1_no_warmup] Epoch 19/20 | Global examples: 1110816 | Avg Loss (last 96 ex): 0.2476
2026-07-25 22:57:28,615 - INFO: [exp1_no_warmup] Epoch 19 Val | Examples: 1024 | Avg Loss (last 1024 ex): 0.2102
2026-07-25 22:57:30,866 - INFO: [exp1_no_warmup] Epoch 19 Val | Examples: 2048 | Avg Loss (last 1024 ex): 0.1934
2026-07-25 22:57:33,156 - INFO: [exp1_no_warmup] Epoch 19 Val | Examples: 3072 | Avg Loss (last 1024 ex): 0.1971
2026-07-25 22:57:35,460 - INFO: [exp1_no_warmup] Epoch 19 Val | Examples: 4096 | Avg Loss (last 1024 ex): 0.2057
2026-07-25 22:57:37,760 - INFO: [exp1_no_warmup] Epoch 19 Val | Examples: 5120 | Avg Loss (last 1024 ex): 0.2152
2026-07-25 22:57:37,761 - INFO: [exp1_no_warmup] === Epoch 19 done | Train Loss: 0.2468 | Val Loss: 0.2043 | Time: 804.5s ===
2026-07-25 22:57:37,829 - INFO: [exp1_no_warmup] Model saved to C:/PythonProject/English2French/model/exp1_no_warmup_epoch19.pth
2026-07-25 22:57:52,350 - INFO: [exp1_no_warmup] Epoch 20/20 | Global examples: 1111840 | Avg Loss (last 1024 ex): 0.2170
2026-07-25 22:58:05,995 - INFO: [exp1_no_warmup] Epoch 20/20 | Global examples: 1112864 | Avg Loss (last 1024 ex): 0.2251
2026-07-25 22:58:19,690 - INFO: [exp1_no_warmup] Epoch 20/20 | Global examples: 1113888 | Avg Loss (last 1024 ex): 0.2213
2026-07-25 22:58:33,381 - INFO: [exp1_no_warmup] Epoch 20/20 | Global examples: 1114912 | Avg Loss (last 1024 ex): 0.2181
2026-07-25 22:58:47,198 - INFO: [exp1_no_warmup] Epoch 20/20 | Global examples: 1115936 | Avg Loss (last 1024 ex): 0.2254
2026-07-25 22:59:00,885 - INFO: [exp1_no_warmup] Epoch 20/20 | Global examples: 1116960 | Avg Loss (last 1024 ex): 0.2515
2026-07-25 22:59:14,599 - INFO: [exp1_no_warmup] Epoch 20/20 | Global examples: 1117984 | Avg Loss (last 1024 ex): 0.2246
2026-07-25 22:59:28,332 - INFO: [exp1_no_warmup] Epoch 20/20 | Global examples: 1119008 | Avg Loss (last 1024 ex): 0.2328
2026-07-25 22:59:41,953 - INFO: [exp1_no_warmup] Epoch 20/20 | Global examples: 1120032 | Avg Loss (last 1024 ex): 0.2303
2026-07-25 22:59:55,102 - INFO: [exp1_no_warmup] Epoch 20/20 | Global examples: 1121056 | Avg Loss (last 1024 ex): 0.2212
2026-07-25 23:00:08,780 - INFO: [exp1_no_warmup] Epoch 20/20 | Global examples: 1122080 | Avg Loss (last 1024 ex): 0.2312
2026-07-25 23:00:22,180 - INFO: [exp1_no_warmup] Epoch 20/20 | Global examples: 1123104 | Avg Loss (last 1024 ex): 0.2264
2026-07-25 23:00:35,721 - INFO: [exp1_no_warmup] Epoch 20/20 | Global examples: 1124128 | Avg Loss (last 1024 ex): 0.2262
2026-07-25 23:00:48,862 - INFO: [exp1_no_warmup] Epoch 20/20 | Global examples: 1125152 | Avg Loss (last 1024 ex): 0.2423
2026-07-25 23:01:02,608 - INFO: [exp1_no_warmup] Epoch 20/20 | Global examples: 1126176 | Avg Loss (last 1024 ex): 0.2305
2026-07-25 23:01:16,247 - INFO: [exp1_no_warmup] Epoch 20/20 | Global examples: 1127200 | Avg Loss (last 1024 ex): 0.2537
2026-07-25 23:01:29,827 - INFO: [exp1_no_warmup] Epoch 20/20 | Global examples: 1128224 | Avg Loss (last 1024 ex): 0.2473
2026-07-25 23:01:43,217 - INFO: [exp1_no_warmup] Epoch 20/20 | Global examples: 1129248 | Avg Loss (last 1024 ex): 0.2483
2026-07-25 23:01:57,028 - INFO: [exp1_no_warmup] Epoch 20/20 | Global examples: 1130272 | Avg Loss (last 1024 ex): 0.2340
2026-07-25 23:02:10,599 - INFO: [exp1_no_warmup] Epoch 20/20 | Global examples: 1131296 | Avg Loss (last 1024 ex): 0.2609
2026-07-25 23:02:24,072 - INFO: [exp1_no_warmup] Epoch 20/20 | Global examples: 1132320 | Avg Loss (last 1024 ex): 0.2513
2026-07-25 23:02:37,773 - INFO: [exp1_no_warmup] Epoch 20/20 | Global examples: 1133344 | Avg Loss (last 1024 ex): 0.2498
2026-07-25 23:02:51,285 - INFO: [exp1_no_warmup] Epoch 20/20 | Global examples: 1134368 | Avg Loss (last 1024 ex): 0.2398
2026-07-25 23:03:05,315 - INFO: [exp1_no_warmup] Epoch 20/20 | Global examples: 1135392 | Avg Loss (last 1024 ex): 0.2577
2026-07-25 23:03:19,023 - INFO: [exp1_no_warmup] Epoch 20/20 | Global examples: 1136416 | Avg Loss (last 1024 ex): 0.2397
2026-07-25 23:03:32,575 - INFO: [exp1_no_warmup] Epoch 20/20 | Global examples: 1137440 | Avg Loss (last 1024 ex): 0.2507
2026-07-25 23:03:46,453 - INFO: [exp1_no_warmup] Epoch 20/20 | Global examples: 1138464 | Avg Loss (last 1024 ex): 0.2480
2026-07-25 23:04:00,161 - INFO: [exp1_no_warmup] Epoch 20/20 | Global examples: 1139488 | Avg Loss (last 1024 ex): 0.2319
2026-07-25 23:04:13,814 - INFO: [exp1_no_warmup] Epoch 20/20 | Global examples: 1140512 | Avg Loss (last 1024 ex): 0.2349
2026-07-25 23:04:27,582 - INFO: [exp1_no_warmup] Epoch 20/20 | Global examples: 1141536 | Avg Loss (last 1024 ex): 0.2472
2026-07-25 23:04:41,267 - INFO: [exp1_no_warmup] Epoch 20/20 | Global examples: 1142560 | Avg Loss (last 1024 ex): 0.2426
2026-07-25 23:04:54,854 - INFO: [exp1_no_warmup] Epoch 20/20 | Global examples: 1143584 | Avg Loss (last 1024 ex): 0.2436
2026-07-25 23:05:08,259 - INFO: [exp1_no_warmup] Epoch 20/20 | Global examples: 1144608 | Avg Loss (last 1024 ex): 0.2288
2026-07-25 23:05:22,186 - INFO: [exp1_no_warmup] Epoch 20/20 | Global examples: 1145632 | Avg Loss (last 1024 ex): 0.2426
2026-07-25 23:05:35,976 - INFO: [exp1_no_warmup] Epoch 20/20 | Global examples: 1146656 | Avg Loss (last 1024 ex): 0.2404
2026-07-25 23:05:49,486 - INFO: [exp1_no_warmup] Epoch 20/20 | Global examples: 1147680 | Avg Loss (last 1024 ex): 0.2532
2026-07-25 23:06:03,358 - INFO: [exp1_no_warmup] Epoch 20/20 | Global examples: 1148704 | Avg Loss (last 1024 ex): 0.2447
2026-07-25 23:06:16,900 - INFO: [exp1_no_warmup] Epoch 20/20 | Global examples: 1149728 | Avg Loss (last 1024 ex): 0.2501
2026-07-25 23:06:30,444 - INFO: [exp1_no_warmup] Epoch 20/20 | Global examples: 1150752 | Avg Loss (last 1024 ex): 0.2539
2026-07-25 23:06:43,966 - INFO: [exp1_no_warmup] Epoch 20/20 | Global examples: 1151776 | Avg Loss (last 1024 ex): 0.2415
2026-07-25 23:06:57,654 - INFO: [exp1_no_warmup] Epoch 20/20 | Global examples: 1152800 | Avg Loss (last 1024 ex): 0.2496
2026-07-25 23:07:11,242 - INFO: [exp1_no_warmup] Epoch 20/20 | Global examples: 1153824 | Avg Loss (last 1024 ex): 0.2289
2026-07-25 23:07:25,170 - INFO: [exp1_no_warmup] Epoch 20/20 | Global examples: 1154848 | Avg Loss (last 1024 ex): 0.2513
2026-07-25 23:07:38,640 - INFO: [exp1_no_warmup] Epoch 20/20 | Global examples: 1155872 | Avg Loss (last 1024 ex): 0.2625
2026-07-25 23:07:52,274 - INFO: [exp1_no_warmup] Epoch 20/20 | Global examples: 1156896 | Avg Loss (last 1024 ex): 0.2537
2026-07-25 23:08:05,971 - INFO: [exp1_no_warmup] Epoch 20/20 | Global examples: 1157920 | Avg Loss (last 1024 ex): 0.2476
2026-07-25 23:08:19,848 - INFO: [exp1_no_warmup] Epoch 20/20 | Global examples: 1158944 | Avg Loss (last 1024 ex): 0.2389
2026-07-25 23:08:33,588 - INFO: [exp1_no_warmup] Epoch 20/20 | Global examples: 1159968 | Avg Loss (last 1024 ex): 0.2363
2026-07-25 23:08:47,580 - INFO: [exp1_no_warmup] Epoch 20/20 | Global examples: 1160992 | Avg Loss (last 1024 ex): 0.2483
2026-07-25 23:09:01,593 - INFO: [exp1_no_warmup] Epoch 20/20 | Global examples: 1162016 | Avg Loss (last 1024 ex): 0.2515
2026-07-25 23:09:15,209 - INFO: [exp1_no_warmup] Epoch 20/20 | Global examples: 1163040 | Avg Loss (last 1024 ex): 0.2572
2026-07-25 23:09:28,825 - INFO: [exp1_no_warmup] Epoch 20/20 | Global examples: 1164064 | Avg Loss (last 1024 ex): 0.2411
2026-07-25 23:09:42,326 - INFO: [exp1_no_warmup] Epoch 20/20 | Global examples: 1165088 | Avg Loss (last 1024 ex): 0.2633
2026-07-25 23:09:55,844 - INFO: [exp1_no_warmup] Epoch 20/20 | Global examples: 1166112 | Avg Loss (last 1024 ex): 0.2452
2026-07-25 23:10:09,533 - INFO: [exp1_no_warmup] Epoch 20/20 | Global examples: 1167136 | Avg Loss (last 1024 ex): 0.2365
2026-07-25 23:10:22,821 - INFO: [exp1_no_warmup] Epoch 20/20 | Global examples: 1168160 | Avg Loss (last 1024 ex): 0.2520
2026-07-25 23:10:36,492 - INFO: [exp1_no_warmup] Epoch 20/20 | Global examples: 1169184 | Avg Loss (last 1024 ex): 0.2441
2026-07-25 23:10:37,768 - INFO: [exp1_no_warmup] Epoch 20/20 | Global examples: 1169280 | Avg Loss (last 96 ex): 0.2274
2026-07-25 23:10:40,005 - INFO: [exp1_no_warmup] Epoch 20 Val | Examples: 1024 | Avg Loss (last 1024 ex): 0.2094
2026-07-25 23:10:42,233 - INFO: [exp1_no_warmup] Epoch 20 Val | Examples: 2048 | Avg Loss (last 1024 ex): 0.2107
2026-07-25 23:10:44,416 - INFO: [exp1_no_warmup] Epoch 20 Val | Examples: 3072 | Avg Loss (last 1024 ex): 0.2027
2026-07-25 23:10:46,612 - INFO: [exp1_no_warmup] Epoch 20 Val | Examples: 4096 | Avg Loss (last 1024 ex): 0.2060
2026-07-25 23:10:48,843 - INFO: [exp1_no_warmup] Epoch 20 Val | Examples: 5120 | Avg Loss (last 1024 ex): 0.2024
2026-07-25 23:10:48,843 - INFO: [exp1_no_warmup] === Epoch 20 done | Train Loss: 0.2415 | Val Loss: 0.2062 | Time: 779.9s ===
2026-07-25 23:10:48,909 - INFO: [exp1_no_warmup] Model saved to C:/PythonProject/English2French/model/exp1_no_warmup_epoch20.pth
