2026-07-25 23:10:48,947 - INFO: Starting experiment: exp2_n1 — 层数 N=1
2026-07-25 23:10:48,947 - INFO: Config: d_model=256, d_ff=1024, head=4, n_layers=1, dropout=0.2, warmup=True
2026-07-25 23:10:49,059 - INFO: Params: 6,458,224
2026-07-25 23:10:53,769 - INFO: [exp2_n1] Epoch 1/20 | Global examples: 1024 | Avg Loss (last 1024 ex): 8.6927
2026-07-25 23:10:58,588 - INFO: [exp2_n1] Epoch 1/20 | Global examples: 2048 | Avg Loss (last 1024 ex): 8.4847
2026-07-25 23:11:04,163 - INFO: [exp2_n1] Epoch 1/20 | Global examples: 3072 | Avg Loss (last 1024 ex): 8.1340
2026-07-25 23:11:08,865 - INFO: [exp2_n1] Epoch 1/20 | Global examples: 4096 | Avg Loss (last 1024 ex): 7.7660
2026-07-25 23:11:13,555 - INFO: [exp2_n1] Epoch 1/20 | Global examples: 5120 | Avg Loss (last 1024 ex): 7.3817
2026-07-25 23:11:18,654 - INFO: [exp2_n1] Epoch 1/20 | Global examples: 6144 | Avg Loss (last 1024 ex): 6.9945
2026-07-25 23:11:23,484 - INFO: [exp2_n1] Epoch 1/20 | Global examples: 7168 | Avg Loss (last 1024 ex): 6.5486
2026-07-25 23:11:28,257 - INFO: [exp2_n1] Epoch 1/20 | Global examples: 8192 | Avg Loss (last 1024 ex): 6.0884
2026-07-25 23:11:33,543 - INFO: [exp2_n1] Epoch 1/20 | Global examples: 9216 | Avg Loss (last 1024 ex): 5.6637
2026-07-25 23:11:38,391 - INFO: [exp2_n1] Epoch 1/20 | Global examples: 10240 | Avg Loss (last 1024 ex): 5.2140
2026-07-25 23:11:43,744 - INFO: [exp2_n1] Epoch 1/20 | Global examples: 11264 | Avg Loss (last 1024 ex): 4.9139
2026-07-25 23:11:49,252 - INFO: [exp2_n1] Epoch 1/20 | Global examples: 12288 | Avg Loss (last 1024 ex): 4.6367
2026-07-25 23:11:54,284 - INFO: [exp2_n1] Epoch 1/20 | Global examples: 13312 | Avg Loss (last 1024 ex): 4.4046
2026-07-25 23:11:59,038 - INFO: [exp2_n1] Epoch 1/20 | Global examples: 14336 | Avg Loss (last 1024 ex): 4.2442
2026-07-25 23:12:04,202 - INFO: [exp2_n1] Epoch 1/20 | Global examples: 15360 | Avg Loss (last 1024 ex): 4.0302
2026-07-25 23:12:08,948 - INFO: [exp2_n1] Epoch 1/20 | Global examples: 16384 | Avg Loss (last 1024 ex): 3.8398
2026-07-25 23:12:13,623 - INFO: [exp2_n1] Epoch 1/20 | Global examples: 17408 | Avg Loss (last 1024 ex): 3.7482
2026-07-25 23:12:18,628 - INFO: [exp2_n1] Epoch 1/20 | Global examples: 18432 | Avg Loss (last 1024 ex): 3.6970
2026-07-25 23:12:23,263 - INFO: [exp2_n1] Epoch 1/20 | Global examples: 19456 | Avg Loss (last 1024 ex): 3.4777
2026-07-25 23:12:28,033 - INFO: [exp2_n1] Epoch 1/20 | Global examples: 20480 | Avg Loss (last 1024 ex): 3.3788
2026-07-25 23:12:33,325 - INFO: [exp2_n1] Epoch 1/20 | Global examples: 21504 | Avg Loss (last 1024 ex): 3.3835
2026-07-25 23:12:38,054 - INFO: [exp2_n1] Epoch 1/20 | Global examples: 22528 | Avg Loss (last 1024 ex): 3.2939
2026-07-25 23:12:42,699 - INFO: [exp2_n1] Epoch 1/20 | Global examples: 23552 | Avg Loss (last 1024 ex): 3.2403
2026-07-25 23:12:47,713 - INFO: [exp2_n1] Epoch 1/20 | Global examples: 24576 | Avg Loss (last 1024 ex): 3.1509
2026-07-25 23:12:52,498 - INFO: [exp2_n1] Epoch 1/20 | Global examples: 25600 | Avg Loss (last 1024 ex): 3.1308
2026-07-25 23:12:57,251 - INFO: [exp2_n1] Epoch 1/20 | Global examples: 26624 | Avg Loss (last 1024 ex): 2.9660
2026-07-25 23:13:02,454 - INFO: [exp2_n1] Epoch 1/20 | Global examples: 27648 | Avg Loss (last 1024 ex): 3.0526
2026-07-25 23:13:07,189 - INFO: [exp2_n1] Epoch 1/20 | Global examples: 28672 | Avg Loss (last 1024 ex): 2.9311
2026-07-25 23:13:11,978 - INFO: [exp2_n1] Epoch 1/20 | Global examples: 29696 | Avg Loss (last 1024 ex): 2.9332
2026-07-25 23:13:17,123 - INFO: [exp2_n1] Epoch 1/20 | Global examples: 30720 | Avg Loss (last 1024 ex): 2.8504
2026-07-25 23:13:21,748 - INFO: [exp2_n1] Epoch 1/20 | Global examples: 31744 | Avg Loss (last 1024 ex): 2.8058
2026-07-25 23:13:26,431 - INFO: [exp2_n1] Epoch 1/20 | Global examples: 32768 | Avg Loss (last 1024 ex): 2.7875
2026-07-25 23:13:31,800 - INFO: [exp2_n1] Epoch 1/20 | Global examples: 33792 | Avg Loss (last 1024 ex): 2.7792
2026-07-25 23:13:36,576 - INFO: [exp2_n1] Epoch 1/20 | Global examples: 34816 | Avg Loss (last 1024 ex): 2.6766
2026-07-25 23:13:41,312 - INFO: [exp2_n1] Epoch 1/20 | Global examples: 35840 | Avg Loss (last 1024 ex): 2.6480
2026-07-25 23:13:46,346 - INFO: [exp2_n1] Epoch 1/20 | Global examples: 36864 | Avg Loss (last 1024 ex): 2.6482
2026-07-25 23:13:51,117 - INFO: [exp2_n1] Epoch 1/20 | Global examples: 37888 | Avg Loss (last 1024 ex): 2.5436
2026-07-25 23:13:55,937 - INFO: [exp2_n1] Epoch 1/20 | Global examples: 38912 | Avg Loss (last 1024 ex): 2.5799
2026-07-25 23:14:00,685 - INFO: [exp2_n1] Epoch 1/20 | Global examples: 39936 | Avg Loss (last 1024 ex): 2.5715
2026-07-25 23:14:05,912 - INFO: [exp2_n1] Epoch 1/20 | Global examples: 40960 | Avg Loss (last 1024 ex): 2.5097
2026-07-25 23:14:10,768 - INFO: [exp2_n1] Epoch 1/20 | Global examples: 41984 | Avg Loss (last 1024 ex): 2.5290
2026-07-25 23:14:15,522 - INFO: [exp2_n1] Epoch 1/20 | Global examples: 43008 | Avg Loss (last 1024 ex): 2.4059
2026-07-25 23:14:20,573 - INFO: [exp2_n1] Epoch 1/20 | Global examples: 44032 | Avg Loss (last 1024 ex): 2.3848
2026-07-25 23:14:25,281 - INFO: [exp2_n1] Epoch 1/20 | Global examples: 45056 | Avg Loss (last 1024 ex): 2.3601
2026-07-25 23:14:29,903 - INFO: [exp2_n1] Epoch 1/20 | Global examples: 46080 | Avg Loss (last 1024 ex): 2.3192
2026-07-25 23:14:35,112 - INFO: [exp2_n1] Epoch 1/20 | Global examples: 47104 | Avg Loss (last 1024 ex): 2.2833
2026-07-25 23:14:39,889 - INFO: [exp2_n1] Epoch 1/20 | Global examples: 48128 | Avg Loss (last 1024 ex): 2.2001
2026-07-25 23:14:44,601 - INFO: [exp2_n1] Epoch 1/20 | Global examples: 49152 | Avg Loss (last 1024 ex): 2.2472
2026-07-25 23:14:49,705 - INFO: [exp2_n1] Epoch 1/20 | Global examples: 50176 | Avg Loss (last 1024 ex): 2.2209
2026-07-25 23:14:54,576 - INFO: [exp2_n1] Epoch 1/20 | Global examples: 51200 | Avg Loss (last 1024 ex): 2.1503
2026-07-25 23:14:59,315 - INFO: [exp2_n1] Epoch 1/20 | Global examples: 52224 | Avg Loss (last 1024 ex): 2.1969
2026-07-25 23:15:04,600 - INFO: [exp2_n1] Epoch 1/20 | Global examples: 53248 | Avg Loss (last 1024 ex): 2.1614
2026-07-25 23:15:09,401 - INFO: [exp2_n1] Epoch 1/20 | Global examples: 54272 | Avg Loss (last 1024 ex): 2.1014
2026-07-25 23:15:14,204 - INFO: [exp2_n1] Epoch 1/20 | Global examples: 55296 | Avg Loss (last 1024 ex): 2.0609
2026-07-25 23:15:19,310 - INFO: [exp2_n1] Epoch 1/20 | Global examples: 56320 | Avg Loss (last 1024 ex): 2.0661
2026-07-25 23:15:24,082 - INFO: [exp2_n1] Epoch 1/20 | Global examples: 57344 | Avg Loss (last 1024 ex): 2.0091
2026-07-25 23:15:28,930 - INFO: [exp2_n1] Epoch 1/20 | Global examples: 58368 | Avg Loss (last 1024 ex): 2.0360
2026-07-25 23:15:29,389 - INFO: [exp2_n1] Epoch 1/20 | Global examples: 58464 | Avg Loss (last 96 ex): 1.9160
2026-07-25 23:15:30,197 - INFO: [exp2_n1] Epoch 1 Val | Examples: 1024 | Avg Loss (last 1024 ex): 1.7457
2026-07-25 23:15:31,415 - INFO: [exp2_n1] Epoch 1 Val | Examples: 2048 | Avg Loss (last 1024 ex): 1.7300
2026-07-25 23:15:32,388 - INFO: [exp2_n1] Epoch 1 Val | Examples: 3072 | Avg Loss (last 1024 ex): 1.7854
2026-07-25 23:15:33,177 - INFO: [exp2_n1] Epoch 1 Val | Examples: 4096 | Avg Loss (last 1024 ex): 1.7830
2026-07-25 23:15:33,967 - INFO: [exp2_n1] Epoch 1 Val | Examples: 5120 | Avg Loss (last 1024 ex): 1.7127
2026-07-25 23:15:33,967 - INFO: [exp2_n1] === Epoch 1 done | Train Loss: 3.6210 | Val Loss: 1.7514 | Time: 280.3s ===
2026-07-25 23:15:33,996 - INFO: [exp2_n1] Model saved to C:/PythonProject/English2French/model/exp2_n1_epoch1.pth
2026-07-25 23:15:38,772 - INFO: [exp2_n1] Epoch 2/20 | Global examples: 59488 | Avg Loss (last 1024 ex): 1.8587
2026-07-25 23:15:43,440 - INFO: [exp2_n1] Epoch 2/20 | Global examples: 60512 | Avg Loss (last 1024 ex): 1.8833
2026-07-25 23:15:49,142 - INFO: [exp2_n1] Epoch 2/20 | Global examples: 61536 | Avg Loss (last 1024 ex): 1.8291
2026-07-25 23:15:53,998 - INFO: [exp2_n1] Epoch 2/20 | Global examples: 62560 | Avg Loss (last 1024 ex): 1.8518
2026-07-25 23:15:58,751 - INFO: [exp2_n1] Epoch 2/20 | Global examples: 63584 | Avg Loss (last 1024 ex): 1.7557
2026-07-25 23:16:03,843 - INFO: [exp2_n1] Epoch 2/20 | Global examples: 64608 | Avg Loss (last 1024 ex): 1.7904
2026-07-25 23:16:08,679 - INFO: [exp2_n1] Epoch 2/20 | Global examples: 65632 | Avg Loss (last 1024 ex): 1.8138
2026-07-25 23:16:13,374 - INFO: [exp2_n1] Epoch 2/20 | Global examples: 66656 | Avg Loss (last 1024 ex): 1.7227
2026-07-25 23:16:18,537 - INFO: [exp2_n1] Epoch 2/20 | Global examples: 67680 | Avg Loss (last 1024 ex): 1.7694
2026-07-25 23:16:23,314 - INFO: [exp2_n1] Epoch 2/20 | Global examples: 68704 | Avg Loss (last 1024 ex): 1.6738
2026-07-25 23:16:28,097 - INFO: [exp2_n1] Epoch 2/20 | Global examples: 69728 | Avg Loss (last 1024 ex): 1.6870
2026-07-25 23:16:33,288 - INFO: [exp2_n1] Epoch 2/20 | Global examples: 70752 | Avg Loss (last 1024 ex): 1.6923
2026-07-25 23:16:38,187 - INFO: [exp2_n1] Epoch 2/20 | Global examples: 71776 | Avg Loss (last 1024 ex): 1.6157
2026-07-25 23:16:42,950 - INFO: [exp2_n1] Epoch 2/20 | Global examples: 72800 | Avg Loss (last 1024 ex): 1.5953
2026-07-25 23:16:48,406 - INFO: [exp2_n1] Epoch 2/20 | Global examples: 73824 | Avg Loss (last 1024 ex): 1.6182
2026-07-25 23:16:53,208 - INFO: [exp2_n1] Epoch 2/20 | Global examples: 74848 | Avg Loss (last 1024 ex): 1.5142
2026-07-25 23:16:57,981 - INFO: [exp2_n1] Epoch 2/20 | Global examples: 75872 | Avg Loss (last 1024 ex): 1.5841
2026-07-25 23:17:03,023 - INFO: [exp2_n1] Epoch 2/20 | Global examples: 76896 | Avg Loss (last 1024 ex): 1.6000
2026-07-25 23:17:07,667 - INFO: [exp2_n1] Epoch 2/20 | Global examples: 77920 | Avg Loss (last 1024 ex): 1.5129
2026-07-25 23:17:12,480 - INFO: [exp2_n1] Epoch 2/20 | Global examples: 78944 | Avg Loss (last 1024 ex): 1.4921
2026-07-25 23:17:17,800 - INFO: [exp2_n1] Epoch 2/20 | Global examples: 79968 | Avg Loss (last 1024 ex): 1.5101
2026-07-25 23:17:22,667 - INFO: [exp2_n1] Epoch 2/20 | Global examples: 80992 | Avg Loss (last 1024 ex): 1.5013
2026-07-25 23:17:27,485 - INFO: [exp2_n1] Epoch 2/20 | Global examples: 82016 | Avg Loss (last 1024 ex): 1.4957
2026-07-25 23:17:32,648 - INFO: [exp2_n1] Epoch 2/20 | Global examples: 83040 | Avg Loss (last 1024 ex): 1.5008
2026-07-25 23:17:37,429 - INFO: [exp2_n1] Epoch 2/20 | Global examples: 84064 | Avg Loss (last 1024 ex): 1.4066
2026-07-25 23:17:42,116 - INFO: [exp2_n1] Epoch 2/20 | Global examples: 85088 | Avg Loss (last 1024 ex): 1.3965
2026-07-25 23:17:47,373 - INFO: [exp2_n1] Epoch 2/20 | Global examples: 86112 | Avg Loss (last 1024 ex): 1.4408
2026-07-25 23:17:52,124 - INFO: [exp2_n1] Epoch 2/20 | Global examples: 87136 | Avg Loss (last 1024 ex): 1.4100
2026-07-25 23:17:56,854 - INFO: [exp2_n1] Epoch 2/20 | Global examples: 88160 | Avg Loss (last 1024 ex): 1.3851
2026-07-25 23:18:01,981 - INFO: [exp2_n1] Epoch 2/20 | Global examples: 89184 | Avg Loss (last 1024 ex): 1.3289
2026-07-25 23:18:06,799 - INFO: [exp2_n1] Epoch 2/20 | Global examples: 90208 | Avg Loss (last 1024 ex): 1.3892
2026-07-25 23:18:11,587 - INFO: [exp2_n1] Epoch 2/20 | Global examples: 91232 | Avg Loss (last 1024 ex): 1.3555
2026-07-25 23:18:16,458 - INFO: [exp2_n1] Epoch 2/20 | Global examples: 92256 | Avg Loss (last 1024 ex): 1.3685
2026-07-25 23:18:21,696 - INFO: [exp2_n1] Epoch 2/20 | Global examples: 93280 | Avg Loss (last 1024 ex): 1.3399
2026-07-25 23:18:26,525 - INFO: [exp2_n1] Epoch 2/20 | Global examples: 94304 | Avg Loss (last 1024 ex): 1.3323
2026-07-25 23:18:31,314 - INFO: [exp2_n1] Epoch 2/20 | Global examples: 95328 | Avg Loss (last 1024 ex): 1.3465
2026-07-25 23:18:36,368 - INFO: [exp2_n1] Epoch 2/20 | Global examples: 96352 | Avg Loss (last 1024 ex): 1.2950
2026-07-25 23:18:41,012 - INFO: [exp2_n1] Epoch 2/20 | Global examples: 97376 | Avg Loss (last 1024 ex): 1.2771
2026-07-25 23:18:45,712 - INFO: [exp2_n1] Epoch 2/20 | Global examples: 98400 | Avg Loss (last 1024 ex): 1.2005
2026-07-25 23:18:51,001 - INFO: [exp2_n1] Epoch 2/20 | Global examples: 99424 | Avg Loss (last 1024 ex): 1.2288
2026-07-25 23:18:55,731 - INFO: [exp2_n1] Epoch 2/20 | Global examples: 100448 | Avg Loss (last 1024 ex): 1.1871
2026-07-25 23:19:00,581 - INFO: [exp2_n1] Epoch 2/20 | Global examples: 101472 | Avg Loss (last 1024 ex): 1.1988
2026-07-25 23:19:05,770 - INFO: [exp2_n1] Epoch 2/20 | Global examples: 102496 | Avg Loss (last 1024 ex): 1.2113
2026-07-25 23:19:10,691 - INFO: [exp2_n1] Epoch 2/20 | Global examples: 103520 | Avg Loss (last 1024 ex): 1.1982
2026-07-25 23:19:15,500 - INFO: [exp2_n1] Epoch 2/20 | Global examples: 104544 | Avg Loss (last 1024 ex): 1.1786
2026-07-25 23:19:20,778 - INFO: [exp2_n1] Epoch 2/20 | Global examples: 105568 | Avg Loss (last 1024 ex): 1.2093
2026-07-25 23:19:25,540 - INFO: [exp2_n1] Epoch 2/20 | Global examples: 106592 | Avg Loss (last 1024 ex): 1.1349
2026-07-25 23:19:30,347 - INFO: [exp2_n1] Epoch 2/20 | Global examples: 107616 | Avg Loss (last 1024 ex): 1.1549
2026-07-25 23:19:35,504 - INFO: [exp2_n1] Epoch 2/20 | Global examples: 108640 | Avg Loss (last 1024 ex): 1.1244
2026-07-25 23:19:40,236 - INFO: [exp2_n1] Epoch 2/20 | Global examples: 109664 | Avg Loss (last 1024 ex): 1.1417
2026-07-25 23:19:45,061 - INFO: [exp2_n1] Epoch 2/20 | Global examples: 110688 | Avg Loss (last 1024 ex): 1.1587
2026-07-25 23:19:50,348 - INFO: [exp2_n1] Epoch 2/20 | Global examples: 111712 | Avg Loss (last 1024 ex): 1.1100
2026-07-25 23:19:55,159 - INFO: [exp2_n1] Epoch 2/20 | Global examples: 112736 | Avg Loss (last 1024 ex): 1.1370
2026-07-25 23:19:59,887 - INFO: [exp2_n1] Epoch 2/20 | Global examples: 113760 | Avg Loss (last 1024 ex): 1.0588
2026-07-25 23:20:05,062 - INFO: [exp2_n1] Epoch 2/20 | Global examples: 114784 | Avg Loss (last 1024 ex): 1.1168
2026-07-25 23:20:09,888 - INFO: [exp2_n1] Epoch 2/20 | Global examples: 115808 | Avg Loss (last 1024 ex): 1.1176
2026-07-25 23:20:14,691 - INFO: [exp2_n1] Epoch 2/20 | Global examples: 116832 | Avg Loss (last 1024 ex): 1.0278
2026-07-25 23:20:15,157 - INFO: [exp2_n1] Epoch 2/20 | Global examples: 116928 | Avg Loss (last 96 ex): 1.0830
2026-07-25 23:20:16,066 - INFO: [exp2_n1] Epoch 2 Val | Examples: 1024 | Avg Loss (last 1024 ex): 0.8516
2026-07-25 23:20:17,298 - INFO: [exp2_n1] Epoch 2 Val | Examples: 2048 | Avg Loss (last 1024 ex): 0.8201
2026-07-25 23:20:18,339 - INFO: [exp2_n1] Epoch 2 Val | Examples: 3072 | Avg Loss (last 1024 ex): 0.8638
2026-07-25 23:20:19,149 - INFO: [exp2_n1] Epoch 2 Val | Examples: 4096 | Avg Loss (last 1024 ex): 0.8996
2026-07-25 23:20:19,945 - INFO: [exp2_n1] Epoch 2 Val | Examples: 5120 | Avg Loss (last 1024 ex): 0.8577
2026-07-25 23:20:19,946 - INFO: [exp2_n1] === Epoch 2 done | Train Loss: 1.4176 | Val Loss: 0.8586 | Time: 281.2s ===
2026-07-25 23:20:19,975 - INFO: [exp2_n1] Model saved to C:/PythonProject/English2French/model/exp2_n1_epoch2.pth
2026-07-25 23:20:24,730 - INFO: [exp2_n1] Epoch 3/20 | Global examples: 117952 | Avg Loss (last 1024 ex): 1.0080
2026-07-25 23:20:29,554 - INFO: [exp2_n1] Epoch 3/20 | Global examples: 118976 | Avg Loss (last 1024 ex): 0.9604
2026-07-25 23:20:35,246 - INFO: [exp2_n1] Epoch 3/20 | Global examples: 120000 | Avg Loss (last 1024 ex): 0.9803
2026-07-25 23:20:39,985 - INFO: [exp2_n1] Epoch 3/20 | Global examples: 121024 | Avg Loss (last 1024 ex): 0.9758
2026-07-25 23:20:44,761 - INFO: [exp2_n1] Epoch 3/20 | Global examples: 122048 | Avg Loss (last 1024 ex): 1.0140
2026-07-25 23:20:49,966 - INFO: [exp2_n1] Epoch 3/20 | Global examples: 123072 | Avg Loss (last 1024 ex): 0.9358
2026-07-25 23:20:54,778 - INFO: [exp2_n1] Epoch 3/20 | Global examples: 124096 | Avg Loss (last 1024 ex): 0.9332
2026-07-25 23:20:59,650 - INFO: [exp2_n1] Epoch 3/20 | Global examples: 125120 | Avg Loss (last 1024 ex): 0.9669
2026-07-25 23:21:05,014 - INFO: [exp2_n1] Epoch 3/20 | Global examples: 126144 | Avg Loss (last 1024 ex): 1.0114
2026-07-25 23:21:09,934 - INFO: [exp2_n1] Epoch 3/20 | Global examples: 127168 | Avg Loss (last 1024 ex): 0.9534
2026-07-25 23:21:14,937 - INFO: [exp2_n1] Epoch 3/20 | Global examples: 128192 | Avg Loss (last 1024 ex): 0.9769
2026-07-25 23:21:20,137 - INFO: [exp2_n1] Epoch 3/20 | Global examples: 129216 | Avg Loss (last 1024 ex): 0.9756
2026-07-25 23:21:24,909 - INFO: [exp2_n1] Epoch 3/20 | Global examples: 130240 | Avg Loss (last 1024 ex): 0.9552
2026-07-25 23:21:29,716 - INFO: [exp2_n1] Epoch 3/20 | Global examples: 131264 | Avg Loss (last 1024 ex): 0.8991
2026-07-25 23:21:35,035 - INFO: [exp2_n1] Epoch 3/20 | Global examples: 132288 | Avg Loss (last 1024 ex): 0.9231
2026-07-25 23:21:39,836 - INFO: [exp2_n1] Epoch 3/20 | Global examples: 133312 | Avg Loss (last 1024 ex): 0.9385
2026-07-25 23:21:44,662 - INFO: [exp2_n1] Epoch 3/20 | Global examples: 134336 | Avg Loss (last 1024 ex): 0.9245
2026-07-25 23:21:49,908 - INFO: [exp2_n1] Epoch 3/20 | Global examples: 135360 | Avg Loss (last 1024 ex): 0.9116
2026-07-25 23:21:54,773 - INFO: [exp2_n1] Epoch 3/20 | Global examples: 136384 | Avg Loss (last 1024 ex): 0.8984
2026-07-25 23:21:59,687 - INFO: [exp2_n1] Epoch 3/20 | Global examples: 137408 | Avg Loss (last 1024 ex): 0.9321
2026-07-25 23:22:05,167 - INFO: [exp2_n1] Epoch 3/20 | Global examples: 138432 | Avg Loss (last 1024 ex): 0.8717
2026-07-25 23:22:09,985 - INFO: [exp2_n1] Epoch 3/20 | Global examples: 139456 | Avg Loss (last 1024 ex): 0.8640
2026-07-25 23:22:14,727 - INFO: [exp2_n1] Epoch 3/20 | Global examples: 140480 | Avg Loss (last 1024 ex): 0.8602
2026-07-25 23:22:19,819 - INFO: [exp2_n1] Epoch 3/20 | Global examples: 141504 | Avg Loss (last 1024 ex): 0.8810
2026-07-25 23:22:24,731 - INFO: [exp2_n1] Epoch 3/20 | Global examples: 142528 | Avg Loss (last 1024 ex): 0.9315
2026-07-25 23:22:29,563 - INFO: [exp2_n1] Epoch 3/20 | Global examples: 143552 | Avg Loss (last 1024 ex): 0.8661
2026-07-25 23:22:34,992 - INFO: [exp2_n1] Epoch 3/20 | Global examples: 144576 | Avg Loss (last 1024 ex): 0.8628
2026-07-25 23:22:39,784 - INFO: [exp2_n1] Epoch 3/20 | Global examples: 145600 | Avg Loss (last 1024 ex): 0.8472
2026-07-25 23:22:44,579 - INFO: [exp2_n1] Epoch 3/20 | Global examples: 146624 | Avg Loss (last 1024 ex): 0.8611
2026-07-25 23:22:49,746 - INFO: [exp2_n1] Epoch 3/20 | Global examples: 147648 | Avg Loss (last 1024 ex): 0.8246
2026-07-25 23:22:54,603 - INFO: [exp2_n1] Epoch 3/20 | Global examples: 148672 | Avg Loss (last 1024 ex): 0.8236
2026-07-25 23:22:59,356 - INFO: [exp2_n1] Epoch 3/20 | Global examples: 149696 | Avg Loss (last 1024 ex): 0.8151
2026-07-25 23:23:04,520 - INFO: [exp2_n1] Epoch 3/20 | Global examples: 150720 | Avg Loss (last 1024 ex): 0.8437
2026-07-25 23:23:09,221 - INFO: [exp2_n1] Epoch 3/20 | Global examples: 151744 | Avg Loss (last 1024 ex): 0.7596
2026-07-25 23:23:14,100 - INFO: [exp2_n1] Epoch 3/20 | Global examples: 152768 | Avg Loss (last 1024 ex): 0.7689
2026-07-25 23:23:19,358 - INFO: [exp2_n1] Epoch 3/20 | Global examples: 153792 | Avg Loss (last 1024 ex): 0.7983
2026-07-25 23:23:24,190 - INFO: [exp2_n1] Epoch 3/20 | Global examples: 154816 | Avg Loss (last 1024 ex): 0.8038
2026-07-25 23:23:29,038 - INFO: [exp2_n1] Epoch 3/20 | Global examples: 155840 | Avg Loss (last 1024 ex): 0.7950
2026-07-25 23:23:34,410 - INFO: [exp2_n1] Epoch 3/20 | Global examples: 156864 | Avg Loss (last 1024 ex): 0.7920
2026-07-25 23:23:39,179 - INFO: [exp2_n1] Epoch 3/20 | Global examples: 157888 | Avg Loss (last 1024 ex): 0.7592
2026-07-25 23:23:44,018 - INFO: [exp2_n1] Epoch 3/20 | Global examples: 158912 | Avg Loss (last 1024 ex): 0.7605
2026-07-25 23:23:49,235 - INFO: [exp2_n1] Epoch 3/20 | Global examples: 159936 | Avg Loss (last 1024 ex): 0.7460
2026-07-25 23:23:54,063 - INFO: [exp2_n1] Epoch 3/20 | Global examples: 160960 | Avg Loss (last 1024 ex): 0.7754
2026-07-25 23:23:58,792 - INFO: [exp2_n1] Epoch 3/20 | Global examples: 161984 | Avg Loss (last 1024 ex): 0.7749
2026-07-25 23:24:04,141 - INFO: [exp2_n1] Epoch 3/20 | Global examples: 163008 | Avg Loss (last 1024 ex): 0.7583
2026-07-25 23:24:09,022 - INFO: [exp2_n1] Epoch 3/20 | Global examples: 164032 | Avg Loss (last 1024 ex): 0.7566
2026-07-25 23:24:13,881 - INFO: [exp2_n1] Epoch 3/20 | Global examples: 165056 | Avg Loss (last 1024 ex): 0.7577
2026-07-25 23:24:19,218 - INFO: [exp2_n1] Epoch 3/20 | Global examples: 166080 | Avg Loss (last 1024 ex): 0.7418
2026-07-25 23:24:24,138 - INFO: [exp2_n1] Epoch 3/20 | Global examples: 167104 | Avg Loss (last 1024 ex): 0.7363
2026-07-25 23:24:29,103 - INFO: [exp2_n1] Epoch 3/20 | Global examples: 168128 | Avg Loss (last 1024 ex): 0.7443
2026-07-25 23:24:34,447 - INFO: [exp2_n1] Epoch 3/20 | Global examples: 169152 | Avg Loss (last 1024 ex): 0.7237
2026-07-25 23:24:39,248 - INFO: [exp2_n1] Epoch 3/20 | Global examples: 170176 | Avg Loss (last 1024 ex): 0.7103
2026-07-25 23:24:44,080 - INFO: [exp2_n1] Epoch 3/20 | Global examples: 171200 | Avg Loss (last 1024 ex): 0.7187
2026-07-25 23:24:49,209 - INFO: [exp2_n1] Epoch 3/20 | Global examples: 172224 | Avg Loss (last 1024 ex): 0.7241
2026-07-25 23:24:53,986 - INFO: [exp2_n1] Epoch 3/20 | Global examples: 173248 | Avg Loss (last 1024 ex): 0.7217
2026-07-25 23:24:58,806 - INFO: [exp2_n1] Epoch 3/20 | Global examples: 174272 | Avg Loss (last 1024 ex): 0.6994
2026-07-25 23:25:04,174 - INFO: [exp2_n1] Epoch 3/20 | Global examples: 175296 | Avg Loss (last 1024 ex): 0.7096
2026-07-25 23:25:04,655 - INFO: [exp2_n1] Epoch 3/20 | Global examples: 175392 | Avg Loss (last 96 ex): 0.8145
2026-07-25 23:25:05,481 - INFO: [exp2_n1] Epoch 3 Val | Examples: 1024 | Avg Loss (last 1024 ex): 0.5349
2026-07-25 23:25:06,281 - INFO: [exp2_n1] Epoch 3 Val | Examples: 2048 | Avg Loss (last 1024 ex): 0.4976
2026-07-25 23:25:07,162 - INFO: [exp2_n1] Epoch 3 Val | Examples: 3072 | Avg Loss (last 1024 ex): 0.5302
2026-07-25 23:25:08,063 - INFO: [exp2_n1] Epoch 3 Val | Examples: 4096 | Avg Loss (last 1024 ex): 0.5661
2026-07-25 23:25:08,899 - INFO: [exp2_n1] Epoch 3 Val | Examples: 5120 | Avg Loss (last 1024 ex): 0.5378
2026-07-25 23:25:08,900 - INFO: [exp2_n1] === Epoch 3 done | Train Loss: 0.8467 | Val Loss: 0.5333 | Time: 284.7s ===
2026-07-25 23:25:08,928 - INFO: [exp2_n1] Model saved to C:/PythonProject/English2French/model/exp2_n1_epoch3.pth
2026-07-25 23:25:13,780 - INFO: [exp2_n1] Epoch 4/20 | Global examples: 176416 | Avg Loss (last 1024 ex): 0.6241
2026-07-25 23:25:19,484 - INFO: [exp2_n1] Epoch 4/20 | Global examples: 177440 | Avg Loss (last 1024 ex): 0.6197
2026-07-25 23:25:24,261 - INFO: [exp2_n1] Epoch 4/20 | Global examples: 178464 | Avg Loss (last 1024 ex): 0.6558
2026-07-25 23:25:29,184 - INFO: [exp2_n1] Epoch 4/20 | Global examples: 179488 | Avg Loss (last 1024 ex): 0.6627
2026-07-25 23:25:34,433 - INFO: [exp2_n1] Epoch 4/20 | Global examples: 180512 | Avg Loss (last 1024 ex): 0.6220
2026-07-25 23:25:39,240 - INFO: [exp2_n1] Epoch 4/20 | Global examples: 181536 | Avg Loss (last 1024 ex): 0.6444
2026-07-25 23:25:44,095 - INFO: [exp2_n1] Epoch 4/20 | Global examples: 182560 | Avg Loss (last 1024 ex): 0.6169
2026-07-25 23:25:49,465 - INFO: [exp2_n1] Epoch 4/20 | Global examples: 183584 | Avg Loss (last 1024 ex): 0.6693
2026-07-25 23:25:54,285 - INFO: [exp2_n1] Epoch 4/20 | Global examples: 184608 | Avg Loss (last 1024 ex): 0.6350
2026-07-25 23:25:59,102 - INFO: [exp2_n1] Epoch 4/20 | Global examples: 185632 | Avg Loss (last 1024 ex): 0.6009
2026-07-25 23:26:04,351 - INFO: [exp2_n1] Epoch 4/20 | Global examples: 186656 | Avg Loss (last 1024 ex): 0.6513
2026-07-25 23:26:09,243 - INFO: [exp2_n1] Epoch 4/20 | Global examples: 187680 | Avg Loss (last 1024 ex): 0.6690
2026-07-25 23:26:14,053 - INFO: [exp2_n1] Epoch 4/20 | Global examples: 188704 | Avg Loss (last 1024 ex): 0.6414
2026-07-25 23:26:19,428 - INFO: [exp2_n1] Epoch 4/20 | Global examples: 189728 | Avg Loss (last 1024 ex): 0.6386
2026-07-25 23:26:24,387 - INFO: [exp2_n1] Epoch 4/20 | Global examples: 190752 | Avg Loss (last 1024 ex): 0.6048
2026-07-25 23:26:29,316 - INFO: [exp2_n1] Epoch 4/20 | Global examples: 191776 | Avg Loss (last 1024 ex): 0.6281
2026-07-25 23:26:34,487 - INFO: [exp2_n1] Epoch 4/20 | Global examples: 192800 | Avg Loss (last 1024 ex): 0.6408
2026-07-25 23:26:39,546 - INFO: [exp2_n1] Epoch 4/20 | Global examples: 193824 | Avg Loss (last 1024 ex): 0.6031
2026-07-25 23:26:44,441 - INFO: [exp2_n1] Epoch 4/20 | Global examples: 194848 | Avg Loss (last 1024 ex): 0.6591
2026-07-25 23:26:49,977 - INFO: [exp2_n1] Epoch 4/20 | Global examples: 195872 | Avg Loss (last 1024 ex): 0.6747
2026-07-25 23:26:54,854 - INFO: [exp2_n1] Epoch 4/20 | Global examples: 196896 | Avg Loss (last 1024 ex): 0.6267
2026-07-25 23:26:59,762 - INFO: [exp2_n1] Epoch 4/20 | Global examples: 197920 | Avg Loss (last 1024 ex): 0.6174
2026-07-25 23:27:05,115 - INFO: [exp2_n1] Epoch 4/20 | Global examples: 198944 | Avg Loss (last 1024 ex): 0.6410
2026-07-25 23:27:10,050 - INFO: [exp2_n1] Epoch 4/20 | Global examples: 199968 | Avg Loss (last 1024 ex): 0.6205
2026-07-25 23:27:14,867 - INFO: [exp2_n1] Epoch 4/20 | Global examples: 200992 | Avg Loss (last 1024 ex): 0.6131
2026-07-25 23:27:20,232 - INFO: [exp2_n1] Epoch 4/20 | Global examples: 202016 | Avg Loss (last 1024 ex): 0.5955
2026-07-25 23:27:25,044 - INFO: [exp2_n1] Epoch 4/20 | Global examples: 203040 | Avg Loss (last 1024 ex): 0.6126
2026-07-25 23:27:29,853 - INFO: [exp2_n1] Epoch 4/20 | Global examples: 204064 | Avg Loss (last 1024 ex): 0.6626
2026-07-25 23:27:35,022 - INFO: [exp2_n1] Epoch 4/20 | Global examples: 205088 | Avg Loss (last 1024 ex): 0.5839
2026-07-25 23:27:39,863 - INFO: [exp2_n1] Epoch 4/20 | Global examples: 206112 | Avg Loss (last 1024 ex): 0.5903
2026-07-25 23:27:44,856 - INFO: [exp2_n1] Epoch 4/20 | Global examples: 207136 | Avg Loss (last 1024 ex): 0.6131
2026-07-25 23:27:50,328 - INFO: [exp2_n1] Epoch 4/20 | Global examples: 208160 | Avg Loss (last 1024 ex): 0.6159
2026-07-25 23:27:55,257 - INFO: [exp2_n1] Epoch 4/20 | Global examples: 209184 | Avg Loss (last 1024 ex): 0.6368
2026-07-25 23:28:00,185 - INFO: [exp2_n1] Epoch 4/20 | Global examples: 210208 | Avg Loss (last 1024 ex): 0.6056
2026-07-25 23:28:05,510 - INFO: [exp2_n1] Epoch 4/20 | Global examples: 211232 | Avg Loss (last 1024 ex): 0.5888
2026-07-25 23:28:10,395 - INFO: [exp2_n1] Epoch 4/20 | Global examples: 212256 | Avg Loss (last 1024 ex): 0.5599
2026-07-25 23:28:15,224 - INFO: [exp2_n1] Epoch 4/20 | Global examples: 213280 | Avg Loss (last 1024 ex): 0.6321
2026-07-25 23:28:20,572 - INFO: [exp2_n1] Epoch 4/20 | Global examples: 214304 | Avg Loss (last 1024 ex): 0.6138
2026-07-25 23:28:25,473 - INFO: [exp2_n1] Epoch 4/20 | Global examples: 215328 | Avg Loss (last 1024 ex): 0.5883
2026-07-25 23:28:30,282 - INFO: [exp2_n1] Epoch 4/20 | Global examples: 216352 | Avg Loss (last 1024 ex): 0.5934
2026-07-25 23:28:35,461 - INFO: [exp2_n1] Epoch 4/20 | Global examples: 217376 | Avg Loss (last 1024 ex): 0.6021
2026-07-25 23:28:40,426 - INFO: [exp2_n1] Epoch 4/20 | Global examples: 218400 | Avg Loss (last 1024 ex): 0.5759
2026-07-25 23:28:45,391 - INFO: [exp2_n1] Epoch 4/20 | Global examples: 219424 | Avg Loss (last 1024 ex): 0.5928
2026-07-25 23:28:50,808 - INFO: [exp2_n1] Epoch 4/20 | Global examples: 220448 | Avg Loss (last 1024 ex): 0.5755
2026-07-25 23:28:55,626 - INFO: [exp2_n1] Epoch 4/20 | Global examples: 221472 | Avg Loss (last 1024 ex): 0.5972
2026-07-25 23:29:00,524 - INFO: [exp2_n1] Epoch 4/20 | Global examples: 222496 | Avg Loss (last 1024 ex): 0.5628
2026-07-25 23:29:05,692 - INFO: [exp2_n1] Epoch 4/20 | Global examples: 223520 | Avg Loss (last 1024 ex): 0.5733
2026-07-25 23:29:10,515 - INFO: [exp2_n1] Epoch 4/20 | Global examples: 224544 | Avg Loss (last 1024 ex): 0.5715
2026-07-25 23:29:15,365 - INFO: [exp2_n1] Epoch 4/20 | Global examples: 225568 | Avg Loss (last 1024 ex): 0.5314
2026-07-25 23:29:20,787 - INFO: [exp2_n1] Epoch 4/20 | Global examples: 226592 | Avg Loss (last 1024 ex): 0.5745
2026-07-25 23:29:25,727 - INFO: [exp2_n1] Epoch 4/20 | Global examples: 227616 | Avg Loss (last 1024 ex): 0.5601
2026-07-25 23:29:30,607 - INFO: [exp2_n1] Epoch 4/20 | Global examples: 228640 | Avg Loss (last 1024 ex): 0.5710
2026-07-25 23:29:35,865 - INFO: [exp2_n1] Epoch 4/20 | Global examples: 229664 | Avg Loss (last 1024 ex): 0.5696
2026-07-25 23:29:40,852 - INFO: [exp2_n1] Epoch 4/20 | Global examples: 230688 | Avg Loss (last 1024 ex): 0.5680
2026-07-25 23:29:45,776 - INFO: [exp2_n1] Epoch 4/20 | Global examples: 231712 | Avg Loss (last 1024 ex): 0.5852
2026-07-25 23:29:51,266 - INFO: [exp2_n1] Epoch 4/20 | Global examples: 232736 | Avg Loss (last 1024 ex): 0.5327
2026-07-25 23:29:56,105 - INFO: [exp2_n1] Epoch 4/20 | Global examples: 233760 | Avg Loss (last 1024 ex): 0.5682
2026-07-25 23:29:56,559 - INFO: [exp2_n1] Epoch 4/20 | Global examples: 233856 | Avg Loss (last 96 ex): 0.5840
2026-07-25 23:29:57,402 - INFO: [exp2_n1] Epoch 4 Val | Examples: 1024 | Avg Loss (last 1024 ex): 0.4003
2026-07-25 23:29:58,173 - INFO: [exp2_n1] Epoch 4 Val | Examples: 2048 | Avg Loss (last 1024 ex): 0.3815
2026-07-25 23:29:58,957 - INFO: [exp2_n1] Epoch 4 Val | Examples: 3072 | Avg Loss (last 1024 ex): 0.4170
2026-07-25 23:29:59,741 - INFO: [exp2_n1] Epoch 4 Val | Examples: 4096 | Avg Loss (last 1024 ex): 0.4148
2026-07-25 23:30:00,533 - INFO: [exp2_n1] Epoch 4 Val | Examples: 5120 | Avg Loss (last 1024 ex): 0.4255
2026-07-25 23:30:00,533 - INFO: [exp2_n1] === Epoch 4 done | Train Loss: 0.6085 | Val Loss: 0.4078 | Time: 287.6s ===
2026-07-25 23:30:00,564 - INFO: [exp2_n1] Model saved to C:/PythonProject/English2French/model/exp2_n1_epoch4.pth
2026-07-25 23:30:06,313 - INFO: [exp2_n1] Epoch 5/20 | Global examples: 234880 | Avg Loss (last 1024 ex): 0.4985
2026-07-25 23:30:11,205 - INFO: [exp2_n1] Epoch 5/20 | Global examples: 235904 | Avg Loss (last 1024 ex): 0.4937
2026-07-25 23:30:16,038 - INFO: [exp2_n1] Epoch 5/20 | Global examples: 236928 | Avg Loss (last 1024 ex): 0.4981
2026-07-25 23:30:21,290 - INFO: [exp2_n1] Epoch 5/20 | Global examples: 237952 | Avg Loss (last 1024 ex): 0.5130
2026-07-25 23:30:26,254 - INFO: [exp2_n1] Epoch 5/20 | Global examples: 238976 | Avg Loss (last 1024 ex): 0.4919
2026-07-25 23:30:31,159 - INFO: [exp2_n1] Epoch 5/20 | Global examples: 240000 | Avg Loss (last 1024 ex): 0.4970
2026-07-25 23:30:36,627 - INFO: [exp2_n1] Epoch 5/20 | Global examples: 241024 | Avg Loss (last 1024 ex): 0.4966
2026-07-25 23:30:41,535 - INFO: [exp2_n1] Epoch 5/20 | Global examples: 242048 | Avg Loss (last 1024 ex): 0.5103
2026-07-25 23:30:46,351 - INFO: [exp2_n1] Epoch 5/20 | Global examples: 243072 | Avg Loss (last 1024 ex): 0.4900
2026-07-25 23:30:51,705 - INFO: [exp2_n1] Epoch 5/20 | Global examples: 244096 | Avg Loss (last 1024 ex): 0.4994
2026-07-25 23:30:56,680 - INFO: [exp2_n1] Epoch 5/20 | Global examples: 245120 | Avg Loss (last 1024 ex): 0.5015
2026-07-25 23:31:01,665 - INFO: [exp2_n1] Epoch 5/20 | Global examples: 246144 | Avg Loss (last 1024 ex): 0.5025
2026-07-25 23:31:07,330 - INFO: [exp2_n1] Epoch 5/20 | Global examples: 247168 | Avg Loss (last 1024 ex): 0.5271
2026-07-25 23:31:12,213 - INFO: [exp2_n1] Epoch 5/20 | Global examples: 248192 | Avg Loss (last 1024 ex): 0.5321
2026-07-25 23:31:17,064 - INFO: [exp2_n1] Epoch 5/20 | Global examples: 249216 | Avg Loss (last 1024 ex): 0.5321
2026-07-25 23:31:22,399 - INFO: [exp2_n1] Epoch 5/20 | Global examples: 250240 | Avg Loss (last 1024 ex): 0.4765
2026-07-25 23:31:27,361 - INFO: [exp2_n1] Epoch 5/20 | Global examples: 251264 | Avg Loss (last 1024 ex): 0.5014
2026-07-25 23:31:32,318 - INFO: [exp2_n1] Epoch 5/20 | Global examples: 252288 | Avg Loss (last 1024 ex): 0.5108
2026-07-25 23:31:37,783 - INFO: [exp2_n1] Epoch 5/20 | Global examples: 253312 | Avg Loss (last 1024 ex): 0.4828
2026-07-25 23:31:42,594 - INFO: [exp2_n1] Epoch 5/20 | Global examples: 254336 | Avg Loss (last 1024 ex): 0.4886
2026-07-25 23:31:47,377 - INFO: [exp2_n1] Epoch 5/20 | Global examples: 255360 | Avg Loss (last 1024 ex): 0.5166
2026-07-25 23:31:52,661 - INFO: [exp2_n1] Epoch 5/20 | Global examples: 256384 | Avg Loss (last 1024 ex): 0.5261
2026-07-25 23:31:57,563 - INFO: [exp2_n1] Epoch 5/20 | Global examples: 257408 | Avg Loss (last 1024 ex): 0.5163
2026-07-25 23:32:02,479 - INFO: [exp2_n1] Epoch 5/20 | Global examples: 258432 | Avg Loss (last 1024 ex): 0.5173
2026-07-25 23:32:07,975 - INFO: [exp2_n1] Epoch 5/20 | Global examples: 259456 | Avg Loss (last 1024 ex): 0.5107
2026-07-25 23:32:12,802 - INFO: [exp2_n1] Epoch 5/20 | Global examples: 260480 | Avg Loss (last 1024 ex): 0.4985
2026-07-25 23:32:17,649 - INFO: [exp2_n1] Epoch 5/20 | Global examples: 261504 | Avg Loss (last 1024 ex): 0.5136
2026-07-25 23:32:23,000 - INFO: [exp2_n1] Epoch 5/20 | Global examples: 262528 | Avg Loss (last 1024 ex): 0.5278
2026-07-25 23:32:27,922 - INFO: [exp2_n1] Epoch 5/20 | Global examples: 263552 | Avg Loss (last 1024 ex): 0.4950
2026-07-25 23:32:32,826 - INFO: [exp2_n1] Epoch 5/20 | Global examples: 264576 | Avg Loss (last 1024 ex): 0.5025
2026-07-25 23:32:38,268 - INFO: [exp2_n1] Epoch 5/20 | Global examples: 265600 | Avg Loss (last 1024 ex): 0.4882
2026-07-25 23:32:43,154 - INFO: [exp2_n1] Epoch 5/20 | Global examples: 266624 | Avg Loss (last 1024 ex): 0.4902
2026-07-25 23:32:48,052 - INFO: [exp2_n1] Epoch 5/20 | Global examples: 267648 | Avg Loss (last 1024 ex): 0.5274
2026-07-25 23:32:53,287 - INFO: [exp2_n1] Epoch 5/20 | Global examples: 268672 | Avg Loss (last 1024 ex): 0.4864
2026-07-25 23:32:58,159 - INFO: [exp2_n1] Epoch 5/20 | Global examples: 269696 | Avg Loss (last 1024 ex): 0.4977
2026-07-25 23:33:03,117 - INFO: [exp2_n1] Epoch 5/20 | Global examples: 270720 | Avg Loss (last 1024 ex): 0.4945
2026-07-25 23:33:08,634 - INFO: [exp2_n1] Epoch 5/20 | Global examples: 271744 | Avg Loss (last 1024 ex): 0.5125
2026-07-25 23:33:13,473 - INFO: [exp2_n1] Epoch 5/20 | Global examples: 272768 | Avg Loss (last 1024 ex): 0.4622
2026-07-25 23:33:18,406 - INFO: [exp2_n1] Epoch 5/20 | Global examples: 273792 | Avg Loss (last 1024 ex): 0.4783
2026-07-25 23:33:23,674 - INFO: [exp2_n1] Epoch 5/20 | Global examples: 274816 | Avg Loss (last 1024 ex): 0.5000
2026-07-25 23:33:28,423 - INFO: [exp2_n1] Epoch 5/20 | Global examples: 275840 | Avg Loss (last 1024 ex): 0.4894
2026-07-25 23:33:33,241 - INFO: [exp2_n1] Epoch 5/20 | Global examples: 276864 | Avg Loss (last 1024 ex): 0.5032
2026-07-25 23:33:38,651 - INFO: [exp2_n1] Epoch 5/20 | Global examples: 277888 | Avg Loss (last 1024 ex): 0.4812
2026-07-25 23:33:43,568 - INFO: [exp2_n1] Epoch 5/20 | Global examples: 278912 | Avg Loss (last 1024 ex): 0.4842
2026-07-25 23:33:48,477 - INFO: [exp2_n1] Epoch 5/20 | Global examples: 279936 | Avg Loss (last 1024 ex): 0.4928
2026-07-25 23:33:53,824 - INFO: [exp2_n1] Epoch 5/20 | Global examples: 280960 | Avg Loss (last 1024 ex): 0.4912
2026-07-25 23:33:58,790 - INFO: [exp2_n1] Epoch 5/20 | Global examples: 281984 | Avg Loss (last 1024 ex): 0.4731
2026-07-25 23:34:03,829 - INFO: [exp2_n1] Epoch 5/20 | Global examples: 283008 | Avg Loss (last 1024 ex): 0.4836
2026-07-25 23:34:09,198 - INFO: [exp2_n1] Epoch 5/20 | Global examples: 284032 | Avg Loss (last 1024 ex): 0.4850
2026-07-25 23:34:13,977 - INFO: [exp2_n1] Epoch 5/20 | Global examples: 285056 | Avg Loss (last 1024 ex): 0.4657
2026-07-25 23:34:18,751 - INFO: [exp2_n1] Epoch 5/20 | Global examples: 286080 | Avg Loss (last 1024 ex): 0.4755
2026-07-25 23:34:23,881 - INFO: [exp2_n1] Epoch 5/20 | Global examples: 287104 | Avg Loss (last 1024 ex): 0.4698
2026-07-25 23:34:28,699 - INFO: [exp2_n1] Epoch 5/20 | Global examples: 288128 | Avg Loss (last 1024 ex): 0.5004
2026-07-25 23:34:33,582 - INFO: [exp2_n1] Epoch 5/20 | Global examples: 289152 | Avg Loss (last 1024 ex): 0.4747
2026-07-25 23:34:39,091 - INFO: [exp2_n1] Epoch 5/20 | Global examples: 290176 | Avg Loss (last 1024 ex): 0.4866
2026-07-25 23:34:44,066 - INFO: [exp2_n1] Epoch 5/20 | Global examples: 291200 | Avg Loss (last 1024 ex): 0.4692
2026-07-25 23:34:49,098 - INFO: [exp2_n1] Epoch 5/20 | Global examples: 292224 | Avg Loss (last 1024 ex): 0.4682
2026-07-25 23:34:49,882 - INFO: [exp2_n1] Epoch 5/20 | Global examples: 292320 | Avg Loss (last 96 ex): 0.5643
2026-07-25 23:34:50,859 - INFO: [exp2_n1] Epoch 5 Val | Examples: 1024 | Avg Loss (last 1024 ex): 0.3665
2026-07-25 23:34:51,779 - INFO: [exp2_n1] Epoch 5 Val | Examples: 2048 | Avg Loss (last 1024 ex): 0.3243
2026-07-25 23:34:52,587 - INFO: [exp2_n1] Epoch 5 Val | Examples: 3072 | Avg Loss (last 1024 ex): 0.3510
2026-07-25 23:34:53,412 - INFO: [exp2_n1] Epoch 5 Val | Examples: 4096 | Avg Loss (last 1024 ex): 0.3595
2026-07-25 23:34:54,269 - INFO: [exp2_n1] Epoch 5 Val | Examples: 5120 | Avg Loss (last 1024 ex): 0.3523
2026-07-25 23:34:54,269 - INFO: [exp2_n1] === Epoch 5 done | Train Loss: 0.4966 | Val Loss: 0.3507 | Time: 289.3s ===
2026-07-25 23:34:54,307 - INFO: [exp2_n1] Model saved to C:/PythonProject/English2French/model/exp2_n1_epoch5.pth
2026-07-25 23:34:59,260 - INFO: [exp2_n1] Epoch 6/20 | Global examples: 293344 | Avg Loss (last 1024 ex): 0.4152
2026-07-25 23:35:04,354 - INFO: [exp2_n1] Epoch 6/20 | Global examples: 294368 | Avg Loss (last 1024 ex): 0.4343
2026-07-25 23:35:10,196 - INFO: [exp2_n1] Epoch 6/20 | Global examples: 295392 | Avg Loss (last 1024 ex): 0.4203
2026-07-25 23:35:15,099 - INFO: [exp2_n1] Epoch 6/20 | Global examples: 296416 | Avg Loss (last 1024 ex): 0.4252
2026-07-25 23:35:20,381 - INFO: [exp2_n1] Epoch 6/20 | Global examples: 297440 | Avg Loss (last 1024 ex): 0.4192
2026-07-25 23:35:25,309 - INFO: [exp2_n1] Epoch 6/20 | Global examples: 298464 | Avg Loss (last 1024 ex): 0.4361
2026-07-25 23:35:30,277 - INFO: [exp2_n1] Epoch 6/20 | Global examples: 299488 | Avg Loss (last 1024 ex): 0.4337
2026-07-25 23:35:35,743 - INFO: [exp2_n1] Epoch 6/20 | Global examples: 300512 | Avg Loss (last 1024 ex): 0.4692
2026-07-25 23:35:40,815 - INFO: [exp2_n1] Epoch 6/20 | Global examples: 301536 | Avg Loss (last 1024 ex): 0.4222
2026-07-25 23:35:45,798 - INFO: [exp2_n1] Epoch 6/20 | Global examples: 302560 | Avg Loss (last 1024 ex): 0.4307
2026-07-25 23:35:51,031 - INFO: [exp2_n1] Epoch 6/20 | Global examples: 303584 | Avg Loss (last 1024 ex): 0.4443
2026-07-25 23:35:55,799 - INFO: [exp2_n1] Epoch 6/20 | Global examples: 304608 | Avg Loss (last 1024 ex): 0.4541
2026-07-25 23:36:00,708 - INFO: [exp2_n1] Epoch 6/20 | Global examples: 305632 | Avg Loss (last 1024 ex): 0.4351
2026-07-25 23:36:06,247 - INFO: [exp2_n1] Epoch 6/20 | Global examples: 306656 | Avg Loss (last 1024 ex): 0.4547
2026-07-25 23:36:11,093 - INFO: [exp2_n1] Epoch 6/20 | Global examples: 307680 | Avg Loss (last 1024 ex): 0.4517
2026-07-25 23:36:16,027 - INFO: [exp2_n1] Epoch 6/20 | Global examples: 308704 | Avg Loss (last 1024 ex): 0.4514
2026-07-25 23:36:21,365 - INFO: [exp2_n1] Epoch 6/20 | Global examples: 309728 | Avg Loss (last 1024 ex): 0.4476
2026-07-25 23:36:26,366 - INFO: [exp2_n1] Epoch 6/20 | Global examples: 310752 | Avg Loss (last 1024 ex): 0.4320
2026-07-25 23:36:31,238 - INFO: [exp2_n1] Epoch 6/20 | Global examples: 311776 | Avg Loss (last 1024 ex): 0.4253
2026-07-25 23:36:36,788 - INFO: [exp2_n1] Epoch 6/20 | Global examples: 312800 | Avg Loss (last 1024 ex): 0.4303
2026-07-25 23:36:41,913 - INFO: [exp2_n1] Epoch 6/20 | Global examples: 313824 | Avg Loss (last 1024 ex): 0.4601
2026-07-25 23:36:46,868 - INFO: [exp2_n1] Epoch 6/20 | Global examples: 314848 | Avg Loss (last 1024 ex): 0.4369
2026-07-25 23:36:52,106 - INFO: [exp2_n1] Epoch 6/20 | Global examples: 315872 | Avg Loss (last 1024 ex): 0.4230
2026-07-25 23:36:57,021 - INFO: [exp2_n1] Epoch 6/20 | Global examples: 316896 | Avg Loss (last 1024 ex): 0.4190
2026-07-25 23:37:02,052 - INFO: [exp2_n1] Epoch 6/20 | Global examples: 317920 | Avg Loss (last 1024 ex): 0.4320
2026-07-25 23:37:07,452 - INFO: [exp2_n1] Epoch 6/20 | Global examples: 318944 | Avg Loss (last 1024 ex): 0.4454
2026-07-25 23:37:12,288 - INFO: [exp2_n1] Epoch 6/20 | Global examples: 319968 | Avg Loss (last 1024 ex): 0.4615
2026-07-25 23:37:17,208 - INFO: [exp2_n1] Epoch 6/20 | Global examples: 320992 | Avg Loss (last 1024 ex): 0.4508
2026-07-25 23:37:22,580 - INFO: [exp2_n1] Epoch 6/20 | Global examples: 322016 | Avg Loss (last 1024 ex): 0.4567
2026-07-25 23:37:27,630 - INFO: [exp2_n1] Epoch 6/20 | Global examples: 323040 | Avg Loss (last 1024 ex): 0.4803
2026-07-25 23:37:32,558 - INFO: [exp2_n1] Epoch 6/20 | Global examples: 324064 | Avg Loss (last 1024 ex): 0.4289
2026-07-25 23:37:38,136 - INFO: [exp2_n1] Epoch 6/20 | Global examples: 325088 | Avg Loss (last 1024 ex): 0.4388
2026-07-25 23:37:43,033 - INFO: [exp2_n1] Epoch 6/20 | Global examples: 326112 | Avg Loss (last 1024 ex): 0.4303
2026-07-25 23:37:47,953 - INFO: [exp2_n1] Epoch 6/20 | Global examples: 327136 | Avg Loss (last 1024 ex): 0.4595
2026-07-25 23:37:53,169 - INFO: [exp2_n1] Epoch 6/20 | Global examples: 328160 | Avg Loss (last 1024 ex): 0.4573
2026-07-25 23:37:58,084 - INFO: [exp2_n1] Epoch 6/20 | Global examples: 329184 | Avg Loss (last 1024 ex): 0.4420
2026-07-25 23:38:03,084 - INFO: [exp2_n1] Epoch 6/20 | Global examples: 330208 | Avg Loss (last 1024 ex): 0.4324
2026-07-25 23:38:08,524 - INFO: [exp2_n1] Epoch 6/20 | Global examples: 331232 | Avg Loss (last 1024 ex): 0.4451
2026-07-25 23:38:13,427 - INFO: [exp2_n1] Epoch 6/20 | Global examples: 332256 | Avg Loss (last 1024 ex): 0.4337
2026-07-25 23:38:18,388 - INFO: [exp2_n1] Epoch 6/20 | Global examples: 333280 | Avg Loss (last 1024 ex): 0.4306
2026-07-25 23:38:23,778 - INFO: [exp2_n1] Epoch 6/20 | Global examples: 334304 | Avg Loss (last 1024 ex): 0.4730
2026-07-25 23:38:28,784 - INFO: [exp2_n1] Epoch 6/20 | Global examples: 335328 | Avg Loss (last 1024 ex): 0.4332
2026-07-25 23:38:33,734 - INFO: [exp2_n1] Epoch 6/20 | Global examples: 336352 | Avg Loss (last 1024 ex): 0.4251
2026-07-25 23:38:39,083 - INFO: [exp2_n1] Epoch 6/20 | Global examples: 337376 | Avg Loss (last 1024 ex): 0.4500
2026-07-25 23:38:44,012 - INFO: [exp2_n1] Epoch 6/20 | Global examples: 338400 | Avg Loss (last 1024 ex): 0.4671
2026-07-25 23:38:48,776 - INFO: [exp2_n1] Epoch 6/20 | Global examples: 339424 | Avg Loss (last 1024 ex): 0.4130
2026-07-25 23:38:54,085 - INFO: [exp2_n1] Epoch 6/20 | Global examples: 340448 | Avg Loss (last 1024 ex): 0.4523
2026-07-25 23:38:59,129 - INFO: [exp2_n1] Epoch 6/20 | Global examples: 341472 | Avg Loss (last 1024 ex): 0.4220
2026-07-25 23:39:04,167 - INFO: [exp2_n1] Epoch 6/20 | Global examples: 342496 | Avg Loss (last 1024 ex): 0.4209
2026-07-25 23:39:09,632 - INFO: [exp2_n1] Epoch 6/20 | Global examples: 343520 | Avg Loss (last 1024 ex): 0.4422
2026-07-25 23:39:14,601 - INFO: [exp2_n1] Epoch 6/20 | Global examples: 344544 | Avg Loss (last 1024 ex): 0.4287
2026-07-25 23:39:19,580 - INFO: [exp2_n1] Epoch 6/20 | Global examples: 345568 | Avg Loss (last 1024 ex): 0.4361
2026-07-25 23:39:24,961 - INFO: [exp2_n1] Epoch 6/20 | Global examples: 346592 | Avg Loss (last 1024 ex): 0.4296
2026-07-25 23:39:29,862 - INFO: [exp2_n1] Epoch 6/20 | Global examples: 347616 | Avg Loss (last 1024 ex): 0.4326
2026-07-25 23:39:34,786 - INFO: [exp2_n1] Epoch 6/20 | Global examples: 348640 | Avg Loss (last 1024 ex): 0.4292
2026-07-25 23:39:40,333 - INFO: [exp2_n1] Epoch 6/20 | Global examples: 349664 | Avg Loss (last 1024 ex): 0.4407
2026-07-25 23:39:45,362 - INFO: [exp2_n1] Epoch 6/20 | Global examples: 350688 | Avg Loss (last 1024 ex): 0.4191
2026-07-25 23:39:45,830 - INFO: [exp2_n1] Epoch 6/20 | Global examples: 350784 | Avg Loss (last 96 ex): 0.4419
2026-07-25 23:39:46,772 - INFO: [exp2_n1] Epoch 6 Val | Examples: 1024 | Avg Loss (last 1024 ex): 0.3138
2026-07-25 23:39:47,588 - INFO: [exp2_n1] Epoch 6 Val | Examples: 2048 | Avg Loss (last 1024 ex): 0.2917
2026-07-25 23:39:48,398 - INFO: [exp2_n1] Epoch 6 Val | Examples: 3072 | Avg Loss (last 1024 ex): 0.3054
2026-07-25 23:39:49,208 - INFO: [exp2_n1] Epoch 6 Val | Examples: 4096 | Avg Loss (last 1024 ex): 0.3135
2026-07-25 23:39:50,022 - INFO: [exp2_n1] Epoch 6 Val | Examples: 5120 | Avg Loss (last 1024 ex): 0.3222
2026-07-25 23:39:50,022 - INFO: [exp2_n1] === Epoch 6 done | Train Loss: 0.4388 | Val Loss: 0.3093 | Time: 291.5s ===
2026-07-25 23:39:50,055 - INFO: [exp2_n1] Model saved to C:/PythonProject/English2French/model/exp2_n1_epoch6.pth
2026-07-25 23:39:55,562 - INFO: [exp2_n1] Epoch 7/20 | Global examples: 351808 | Avg Loss (last 1024 ex): 0.3666
2026-07-25 23:40:00,662 - INFO: [exp2_n1] Epoch 7/20 | Global examples: 352832 | Avg Loss (last 1024 ex): 0.3818
2026-07-25 23:40:06,600 - INFO: [exp2_n1] Epoch 7/20 | Global examples: 353856 | Avg Loss (last 1024 ex): 0.3726
2026-07-25 23:40:11,492 - INFO: [exp2_n1] Epoch 7/20 | Global examples: 354880 | Avg Loss (last 1024 ex): 0.4054
2026-07-25 23:40:16,348 - INFO: [exp2_n1] Epoch 7/20 | Global examples: 355904 | Avg Loss (last 1024 ex): 0.3933
2026-07-25 23:40:21,568 - INFO: [exp2_n1] Epoch 7/20 | Global examples: 356928 | Avg Loss (last 1024 ex): 0.3967
2026-07-25 23:40:26,407 - INFO: [exp2_n1] Epoch 7/20 | Global examples: 357952 | Avg Loss (last 1024 ex): 0.3990
2026-07-25 23:40:31,296 - INFO: [exp2_n1] Epoch 7/20 | Global examples: 358976 | Avg Loss (last 1024 ex): 0.3661
2026-07-25 23:40:36,805 - INFO: [exp2_n1] Epoch 7/20 | Global examples: 360000 | Avg Loss (last 1024 ex): 0.3991
2026-07-25 23:40:41,919 - INFO: [exp2_n1] Epoch 7/20 | Global examples: 361024 | Avg Loss (last 1024 ex): 0.3883
2026-07-25 23:40:46,864 - INFO: [exp2_n1] Epoch 7/20 | Global examples: 362048 | Avg Loss (last 1024 ex): 0.3815
2026-07-25 23:40:52,194 - INFO: [exp2_n1] Epoch 7/20 | Global examples: 363072 | Avg Loss (last 1024 ex): 0.3865
2026-07-25 23:40:57,283 - INFO: [exp2_n1] Epoch 7/20 | Global examples: 364096 | Avg Loss (last 1024 ex): 0.3922
2026-07-25 23:41:02,244 - INFO: [exp2_n1] Epoch 7/20 | Global examples: 365120 | Avg Loss (last 1024 ex): 0.3885
2026-07-25 23:41:07,707 - INFO: [exp2_n1] Epoch 7/20 | Global examples: 366144 | Avg Loss (last 1024 ex): 0.3904
2026-07-25 23:41:12,681 - INFO: [exp2_n1] Epoch 7/20 | Global examples: 367168 | Avg Loss (last 1024 ex): 0.4073
2026-07-25 23:41:17,650 - INFO: [exp2_n1] Epoch 7/20 | Global examples: 368192 | Avg Loss (last 1024 ex): 0.4085
2026-07-25 23:41:22,971 - INFO: [exp2_n1] Epoch 7/20 | Global examples: 369216 | Avg Loss (last 1024 ex): 0.4149
2026-07-25 23:41:27,933 - INFO: [exp2_n1] Epoch 7/20 | Global examples: 370240 | Avg Loss (last 1024 ex): 0.4066
2026-07-25 23:41:32,942 - INFO: [exp2_n1] Epoch 7/20 | Global examples: 371264 | Avg Loss (last 1024 ex): 0.4137
2026-07-25 23:41:38,582 - INFO: [exp2_n1] Epoch 7/20 | Global examples: 372288 | Avg Loss (last 1024 ex): 0.4242
2026-07-25 23:41:43,715 - INFO: [exp2_n1] Epoch 7/20 | Global examples: 373312 | Avg Loss (last 1024 ex): 0.3979
2026-07-25 23:41:48,652 - INFO: [exp2_n1] Epoch 7/20 | Global examples: 374336 | Avg Loss (last 1024 ex): 0.4171
2026-07-25 23:41:53,982 - INFO: [exp2_n1] Epoch 7/20 | Global examples: 375360 | Avg Loss (last 1024 ex): 0.4131
2026-07-25 23:41:59,110 - INFO: [exp2_n1] Epoch 7/20 | Global examples: 376384 | Avg Loss (last 1024 ex): 0.4214
2026-07-25 23:42:04,076 - INFO: [exp2_n1] Epoch 7/20 | Global examples: 377408 | Avg Loss (last 1024 ex): 0.4023
2026-07-25 23:42:09,643 - INFO: [exp2_n1] Epoch 7/20 | Global examples: 378432 | Avg Loss (last 1024 ex): 0.3983
2026-07-25 23:42:14,646 - INFO: [exp2_n1] Epoch 7/20 | Global examples: 379456 | Avg Loss (last 1024 ex): 0.4206
2026-07-25 23:42:19,659 - INFO: [exp2_n1] Epoch 7/20 | Global examples: 380480 | Avg Loss (last 1024 ex): 0.4185
2026-07-25 23:42:25,004 - INFO: [exp2_n1] Epoch 7/20 | Global examples: 381504 | Avg Loss (last 1024 ex): 0.4055
2026-07-25 23:42:29,940 - INFO: [exp2_n1] Epoch 7/20 | Global examples: 382528 | Avg Loss (last 1024 ex): 0.4061
2026-07-25 23:42:34,946 - INFO: [exp2_n1] Epoch 7/20 | Global examples: 383552 | Avg Loss (last 1024 ex): 0.4090
2026-07-25 23:42:40,634 - INFO: [exp2_n1] Epoch 7/20 | Global examples: 384576 | Avg Loss (last 1024 ex): 0.4198
2026-07-25 23:42:45,604 - INFO: [exp2_n1] Epoch 7/20 | Global examples: 385600 | Avg Loss (last 1024 ex): 0.4265
2026-07-25 23:42:50,441 - INFO: [exp2_n1] Epoch 7/20 | Global examples: 386624 | Avg Loss (last 1024 ex): 0.4283
2026-07-25 23:42:55,754 - INFO: [exp2_n1] Epoch 7/20 | Global examples: 387648 | Avg Loss (last 1024 ex): 0.4262
2026-07-25 23:43:00,711 - INFO: [exp2_n1] Epoch 7/20 | Global examples: 388672 | Avg Loss (last 1024 ex): 0.3895
2026-07-25 23:43:05,551 - INFO: [exp2_n1] Epoch 7/20 | Global examples: 389696 | Avg Loss (last 1024 ex): 0.3989
2026-07-25 23:43:11,032 - INFO: [exp2_n1] Epoch 7/20 | Global examples: 390720 | Avg Loss (last 1024 ex): 0.3988
2026-07-25 23:43:16,027 - INFO: [exp2_n1] Epoch 7/20 | Global examples: 391744 | Avg Loss (last 1024 ex): 0.4185
2026-07-25 23:43:21,390 - INFO: [exp2_n1] Epoch 7/20 | Global examples: 392768 | Avg Loss (last 1024 ex): 0.3918
2026-07-25 23:43:26,443 - INFO: [exp2_n1] Epoch 7/20 | Global examples: 393792 | Avg Loss (last 1024 ex): 0.4151
2026-07-25 23:43:31,436 - INFO: [exp2_n1] Epoch 7/20 | Global examples: 394816 | Avg Loss (last 1024 ex): 0.4034
2026-07-25 23:43:36,962 - INFO: [exp2_n1] Epoch 7/20 | Global examples: 395840 | Avg Loss (last 1024 ex): 0.3883
2026-07-25 23:43:41,988 - INFO: [exp2_n1] Epoch 7/20 | Global examples: 396864 | Avg Loss (last 1024 ex): 0.4090
2026-07-25 23:43:46,880 - INFO: [exp2_n1] Epoch 7/20 | Global examples: 397888 | Avg Loss (last 1024 ex): 0.4129
2026-07-25 23:43:52,227 - INFO: [exp2_n1] Epoch 7/20 | Global examples: 398912 | Avg Loss (last 1024 ex): 0.4329
2026-07-25 23:43:57,191 - INFO: [exp2_n1] Epoch 7/20 | Global examples: 399936 | Avg Loss (last 1024 ex): 0.4008
2026-07-25 23:44:02,156 - INFO: [exp2_n1] Epoch 7/20 | Global examples: 400960 | Avg Loss (last 1024 ex): 0.3964
2026-07-25 23:44:07,569 - INFO: [exp2_n1] Epoch 7/20 | Global examples: 401984 | Avg Loss (last 1024 ex): 0.3973
2026-07-25 23:44:12,568 - INFO: [exp2_n1] Epoch 7/20 | Global examples: 403008 | Avg Loss (last 1024 ex): 0.4168
2026-07-25 23:44:17,659 - INFO: [exp2_n1] Epoch 7/20 | Global examples: 404032 | Avg Loss (last 1024 ex): 0.3848
2026-07-25 23:44:23,041 - INFO: [exp2_n1] Epoch 7/20 | Global examples: 405056 | Avg Loss (last 1024 ex): 0.3989
2026-07-25 23:44:28,141 - INFO: [exp2_n1] Epoch 7/20 | Global examples: 406080 | Avg Loss (last 1024 ex): 0.3886
2026-07-25 23:44:33,070 - INFO: [exp2_n1] Epoch 7/20 | Global examples: 407104 | Avg Loss (last 1024 ex): 0.3942
2026-07-25 23:44:38,591 - INFO: [exp2_n1] Epoch 7/20 | Global examples: 408128 | Avg Loss (last 1024 ex): 0.3854
2026-07-25 23:44:43,407 - INFO: [exp2_n1] Epoch 7/20 | Global examples: 409152 | Avg Loss (last 1024 ex): 0.4121
2026-07-25 23:44:43,877 - INFO: [exp2_n1] Epoch 7/20 | Global examples: 409248 | Avg Loss (last 96 ex): 0.3774
2026-07-25 23:44:44,768 - INFO: [exp2_n1] Epoch 7 Val | Examples: 1024 | Avg Loss (last 1024 ex): 0.2817
2026-07-25 23:44:45,593 - INFO: [exp2_n1] Epoch 7 Val | Examples: 2048 | Avg Loss (last 1024 ex): 0.2762
2026-07-25 23:44:46,425 - INFO: [exp2_n1] Epoch 7 Val | Examples: 3072 | Avg Loss (last 1024 ex): 0.2598
2026-07-25 23:44:47,261 - INFO: [exp2_n1] Epoch 7 Val | Examples: 4096 | Avg Loss (last 1024 ex): 0.2903
2026-07-25 23:44:48,108 - INFO: [exp2_n1] Epoch 7 Val | Examples: 5120 | Avg Loss (last 1024 ex): 0.2865
2026-07-25 23:44:48,108 - INFO: [exp2_n1] === Epoch 7 done | Train Loss: 0.4022 | Val Loss: 0.2789 | Time: 293.8s ===
2026-07-25 23:44:48,140 - INFO: [exp2_n1] Model saved to C:/PythonProject/English2French/model/exp2_n1_epoch7.pth
2026-07-25 23:44:54,226 - INFO: [exp2_n1] Epoch 8/20 | Global examples: 410272 | Avg Loss (last 1024 ex): 0.3260
2026-07-25 23:44:59,293 - INFO: [exp2_n1] Epoch 8/20 | Global examples: 411296 | Avg Loss (last 1024 ex): 0.3579
2026-07-25 23:45:04,311 - INFO: [exp2_n1] Epoch 8/20 | Global examples: 412320 | Avg Loss (last 1024 ex): 0.3815
2026-07-25 23:45:09,663 - INFO: [exp2_n1] Epoch 8/20 | Global examples: 413344 | Avg Loss (last 1024 ex): 0.3493
2026-07-25 23:45:14,682 - INFO: [exp2_n1] Epoch 8/20 | Global examples: 414368 | Avg Loss (last 1024 ex): 0.3605
2026-07-25 23:45:19,736 - INFO: [exp2_n1] Epoch 8/20 | Global examples: 415392 | Avg Loss (last 1024 ex): 0.3532
2026-07-25 23:45:25,247 - INFO: [exp2_n1] Epoch 8/20 | Global examples: 416416 | Avg Loss (last 1024 ex): 0.3731
2026-07-25 23:45:30,081 - INFO: [exp2_n1] Epoch 8/20 | Global examples: 417440 | Avg Loss (last 1024 ex): 0.3497
2026-07-25 23:45:34,952 - INFO: [exp2_n1] Epoch 8/20 | Global examples: 418464 | Avg Loss (last 1024 ex): 0.3592
2026-07-25 23:45:40,303 - INFO: [exp2_n1] Epoch 8/20 | Global examples: 419488 | Avg Loss (last 1024 ex): 0.3575
2026-07-25 23:45:45,189 - INFO: [exp2_n1] Epoch 8/20 | Global examples: 420512 | Avg Loss (last 1024 ex): 0.3790
2026-07-25 23:45:50,226 - INFO: [exp2_n1] Epoch 8/20 | Global examples: 421536 | Avg Loss (last 1024 ex): 0.3589
2026-07-25 23:45:55,860 - INFO: [exp2_n1] Epoch 8/20 | Global examples: 422560 | Avg Loss (last 1024 ex): 0.3785
2026-07-25 23:46:00,751 - INFO: [exp2_n1] Epoch 8/20 | Global examples: 423584 | Avg Loss (last 1024 ex): 0.3803
2026-07-25 23:46:05,735 - INFO: [exp2_n1] Epoch 8/20 | Global examples: 424608 | Avg Loss (last 1024 ex): 0.3759
2026-07-25 23:46:11,147 - INFO: [exp2_n1] Epoch 8/20 | Global examples: 425632 | Avg Loss (last 1024 ex): 0.3926
2026-07-25 23:46:16,157 - INFO: [exp2_n1] Epoch 8/20 | Global examples: 426656 | Avg Loss (last 1024 ex): 0.3860
2026-07-25 23:46:21,143 - INFO: [exp2_n1] Epoch 8/20 | Global examples: 427680 | Avg Loss (last 1024 ex): 0.3756
2026-07-25 23:46:26,613 - INFO: [exp2_n1] Epoch 8/20 | Global examples: 428704 | Avg Loss (last 1024 ex): 0.3915
2026-07-25 23:46:31,612 - INFO: [exp2_n1] Epoch 8/20 | Global examples: 429728 | Avg Loss (last 1024 ex): 0.3809
2026-07-25 23:46:36,898 - INFO: [exp2_n1] Epoch 8/20 | Global examples: 430752 | Avg Loss (last 1024 ex): 0.3874
2026-07-25 23:46:42,178 - INFO: [exp2_n1] Epoch 8/20 | Global examples: 431776 | Avg Loss (last 1024 ex): 0.3790
2026-07-25 23:46:47,018 - INFO: [exp2_n1] Epoch 8/20 | Global examples: 432800 | Avg Loss (last 1024 ex): 0.3777
2026-07-25 23:46:52,666 - INFO: [exp2_n1] Epoch 8/20 | Global examples: 433824 | Avg Loss (last 1024 ex): 0.3791
2026-07-25 23:46:57,768 - INFO: [exp2_n1] Epoch 8/20 | Global examples: 434848 | Avg Loss (last 1024 ex): 0.3632
2026-07-25 23:47:02,753 - INFO: [exp2_n1] Epoch 8/20 | Global examples: 435872 | Avg Loss (last 1024 ex): 0.3756
2026-07-25 23:47:08,010 - INFO: [exp2_n1] Epoch 8/20 | Global examples: 436896 | Avg Loss (last 1024 ex): 0.3702
2026-07-25 23:47:12,935 - INFO: [exp2_n1] Epoch 8/20 | Global examples: 437920 | Avg Loss (last 1024 ex): 0.3849
2026-07-25 23:47:17,824 - INFO: [exp2_n1] Epoch 8/20 | Global examples: 438944 | Avg Loss (last 1024 ex): 0.3632
2026-07-25 23:47:23,409 - INFO: [exp2_n1] Epoch 8/20 | Global examples: 439968 | Avg Loss (last 1024 ex): 0.3531
2026-07-25 23:47:28,357 - INFO: [exp2_n1] Epoch 8/20 | Global examples: 440992 | Avg Loss (last 1024 ex): 0.3711
2026-07-25 23:47:33,449 - INFO: [exp2_n1] Epoch 8/20 | Global examples: 442016 | Avg Loss (last 1024 ex): 0.3790
2026-07-25 23:47:38,799 - INFO: [exp2_n1] Epoch 8/20 | Global examples: 443040 | Avg Loss (last 1024 ex): 0.3737
2026-07-25 23:47:43,748 - INFO: [exp2_n1] Epoch 8/20 | Global examples: 444064 | Avg Loss (last 1024 ex): 0.3839
2026-07-25 23:47:48,694 - INFO: [exp2_n1] Epoch 8/20 | Global examples: 445088 | Avg Loss (last 1024 ex): 0.3971
2026-07-25 23:47:54,208 - INFO: [exp2_n1] Epoch 8/20 | Global examples: 446112 | Avg Loss (last 1024 ex): 0.3875
2026-07-25 23:47:59,213 - INFO: [exp2_n1] Epoch 8/20 | Global examples: 447136 | Avg Loss (last 1024 ex): 0.3954
2026-07-25 23:48:04,276 - INFO: [exp2_n1] Epoch 8/20 | Global examples: 448160 | Avg Loss (last 1024 ex): 0.3672
2026-07-25 23:48:09,755 - INFO: [exp2_n1] Epoch 8/20 | Global examples: 449184 | Avg Loss (last 1024 ex): 0.3700
2026-07-25 23:48:14,791 - INFO: [exp2_n1] Epoch 8/20 | Global examples: 450208 | Avg Loss (last 1024 ex): 0.3694
2026-07-25 23:48:19,838 - INFO: [exp2_n1] Epoch 8/20 | Global examples: 451232 | Avg Loss (last 1024 ex): 0.3639
2026-07-25 23:48:25,313 - INFO: [exp2_n1] Epoch 8/20 | Global examples: 452256 | Avg Loss (last 1024 ex): 0.3721
2026-07-25 23:48:30,355 - INFO: [exp2_n1] Epoch 8/20 | Global examples: 453280 | Avg Loss (last 1024 ex): 0.3661
2026-07-25 23:48:35,486 - INFO: [exp2_n1] Epoch 8/20 | Global examples: 454304 | Avg Loss (last 1024 ex): 0.3796
2026-07-25 23:48:40,852 - INFO: [exp2_n1] Epoch 8/20 | Global examples: 455328 | Avg Loss (last 1024 ex): 0.3557
2026-07-25 23:48:45,754 - INFO: [exp2_n1] Epoch 8/20 | Global examples: 456352 | Avg Loss (last 1024 ex): 0.3554
2026-07-25 23:48:50,774 - INFO: [exp2_n1] Epoch 8/20 | Global examples: 457376 | Avg Loss (last 1024 ex): 0.3806
2026-07-25 23:48:56,392 - INFO: [exp2_n1] Epoch 8/20 | Global examples: 458400 | Avg Loss (last 1024 ex): 0.3783
2026-07-25 23:49:01,285 - INFO: [exp2_n1] Epoch 8/20 | Global examples: 459424 | Avg Loss (last 1024 ex): 0.3685
2026-07-25 23:49:06,286 - INFO: [exp2_n1] Epoch 8/20 | Global examples: 460448 | Avg Loss (last 1024 ex): 0.3788
2026-07-25 23:49:11,761 - INFO: [exp2_n1] Epoch 8/20 | Global examples: 461472 | Avg Loss (last 1024 ex): 0.3863
2026-07-25 23:49:16,721 - INFO: [exp2_n1] Epoch 8/20 | Global examples: 462496 | Avg Loss (last 1024 ex): 0.3663
2026-07-25 23:49:21,749 - INFO: [exp2_n1] Epoch 8/20 | Global examples: 463520 | Avg Loss (last 1024 ex): 0.3704
2026-07-25 23:49:27,202 - INFO: [exp2_n1] Epoch 8/20 | Global examples: 464544 | Avg Loss (last 1024 ex): 0.3611
2026-07-25 23:49:32,128 - INFO: [exp2_n1] Epoch 8/20 | Global examples: 465568 | Avg Loss (last 1024 ex): 0.3663
2026-07-25 23:49:37,607 - INFO: [exp2_n1] Epoch 8/20 | Global examples: 466592 | Avg Loss (last 1024 ex): 0.3762
2026-07-25 23:49:42,698 - INFO: [exp2_n1] Epoch 8/20 | Global examples: 467616 | Avg Loss (last 1024 ex): 0.3785
2026-07-25 23:49:43,155 - INFO: [exp2_n1] Epoch 8/20 | Global examples: 467712 | Avg Loss (last 96 ex): 0.3867
2026-07-25 23:49:44,012 - INFO: [exp2_n1] Epoch 8 Val | Examples: 1024 | Avg Loss (last 1024 ex): 0.2911
2026-07-25 23:49:44,983 - INFO: [exp2_n1] Epoch 8 Val | Examples: 2048 | Avg Loss (last 1024 ex): 0.2590
2026-07-25 23:49:45,841 - INFO: [exp2_n1] Epoch 8 Val | Examples: 3072 | Avg Loss (last 1024 ex): 0.2759
2026-07-25 23:49:46,702 - INFO: [exp2_n1] Epoch 8 Val | Examples: 4096 | Avg Loss (last 1024 ex): 0.2700
2026-07-25 23:49:47,547 - INFO: [exp2_n1] Epoch 8 Val | Examples: 5120 | Avg Loss (last 1024 ex): 0.2708
2026-07-25 23:49:47,548 - INFO: [exp2_n1] === Epoch 8 done | Train Loss: 0.3719 | Val Loss: 0.2734 | Time: 295.0s ===
2026-07-25 23:49:47,581 - INFO: [exp2_n1] Model saved to C:/PythonProject/English2French/model/exp2_n1_epoch8.pth
2026-07-25 23:49:53,567 - INFO: [exp2_n1] Epoch 9/20 | Global examples: 468736 | Avg Loss (last 1024 ex): 0.3311
2026-07-25 23:49:58,611 - INFO: [exp2_n1] Epoch 9/20 | Global examples: 469760 | Avg Loss (last 1024 ex): 0.3283
2026-07-25 23:50:03,502 - INFO: [exp2_n1] Epoch 9/20 | Global examples: 470784 | Avg Loss (last 1024 ex): 0.3346
2026-07-25 23:50:08,881 - INFO: [exp2_n1] Epoch 9/20 | Global examples: 471808 | Avg Loss (last 1024 ex): 0.3320
2026-07-25 23:50:13,992 - INFO: [exp2_n1] Epoch 9/20 | Global examples: 472832 | Avg Loss (last 1024 ex): 0.3441
2026-07-25 23:50:19,042 - INFO: [exp2_n1] Epoch 9/20 | Global examples: 473856 | Avg Loss (last 1024 ex): 0.3503
2026-07-25 23:50:24,786 - INFO: [exp2_n1] Epoch 9/20 | Global examples: 474880 | Avg Loss (last 1024 ex): 0.3428
2026-07-25 23:50:29,889 - INFO: [exp2_n1] Epoch 9/20 | Global examples: 475904 | Avg Loss (last 1024 ex): 0.3358
2026-07-25 23:50:34,975 - INFO: [exp2_n1] Epoch 9/20 | Global examples: 476928 | Avg Loss (last 1024 ex): 0.3594
2026-07-25 23:50:40,400 - INFO: [exp2_n1] Epoch 9/20 | Global examples: 477952 | Avg Loss (last 1024 ex): 0.3568
2026-07-25 23:50:45,304 - INFO: [exp2_n1] Epoch 9/20 | Global examples: 478976 | Avg Loss (last 1024 ex): 0.3453
2026-07-25 23:50:50,389 - INFO: [exp2_n1] Epoch 9/20 | Global examples: 480000 | Avg Loss (last 1024 ex): 0.3539
2026-07-25 23:50:56,123 - INFO: [exp2_n1] Epoch 9/20 | Global examples: 481024 | Avg Loss (last 1024 ex): 0.3641
2026-07-25 23:51:01,207 - INFO: [exp2_n1] Epoch 9/20 | Global examples: 482048 | Avg Loss (last 1024 ex): 0.3284
2026-07-25 23:51:06,349 - INFO: [exp2_n1] Epoch 9/20 | Global examples: 483072 | Avg Loss (last 1024 ex): 0.3483
2026-07-25 23:51:11,889 - INFO: [exp2_n1] Epoch 9/20 | Global examples: 484096 | Avg Loss (last 1024 ex): 0.3710
2026-07-25 23:51:17,005 - INFO: [exp2_n1] Epoch 9/20 | Global examples: 485120 | Avg Loss (last 1024 ex): 0.3347
2026-07-25 23:51:22,186 - INFO: [exp2_n1] Epoch 9/20 | Global examples: 486144 | Avg Loss (last 1024 ex): 0.3478
2026-07-25 23:51:27,711 - INFO: [exp2_n1] Epoch 9/20 | Global examples: 487168 | Avg Loss (last 1024 ex): 0.3784
2026-07-25 23:51:32,601 - INFO: [exp2_n1] Epoch 9/20 | Global examples: 488192 | Avg Loss (last 1024 ex): 0.3819
2026-07-25 23:51:37,435 - INFO: [exp2_n1] Epoch 9/20 | Global examples: 489216 | Avg Loss (last 1024 ex): 0.3586
2026-07-25 23:51:42,755 - INFO: [exp2_n1] Epoch 9/20 | Global examples: 490240 | Avg Loss (last 1024 ex): 0.3370
2026-07-25 23:51:47,860 - INFO: [exp2_n1] Epoch 9/20 | Global examples: 491264 | Avg Loss (last 1024 ex): 0.3603
2026-07-25 23:51:53,441 - INFO: [exp2_n1] Epoch 9/20 | Global examples: 492288 | Avg Loss (last 1024 ex): 0.3631
2026-07-25 23:51:58,573 - INFO: [exp2_n1] Epoch 9/20 | Global examples: 493312 | Avg Loss (last 1024 ex): 0.3477
2026-07-25 23:52:03,607 - INFO: [exp2_n1] Epoch 9/20 | Global examples: 494336 | Avg Loss (last 1024 ex): 0.3769
2026-07-25 23:52:09,053 - INFO: [exp2_n1] Epoch 9/20 | Global examples: 495360 | Avg Loss (last 1024 ex): 0.3583
2026-07-25 23:52:14,153 - INFO: [exp2_n1] Epoch 9/20 | Global examples: 496384 | Avg Loss (last 1024 ex): 0.3724
2026-07-25 23:52:19,090 - INFO: [exp2_n1] Epoch 9/20 | Global examples: 497408 | Avg Loss (last 1024 ex): 0.3794
2026-07-25 23:52:24,501 - INFO: [exp2_n1] Epoch 9/20 | Global examples: 498432 | Avg Loss (last 1024 ex): 0.3712
2026-07-25 23:52:29,501 - INFO: [exp2_n1] Epoch 9/20 | Global examples: 499456 | Avg Loss (last 1024 ex): 0.3492
2026-07-25 23:52:34,573 - INFO: [exp2_n1] Epoch 9/20 | Global examples: 500480 | Avg Loss (last 1024 ex): 0.3650
2026-07-25 23:52:39,889 - INFO: [exp2_n1] Epoch 9/20 | Global examples: 501504 | Avg Loss (last 1024 ex): 0.3632
2026-07-25 23:52:44,924 - INFO: [exp2_n1] Epoch 9/20 | Global examples: 502528 | Avg Loss (last 1024 ex): 0.3565
2026-07-25 23:52:50,050 - INFO: [exp2_n1] Epoch 9/20 | Global examples: 503552 | Avg Loss (last 1024 ex): 0.3627
2026-07-25 23:52:55,762 - INFO: [exp2_n1] Epoch 9/20 | Global examples: 504576 | Avg Loss (last 1024 ex): 0.3508
2026-07-25 23:53:00,769 - INFO: [exp2_n1] Epoch 9/20 | Global examples: 505600 | Avg Loss (last 1024 ex): 0.3565
2026-07-25 23:53:05,722 - INFO: [exp2_n1] Epoch 9/20 | Global examples: 506624 | Avg Loss (last 1024 ex): 0.3517
2026-07-25 23:53:11,130 - INFO: [exp2_n1] Epoch 9/20 | Global examples: 507648 | Avg Loss (last 1024 ex): 0.3622
2026-07-25 23:53:16,099 - INFO: [exp2_n1] Epoch 9/20 | Global examples: 508672 | Avg Loss (last 1024 ex): 0.3533
2026-07-25 23:53:21,160 - INFO: [exp2_n1] Epoch 9/20 | Global examples: 509696 | Avg Loss (last 1024 ex): 0.3689
2026-07-25 23:53:26,702 - INFO: [exp2_n1] Epoch 9/20 | Global examples: 510720 | Avg Loss (last 1024 ex): 0.3648
2026-07-25 23:53:31,796 - INFO: [exp2_n1] Epoch 9/20 | Global examples: 511744 | Avg Loss (last 1024 ex): 0.3418
2026-07-25 23:53:36,918 - INFO: [exp2_n1] Epoch 9/20 | Global examples: 512768 | Avg Loss (last 1024 ex): 0.3761
2026-07-25 23:53:42,255 - INFO: [exp2_n1] Epoch 9/20 | Global examples: 513792 | Avg Loss (last 1024 ex): 0.3555
2026-07-25 23:53:47,298 - INFO: [exp2_n1] Epoch 9/20 | Global examples: 514816 | Avg Loss (last 1024 ex): 0.3342
2026-07-25 23:53:52,442 - INFO: [exp2_n1] Epoch 9/20 | Global examples: 515840 | Avg Loss (last 1024 ex): 0.3418
2026-07-25 23:53:58,112 - INFO: [exp2_n1] Epoch 9/20 | Global examples: 516864 | Avg Loss (last 1024 ex): 0.3441
2026-07-25 23:54:03,261 - INFO: [exp2_n1] Epoch 9/20 | Global examples: 517888 | Avg Loss (last 1024 ex): 0.3487
2026-07-25 23:54:08,382 - INFO: [exp2_n1] Epoch 9/20 | Global examples: 518912 | Avg Loss (last 1024 ex): 0.3545
2026-07-25 23:54:13,466 - INFO: [exp2_n1] Epoch 9/20 | Global examples: 519936 | Avg Loss (last 1024 ex): 0.3453
2026-07-25 23:54:18,584 - INFO: [exp2_n1] Epoch 9/20 | Global examples: 520960 | Avg Loss (last 1024 ex): 0.3589
2026-07-25 23:54:24,221 - INFO: [exp2_n1] Epoch 9/20 | Global examples: 521984 | Avg Loss (last 1024 ex): 0.3369
2026-07-25 23:54:29,555 - INFO: [exp2_n1] Epoch 9/20 | Global examples: 523008 | Avg Loss (last 1024 ex): 0.3774
2026-07-25 23:54:34,699 - INFO: [exp2_n1] Epoch 9/20 | Global examples: 524032 | Avg Loss (last 1024 ex): 0.3445
2026-07-25 23:54:40,163 - INFO: [exp2_n1] Epoch 9/20 | Global examples: 525056 | Avg Loss (last 1024 ex): 0.3518
2026-07-25 23:54:45,244 - INFO: [exp2_n1] Epoch 9/20 | Global examples: 526080 | Avg Loss (last 1024 ex): 0.3593
2026-07-25 23:54:45,732 - INFO: [exp2_n1] Epoch 9/20 | Global examples: 526176 | Avg Loss (last 96 ex): 0.3379
2026-07-25 23:54:46,785 - INFO: [exp2_n1] Epoch 9 Val | Examples: 1024 | Avg Loss (last 1024 ex): 0.2564
2026-07-25 23:54:47,809 - INFO: [exp2_n1] Epoch 9 Val | Examples: 2048 | Avg Loss (last 1024 ex): 0.2468
2026-07-25 23:54:48,740 - INFO: [exp2_n1] Epoch 9 Val | Examples: 3072 | Avg Loss (last 1024 ex): 0.2392
2026-07-25 23:54:49,605 - INFO: [exp2_n1] Epoch 9 Val | Examples: 4096 | Avg Loss (last 1024 ex): 0.2636
2026-07-25 23:54:50,478 - INFO: [exp2_n1] Epoch 9 Val | Examples: 5120 | Avg Loss (last 1024 ex): 0.2690
2026-07-25 23:54:50,479 - INFO: [exp2_n1] === Epoch 9 done | Train Loss: 0.3538 | Val Loss: 0.2550 | Time: 298.2s ===
2026-07-25 23:54:50,506 - INFO: [exp2_n1] Model saved to C:/PythonProject/English2French/model/exp2_n1_epoch9.pth
2026-07-25 23:54:56,547 - INFO: [exp2_n1] Epoch 10/20 | Global examples: 527200 | Avg Loss (last 1024 ex): 0.3126
2026-07-25 23:55:01,730 - INFO: [exp2_n1] Epoch 10/20 | Global examples: 528224 | Avg Loss (last 1024 ex): 0.3273
2026-07-25 23:55:06,918 - INFO: [exp2_n1] Epoch 10/20 | Global examples: 529248 | Avg Loss (last 1024 ex): 0.3141
2026-07-25 23:55:12,550 - INFO: [exp2_n1] Epoch 10/20 | Global examples: 530272 | Avg Loss (last 1024 ex): 0.3119
2026-07-25 23:55:17,570 - INFO: [exp2_n1] Epoch 10/20 | Global examples: 531296 | Avg Loss (last 1024 ex): 0.3231
2026-07-25 23:55:22,526 - INFO: [exp2_n1] Epoch 10/20 | Global examples: 532320 | Avg Loss (last 1024 ex): 0.3238
2026-07-25 23:55:28,303 - INFO: [exp2_n1] Epoch 10/20 | Global examples: 533344 | Avg Loss (last 1024 ex): 0.3189
2026-07-25 23:55:33,537 - INFO: [exp2_n1] Epoch 10/20 | Global examples: 534368 | Avg Loss (last 1024 ex): 0.3299
2026-07-25 23:55:38,898 - INFO: [exp2_n1] Epoch 10/20 | Global examples: 535392 | Avg Loss (last 1024 ex): 0.3320
2026-07-25 23:55:44,094 - INFO: [exp2_n1] Epoch 10/20 | Global examples: 536416 | Avg Loss (last 1024 ex): 0.3303
2026-07-25 23:55:49,118 - INFO: [exp2_n1] Epoch 10/20 | Global examples: 537440 | Avg Loss (last 1024 ex): 0.3183
2026-07-25 23:55:54,554 - INFO: [exp2_n1] Epoch 10/20 | Global examples: 538464 | Avg Loss (last 1024 ex): 0.3581
2026-07-25 23:55:59,432 - INFO: [exp2_n1] Epoch 10/20 | Global examples: 539488 | Avg Loss (last 1024 ex): 0.3329
2026-07-25 23:56:04,503 - INFO: [exp2_n1] Epoch 10/20 | Global examples: 540512 | Avg Loss (last 1024 ex): 0.3362
2026-07-25 23:56:10,002 - INFO: [exp2_n1] Epoch 10/20 | Global examples: 541536 | Avg Loss (last 1024 ex): 0.3499
2026-07-25 23:56:15,108 - INFO: [exp2_n1] Epoch 10/20 | Global examples: 542560 | Avg Loss (last 1024 ex): 0.3237
2026-07-25 23:56:20,126 - INFO: [exp2_n1] Epoch 10/20 | Global examples: 543584 | Avg Loss (last 1024 ex): 0.3371
2026-07-25 23:56:25,816 - INFO: [exp2_n1] Epoch 10/20 | Global examples: 544608 | Avg Loss (last 1024 ex): 0.3652
2026-07-25 23:56:30,924 - INFO: [exp2_n1] Epoch 10/20 | Global examples: 545632 | Avg Loss (last 1024 ex): 0.3508
2026-07-25 23:56:36,024 - INFO: [exp2_n1] Epoch 10/20 | Global examples: 546656 | Avg Loss (last 1024 ex): 0.3549
2026-07-25 23:56:41,432 - INFO: [exp2_n1] Epoch 10/20 | Global examples: 547680 | Avg Loss (last 1024 ex): 0.3445
2026-07-25 23:56:46,488 - INFO: [exp2_n1] Epoch 10/20 | Global examples: 548704 | Avg Loss (last 1024 ex): 0.3339
2026-07-25 23:56:51,487 - INFO: [exp2_n1] Epoch 10/20 | Global examples: 549728 | Avg Loss (last 1024 ex): 0.3452
2026-07-25 23:56:57,162 - INFO: [exp2_n1] Epoch 10/20 | Global examples: 550752 | Avg Loss (last 1024 ex): 0.3379
2026-07-25 23:57:02,316 - INFO: [exp2_n1] Epoch 10/20 | Global examples: 551776 | Avg Loss (last 1024 ex): 0.3406
2026-07-25 23:57:07,489 - INFO: [exp2_n1] Epoch 10/20 | Global examples: 552800 | Avg Loss (last 1024 ex): 0.3371
2026-07-25 23:57:13,103 - INFO: [exp2_n1] Epoch 10/20 | Global examples: 553824 | Avg Loss (last 1024 ex): 0.3567
2026-07-25 23:57:18,231 - INFO: [exp2_n1] Epoch 10/20 | Global examples: 554848 | Avg Loss (last 1024 ex): 0.3561
2026-07-25 23:57:23,202 - INFO: [exp2_n1] Epoch 10/20 | Global examples: 555872 | Avg Loss (last 1024 ex): 0.3406
2026-07-25 23:57:28,891 - INFO: [exp2_n1] Epoch 10/20 | Global examples: 556896 | Avg Loss (last 1024 ex): 0.3355
2026-07-25 23:57:33,865 - INFO: [exp2_n1] Epoch 10/20 | Global examples: 557920 | Avg Loss (last 1024 ex): 0.3453
2026-07-25 23:57:39,141 - INFO: [exp2_n1] Epoch 10/20 | Global examples: 558944 | Avg Loss (last 1024 ex): 0.3625
2026-07-25 23:57:44,306 - INFO: [exp2_n1] Epoch 10/20 | Global examples: 559968 | Avg Loss (last 1024 ex): 0.3388
2026-07-25 23:57:49,403 - INFO: [exp2_n1] Epoch 10/20 | Global examples: 560992 | Avg Loss (last 1024 ex): 0.3563
2026-07-25 23:57:55,172 - INFO: [exp2_n1] Epoch 10/20 | Global examples: 562016 | Avg Loss (last 1024 ex): 0.3358
2026-07-25 23:58:00,312 - INFO: [exp2_n1] Epoch 10/20 | Global examples: 563040 | Avg Loss (last 1024 ex): 0.3546
2026-07-25 23:58:05,684 - INFO: [exp2_n1] Epoch 10/20 | Global examples: 564064 | Avg Loss (last 1024 ex): 0.3522
2026-07-25 23:58:11,525 - INFO: [exp2_n1] Epoch 10/20 | Global examples: 565088 | Avg Loss (last 1024 ex): 0.3527
2026-07-25 23:58:16,649 - INFO: [exp2_n1] Epoch 10/20 | Global examples: 566112 | Avg Loss (last 1024 ex): 0.3807
2026-07-25 23:58:21,627 - INFO: [exp2_n1] Epoch 10/20 | Global examples: 567136 | Avg Loss (last 1024 ex): 0.3476
2026-07-25 23:58:27,248 - INFO: [exp2_n1] Epoch 10/20 | Global examples: 568160 | Avg Loss (last 1024 ex): 0.3353
2026-07-25 23:58:32,205 - INFO: [exp2_n1] Epoch 10/20 | Global examples: 569184 | Avg Loss (last 1024 ex): 0.3632
2026-07-25 23:58:37,156 - INFO: [exp2_n1] Epoch 10/20 | Global examples: 570208 | Avg Loss (last 1024 ex): 0.3425
2026-07-25 23:58:42,699 - INFO: [exp2_n1] Epoch 10/20 | Global examples: 571232 | Avg Loss (last 1024 ex): 0.3330
2026-07-25 23:58:47,858 - INFO: [exp2_n1] Epoch 10/20 | Global examples: 572256 | Avg Loss (last 1024 ex): 0.3438
2026-07-25 23:58:53,025 - INFO: [exp2_n1] Epoch 10/20 | Global examples: 573280 | Avg Loss (last 1024 ex): 0.3472
2026-07-25 23:58:58,656 - INFO: [exp2_n1] Epoch 10/20 | Global examples: 574304 | Avg Loss (last 1024 ex): 0.3352
2026-07-25 23:59:03,790 - INFO: [exp2_n1] Epoch 10/20 | Global examples: 575328 | Avg Loss (last 1024 ex): 0.3536
2026-07-25 23:59:09,031 - INFO: [exp2_n1] Epoch 10/20 | Global examples: 576352 | Avg Loss (last 1024 ex): 0.3438
2026-07-25 23:59:14,507 - INFO: [exp2_n1] Epoch 10/20 | Global examples: 577376 | Avg Loss (last 1024 ex): 0.3591
2026-07-25 23:59:19,464 - INFO: [exp2_n1] Epoch 10/20 | Global examples: 578400 | Avg Loss (last 1024 ex): 0.3496
2026-07-25 23:59:25,203 - INFO: [exp2_n1] Epoch 10/20 | Global examples: 579424 | Avg Loss (last 1024 ex): 0.3429
2026-07-25 23:59:30,330 - INFO: [exp2_n1] Epoch 10/20 | Global examples: 580448 | Avg Loss (last 1024 ex): 0.3287
2026-07-25 23:59:35,440 - INFO: [exp2_n1] Epoch 10/20 | Global examples: 581472 | Avg Loss (last 1024 ex): 0.3516
2026-07-25 23:59:40,925 - INFO: [exp2_n1] Epoch 10/20 | Global examples: 582496 | Avg Loss (last 1024 ex): 0.3608
2026-07-25 23:59:46,085 - INFO: [exp2_n1] Epoch 10/20 | Global examples: 583520 | Avg Loss (last 1024 ex): 0.3457
2026-07-25 23:59:51,221 - INFO: [exp2_n1] Epoch 10/20 | Global examples: 584544 | Avg Loss (last 1024 ex): 0.3603
2026-07-25 23:59:51,689 - INFO: [exp2_n1] Epoch 10/20 | Global examples: 584640 | Avg Loss (last 96 ex): 0.4209
2026-07-25 23:59:52,669 - INFO: [exp2_n1] Epoch 10 Val | Examples: 1024 | Avg Loss (last 1024 ex): 0.2384
2026-07-25 23:59:53,648 - INFO: [exp2_n1] Epoch 10 Val | Examples: 2048 | Avg Loss (last 1024 ex): 0.2406
2026-07-25 23:59:55,324 - INFO: [exp2_n1] Epoch 10 Val | Examples: 3072 | Avg Loss (last 1024 ex): 0.2482
2026-07-25 23:59:56,334 - INFO: [exp2_n1] Epoch 10 Val | Examples: 4096 | Avg Loss (last 1024 ex): 0.2362
2026-07-25 23:59:57,346 - INFO: [exp2_n1] Epoch 10 Val | Examples: 5120 | Avg Loss (last 1024 ex): 0.2525
2026-07-25 23:59:57,346 - INFO: [exp2_n1] === Epoch 10 done | Train Loss: 0.3423 | Val Loss: 0.2432 | Time: 301.2s ===
2026-07-25 23:59:57,374 - INFO: [exp2_n1] Model saved to C:/PythonProject/English2French/model/exp2_n1_epoch10.pth
2026-07-26 00:00:02,472 - INFO: [exp2_n1] Epoch 11/20 | Global examples: 585664 | Avg Loss (last 1024 ex): 0.2974
2026-07-26 00:00:07,567 - INFO: [exp2_n1] Epoch 11/20 | Global examples: 586688 | Avg Loss (last 1024 ex): 0.2940
2026-07-26 00:00:13,696 - INFO: [exp2_n1] Epoch 11/20 | Global examples: 587712 | Avg Loss (last 1024 ex): 0.2876
2026-07-26 00:00:18,660 - INFO: [exp2_n1] Epoch 11/20 | Global examples: 588736 | Avg Loss (last 1024 ex): 0.3052
2026-07-26 00:00:23,672 - INFO: [exp2_n1] Epoch 11/20 | Global examples: 589760 | Avg Loss (last 1024 ex): 0.3065
2026-07-26 00:00:29,211 - INFO: [exp2_n1] Epoch 11/20 | Global examples: 590784 | Avg Loss (last 1024 ex): 0.3103
2026-07-26 00:00:34,465 - INFO: [exp2_n1] Epoch 11/20 | Global examples: 591808 | Avg Loss (last 1024 ex): 0.3039
2026-07-26 00:00:40,023 - INFO: [exp2_n1] Epoch 11/20 | Global examples: 592832 | Avg Loss (last 1024 ex): 0.3325
2026-07-26 00:00:45,247 - INFO: [exp2_n1] Epoch 11/20 | Global examples: 593856 | Avg Loss (last 1024 ex): 0.3176
2026-07-26 00:00:50,398 - INFO: [exp2_n1] Epoch 11/20 | Global examples: 594880 | Avg Loss (last 1024 ex): 0.3449
2026-07-26 00:00:55,868 - INFO: [exp2_n1] Epoch 11/20 | Global examples: 595904 | Avg Loss (last 1024 ex): 0.3333
2026-07-26 00:01:00,938 - INFO: [exp2_n1] Epoch 11/20 | Global examples: 596928 | Avg Loss (last 1024 ex): 0.3217
2026-07-26 00:01:05,968 - INFO: [exp2_n1] Epoch 11/20 | Global examples: 597952 | Avg Loss (last 1024 ex): 0.3234
2026-07-26 00:01:11,666 - INFO: [exp2_n1] Epoch 11/20 | Global examples: 598976 | Avg Loss (last 1024 ex): 0.3305
2026-07-26 00:01:16,656 - INFO: [exp2_n1] Epoch 11/20 | Global examples: 600000 | Avg Loss (last 1024 ex): 0.3171
2026-07-26 00:01:21,804 - INFO: [exp2_n1] Epoch 11/20 | Global examples: 601024 | Avg Loss (last 1024 ex): 0.3355
2026-07-26 00:01:27,326 - INFO: [exp2_n1] Epoch 11/20 | Global examples: 602048 | Avg Loss (last 1024 ex): 0.3394
2026-07-26 00:01:32,437 - INFO: [exp2_n1] Epoch 11/20 | Global examples: 603072 | Avg Loss (last 1024 ex): 0.3344
2026-07-26 00:01:37,569 - INFO: [exp2_n1] Epoch 11/20 | Global examples: 604096 | Avg Loss (last 1024 ex): 0.3406
2026-07-26 00:01:43,246 - INFO: [exp2_n1] Epoch 11/20 | Global examples: 605120 | Avg Loss (last 1024 ex): 0.3167
2026-07-26 00:01:48,368 - INFO: [exp2_n1] Epoch 11/20 | Global examples: 606144 | Avg Loss (last 1024 ex): 0.3352
2026-07-26 00:01:53,430 - INFO: [exp2_n1] Epoch 11/20 | Global examples: 607168 | Avg Loss (last 1024 ex): 0.3388
2026-07-26 00:01:58,910 - INFO: [exp2_n1] Epoch 11/20 | Global examples: 608192 | Avg Loss (last 1024 ex): 0.3297
2026-07-26 00:02:03,920 - INFO: [exp2_n1] Epoch 11/20 | Global examples: 609216 | Avg Loss (last 1024 ex): 0.3286
2026-07-26 00:02:09,020 - INFO: [exp2_n1] Epoch 11/20 | Global examples: 610240 | Avg Loss (last 1024 ex): 0.3480
2026-07-26 00:02:14,685 - INFO: [exp2_n1] Epoch 11/20 | Global examples: 611264 | Avg Loss (last 1024 ex): 0.3408
2026-07-26 00:02:19,663 - INFO: [exp2_n1] Epoch 11/20 | Global examples: 612288 | Avg Loss (last 1024 ex): 0.3348
2026-07-26 00:02:25,076 - INFO: [exp2_n1] Epoch 11/20 | Global examples: 613312 | Avg Loss (last 1024 ex): 0.3267
2026-07-26 00:02:30,130 - INFO: [exp2_n1] Epoch 11/20 | Global examples: 614336 | Avg Loss (last 1024 ex): 0.3352
2026-07-26 00:02:35,174 - INFO: [exp2_n1] Epoch 11/20 | Global examples: 615360 | Avg Loss (last 1024 ex): 0.3295
2026-07-26 00:02:40,813 - INFO: [exp2_n1] Epoch 11/20 | Global examples: 616384 | Avg Loss (last 1024 ex): 0.3397
2026-07-26 00:02:45,718 - INFO: [exp2_n1] Epoch 11/20 | Global examples: 617408 | Avg Loss (last 1024 ex): 0.3326
2026-07-26 00:02:50,646 - INFO: [exp2_n1] Epoch 11/20 | Global examples: 618432 | Avg Loss (last 1024 ex): 0.3402
2026-07-26 00:02:56,067 - INFO: [exp2_n1] Epoch 11/20 | Global examples: 619456 | Avg Loss (last 1024 ex): 0.3589
2026-07-26 00:03:01,214 - INFO: [exp2_n1] Epoch 11/20 | Global examples: 620480 | Avg Loss (last 1024 ex): 0.3309
2026-07-26 00:03:06,389 - INFO: [exp2_n1] Epoch 11/20 | Global examples: 621504 | Avg Loss (last 1024 ex): 0.3363
2026-07-26 00:03:12,117 - INFO: [exp2_n1] Epoch 11/20 | Global examples: 622528 | Avg Loss (last 1024 ex): 0.3434
2026-07-26 00:03:17,099 - INFO: [exp2_n1] Epoch 11/20 | Global examples: 623552 | Avg Loss (last 1024 ex): 0.3297
2026-07-26 00:03:22,142 - INFO: [exp2_n1] Epoch 11/20 | Global examples: 624576 | Avg Loss (last 1024 ex): 0.3137
2026-07-26 00:03:27,717 - INFO: [exp2_n1] Epoch 11/20 | Global examples: 625600 | Avg Loss (last 1024 ex): 0.3240
2026-07-26 00:03:32,777 - INFO: [exp2_n1] Epoch 11/20 | Global examples: 626624 | Avg Loss (last 1024 ex): 0.3239
2026-07-26 00:03:37,812 - INFO: [exp2_n1] Epoch 11/20 | Global examples: 627648 | Avg Loss (last 1024 ex): 0.3372
2026-07-26 00:03:43,470 - INFO: [exp2_n1] Epoch 11/20 | Global examples: 628672 | Avg Loss (last 1024 ex): 0.3571
2026-07-26 00:03:48,526 - INFO: [exp2_n1] Epoch 11/20 | Global examples: 629696 | Avg Loss (last 1024 ex): 0.3387
2026-07-26 00:03:53,849 - INFO: [exp2_n1] Epoch 11/20 | Global examples: 630720 | Avg Loss (last 1024 ex): 0.3377
2026-07-26 00:03:59,313 - INFO: [exp2_n1] Epoch 11/20 | Global examples: 631744 | Avg Loss (last 1024 ex): 0.3259
2026-07-26 00:04:04,616 - INFO: [exp2_n1] Epoch 11/20 | Global examples: 632768 | Avg Loss (last 1024 ex): 0.3267
2026-07-26 00:04:09,684 - INFO: [exp2_n1] Epoch 11/20 | Global examples: 633792 | Avg Loss (last 1024 ex): 0.3213
2026-07-26 00:04:15,395 - INFO: [exp2_n1] Epoch 11/20 | Global examples: 634816 | Avg Loss (last 1024 ex): 0.3030
2026-07-26 00:04:20,431 - INFO: [exp2_n1] Epoch 11/20 | Global examples: 635840 | Avg Loss (last 1024 ex): 0.3488
2026-07-26 00:04:25,828 - INFO: [exp2_n1] Epoch 11/20 | Global examples: 636864 | Avg Loss (last 1024 ex): 0.3325
2026-07-26 00:04:30,845 - INFO: [exp2_n1] Epoch 11/20 | Global examples: 637888 | Avg Loss (last 1024 ex): 0.3319
2026-07-26 00:04:35,929 - INFO: [exp2_n1] Epoch 11/20 | Global examples: 638912 | Avg Loss (last 1024 ex): 0.3228
2026-07-26 00:04:41,720 - INFO: [exp2_n1] Epoch 11/20 | Global examples: 639936 | Avg Loss (last 1024 ex): 0.3292
2026-07-26 00:04:46,906 - INFO: [exp2_n1] Epoch 11/20 | Global examples: 640960 | Avg Loss (last 1024 ex): 0.3151
2026-07-26 00:04:52,125 - INFO: [exp2_n1] Epoch 11/20 | Global examples: 641984 | Avg Loss (last 1024 ex): 0.3437
2026-07-26 00:04:57,615 - INFO: [exp2_n1] Epoch 11/20 | Global examples: 643008 | Avg Loss (last 1024 ex): 0.3263
2026-07-26 00:04:58,102 - INFO: [exp2_n1] Epoch 11/20 | Global examples: 643104 | Avg Loss (last 96 ex): 0.2909
2026-07-26 00:04:59,176 - INFO: [exp2_n1] Epoch 11 Val | Examples: 1024 | Avg Loss (last 1024 ex): 0.2277
2026-07-26 00:05:00,223 - INFO: [exp2_n1] Epoch 11 Val | Examples: 2048 | Avg Loss (last 1024 ex): 0.2311
2026-07-26 00:05:01,228 - INFO: [exp2_n1] Epoch 11 Val | Examples: 3072 | Avg Loss (last 1024 ex): 0.2431
2026-07-26 00:05:02,193 - INFO: [exp2_n1] Epoch 11 Val | Examples: 4096 | Avg Loss (last 1024 ex): 0.2351
2026-07-26 00:05:03,024 - INFO: [exp2_n1] Epoch 11 Val | Examples: 5120 | Avg Loss (last 1024 ex): 0.2329
2026-07-26 00:05:03,024 - INFO: [exp2_n1] === Epoch 11 done | Train Loss: 0.3282 | Val Loss: 0.2340 | Time: 300.7s ===
2026-07-26 00:05:03,053 - INFO: [exp2_n1] Model saved to C:/PythonProject/English2French/model/exp2_n1_epoch11.pth
2026-07-26 00:05:08,047 - INFO: [exp2_n1] Epoch 12/20 | Global examples: 644128 | Avg Loss (last 1024 ex): 0.2920
2026-07-26 00:05:13,888 - INFO: [exp2_n1] Epoch 12/20 | Global examples: 645152 | Avg Loss (last 1024 ex): 0.2977
2026-07-26 00:05:18,845 - INFO: [exp2_n1] Epoch 12/20 | Global examples: 646176 | Avg Loss (last 1024 ex): 0.3037
2026-07-26 00:05:23,833 - INFO: [exp2_n1] Epoch 12/20 | Global examples: 647200 | Avg Loss (last 1024 ex): 0.2925
2026-07-26 00:05:29,129 - INFO: [exp2_n1] Epoch 12/20 | Global examples: 648224 | Avg Loss (last 1024 ex): 0.3125
2026-07-26 00:05:34,088 - INFO: [exp2_n1] Epoch 12/20 | Global examples: 649248 | Avg Loss (last 1024 ex): 0.3000
2026-07-26 00:05:39,034 - INFO: [exp2_n1] Epoch 12/20 | Global examples: 650272 | Avg Loss (last 1024 ex): 0.2981
2026-07-26 00:05:44,549 - INFO: [exp2_n1] Epoch 12/20 | Global examples: 651296 | Avg Loss (last 1024 ex): 0.3108
2026-07-26 00:05:49,563 - INFO: [exp2_n1] Epoch 12/20 | Global examples: 652320 | Avg Loss (last 1024 ex): 0.3022
2026-07-26 00:05:54,429 - INFO: [exp2_n1] Epoch 12/20 | Global examples: 653344 | Avg Loss (last 1024 ex): 0.3044
2026-07-26 00:05:59,650 - INFO: [exp2_n1] Epoch 12/20 | Global examples: 654368 | Avg Loss (last 1024 ex): 0.3035
2026-07-26 00:06:04,596 - INFO: [exp2_n1] Epoch 12/20 | Global examples: 655392 | Avg Loss (last 1024 ex): 0.3315
2026-07-26 00:06:09,521 - INFO: [exp2_n1] Epoch 12/20 | Global examples: 656416 | Avg Loss (last 1024 ex): 0.3129
2026-07-26 00:06:14,829 - INFO: [exp2_n1] Epoch 12/20 | Global examples: 657440 | Avg Loss (last 1024 ex): 0.3180
2026-07-26 00:06:19,772 - INFO: [exp2_n1] Epoch 12/20 | Global examples: 658464 | Avg Loss (last 1024 ex): 0.2888
2026-07-26 00:06:24,716 - INFO: [exp2_n1] Epoch 12/20 | Global examples: 659488 | Avg Loss (last 1024 ex): 0.3127
2026-07-26 00:06:29,996 - INFO: [exp2_n1] Epoch 12/20 | Global examples: 660512 | Avg Loss (last 1024 ex): 0.3295
2026-07-26 00:06:34,854 - INFO: [exp2_n1] Epoch 12/20 | Global examples: 661536 | Avg Loss (last 1024 ex): 0.3100
2026-07-26 00:06:39,815 - INFO: [exp2_n1] Epoch 12/20 | Global examples: 662560 | Avg Loss (last 1024 ex): 0.3192
2026-07-26 00:06:45,390 - INFO: [exp2_n1] Epoch 12/20 | Global examples: 663584 | Avg Loss (last 1024 ex): 0.2984
2026-07-26 00:06:50,371 - INFO: [exp2_n1] Epoch 12/20 | Global examples: 664608 | Avg Loss (last 1024 ex): 0.3151
2026-07-26 00:06:55,272 - INFO: [exp2_n1] Epoch 12/20 | Global examples: 665632 | Avg Loss (last 1024 ex): 0.3206
2026-07-26 00:07:00,432 - INFO: [exp2_n1] Epoch 12/20 | Global examples: 666656 | Avg Loss (last 1024 ex): 0.2978
2026-07-26 00:07:05,319 - INFO: [exp2_n1] Epoch 12/20 | Global examples: 667680 | Avg Loss (last 1024 ex): 0.3138
2026-07-26 00:07:10,201 - INFO: [exp2_n1] Epoch 12/20 | Global examples: 668704 | Avg Loss (last 1024 ex): 0.3198
2026-07-26 00:07:15,502 - INFO: [exp2_n1] Epoch 12/20 | Global examples: 669728 | Avg Loss (last 1024 ex): 0.3147
2026-07-26 00:07:20,439 - INFO: [exp2_n1] Epoch 12/20 | Global examples: 670752 | Avg Loss (last 1024 ex): 0.3319
2026-07-26 00:07:25,370 - INFO: [exp2_n1] Epoch 12/20 | Global examples: 671776 | Avg Loss (last 1024 ex): 0.3324
2026-07-26 00:07:30,715 - INFO: [exp2_n1] Epoch 12/20 | Global examples: 672800 | Avg Loss (last 1024 ex): 0.3235
2026-07-26 00:07:35,630 - INFO: [exp2_n1] Epoch 12/20 | Global examples: 673824 | Avg Loss (last 1024 ex): 0.3196
2026-07-26 00:07:40,539 - INFO: [exp2_n1] Epoch 12/20 | Global examples: 674848 | Avg Loss (last 1024 ex): 0.3295
2026-07-26 00:07:45,968 - INFO: [exp2_n1] Epoch 12/20 | Global examples: 675872 | Avg Loss (last 1024 ex): 0.3187
2026-07-26 00:07:50,894 - INFO: [exp2_n1] Epoch 12/20 | Global examples: 676896 | Avg Loss (last 1024 ex): 0.3068
2026-07-26 00:07:55,755 - INFO: [exp2_n1] Epoch 12/20 | Global examples: 677920 | Avg Loss (last 1024 ex): 0.3174
2026-07-26 00:08:00,888 - INFO: [exp2_n1] Epoch 12/20 | Global examples: 678944 | Avg Loss (last 1024 ex): 0.3272
2026-07-26 00:08:05,846 - INFO: [exp2_n1] Epoch 12/20 | Global examples: 679968 | Avg Loss (last 1024 ex): 0.3286
2026-07-26 00:08:10,808 - INFO: [exp2_n1] Epoch 12/20 | Global examples: 680992 | Avg Loss (last 1024 ex): 0.3349
2026-07-26 00:08:16,211 - INFO: [exp2_n1] Epoch 12/20 | Global examples: 682016 | Avg Loss (last 1024 ex): 0.3514
2026-07-26 00:08:21,164 - INFO: [exp2_n1] Epoch 12/20 | Global examples: 683040 | Avg Loss (last 1024 ex): 0.3069
2026-07-26 00:08:26,397 - INFO: [exp2_n1] Epoch 12/20 | Global examples: 684064 | Avg Loss (last 1024 ex): 0.3257
2026-07-26 00:08:31,415 - INFO: [exp2_n1] Epoch 12/20 | Global examples: 685088 | Avg Loss (last 1024 ex): 0.3157
2026-07-26 00:08:36,284 - INFO: [exp2_n1] Epoch 12/20 | Global examples: 686112 | Avg Loss (last 1024 ex): 0.3048
2026-07-26 00:08:41,692 - INFO: [exp2_n1] Epoch 12/20 | Global examples: 687136 | Avg Loss (last 1024 ex): 0.3221
2026-07-26 00:08:46,619 - INFO: [exp2_n1] Epoch 12/20 | Global examples: 688160 | Avg Loss (last 1024 ex): 0.3417
2026-07-26 00:08:51,564 - INFO: [exp2_n1] Epoch 12/20 | Global examples: 689184 | Avg Loss (last 1024 ex): 0.3233
2026-07-26 00:08:56,778 - INFO: [exp2_n1] Epoch 12/20 | Global examples: 690208 | Avg Loss (last 1024 ex): 0.3315
2026-07-26 00:09:01,761 - INFO: [exp2_n1] Epoch 12/20 | Global examples: 691232 | Avg Loss (last 1024 ex): 0.3255
2026-07-26 00:09:06,728 - INFO: [exp2_n1] Epoch 12/20 | Global examples: 692256 | Avg Loss (last 1024 ex): 0.3171
2026-07-26 00:09:12,202 - INFO: [exp2_n1] Epoch 12/20 | Global examples: 693280 | Avg Loss (last 1024 ex): 0.3133
2026-07-26 00:09:17,134 - INFO: [exp2_n1] Epoch 12/20 | Global examples: 694304 | Avg Loss (last 1024 ex): 0.3221
2026-07-26 00:09:22,117 - INFO: [exp2_n1] Epoch 12/20 | Global examples: 695328 | Avg Loss (last 1024 ex): 0.3396
2026-07-26 00:09:27,367 - INFO: [exp2_n1] Epoch 12/20 | Global examples: 696352 | Avg Loss (last 1024 ex): 0.3169
2026-07-26 00:09:32,271 - INFO: [exp2_n1] Epoch 12/20 | Global examples: 697376 | Avg Loss (last 1024 ex): 0.3216
2026-07-26 00:09:37,111 - INFO: [exp2_n1] Epoch 12/20 | Global examples: 698400 | Avg Loss (last 1024 ex): 0.3194
2026-07-26 00:09:42,520 - INFO: [exp2_n1] Epoch 12/20 | Global examples: 699424 | Avg Loss (last 1024 ex): 0.3129
2026-07-26 00:09:47,416 - INFO: [exp2_n1] Epoch 12/20 | Global examples: 700448 | Avg Loss (last 1024 ex): 0.3292
2026-07-26 00:09:52,303 - INFO: [exp2_n1] Epoch 12/20 | Global examples: 701472 | Avg Loss (last 1024 ex): 0.3189
2026-07-26 00:09:52,748 - INFO: [exp2_n1] Epoch 12/20 | Global examples: 701568 | Avg Loss (last 96 ex): 0.2856
2026-07-26 00:09:53,611 - INFO: [exp2_n1] Epoch 12 Val | Examples: 1024 | Avg Loss (last 1024 ex): 0.2417
2026-07-26 00:09:54,423 - INFO: [exp2_n1] Epoch 12 Val | Examples: 2048 | Avg Loss (last 1024 ex): 0.2263
2026-07-26 00:09:55,236 - INFO: [exp2_n1] Epoch 12 Val | Examples: 3072 | Avg Loss (last 1024 ex): 0.2241
2026-07-26 00:09:56,089 - INFO: [exp2_n1] Epoch 12 Val | Examples: 4096 | Avg Loss (last 1024 ex): 0.2307
2026-07-26 00:09:57,341 - INFO: [exp2_n1] Epoch 12 Val | Examples: 5120 | Avg Loss (last 1024 ex): 0.2503
2026-07-26 00:09:57,341 - INFO: [exp2_n1] === Epoch 12 done | Train Loss: 0.3166 | Val Loss: 0.2346 | Time: 289.7s ===
2026-07-26 00:09:57,369 - INFO: [exp2_n1] Model saved to C:/PythonProject/English2French/model/exp2_n1_epoch12.pth
2026-07-26 00:10:02,300 - INFO: [exp2_n1] Epoch 13/20 | Global examples: 702592 | Avg Loss (last 1024 ex): 0.2669
2026-07-26 00:10:07,238 - INFO: [exp2_n1] Epoch 13/20 | Global examples: 703616 | Avg Loss (last 1024 ex): 0.2929
2026-07-26 00:10:12,908 - INFO: [exp2_n1] Epoch 13/20 | Global examples: 704640 | Avg Loss (last 1024 ex): 0.2825
2026-07-26 00:10:17,795 - INFO: [exp2_n1] Epoch 13/20 | Global examples: 705664 | Avg Loss (last 1024 ex): 0.2897
2026-07-26 00:10:22,708 - INFO: [exp2_n1] Epoch 13/20 | Global examples: 706688 | Avg Loss (last 1024 ex): 0.2987
2026-07-26 00:10:28,016 - INFO: [exp2_n1] Epoch 13/20 | Global examples: 707712 | Avg Loss (last 1024 ex): 0.3035
2026-07-26 00:10:32,985 - INFO: [exp2_n1] Epoch 13/20 | Global examples: 708736 | Avg Loss (last 1024 ex): 0.3146
2026-07-26 00:10:37,946 - INFO: [exp2_n1] Epoch 13/20 | Global examples: 709760 | Avg Loss (last 1024 ex): 0.2900
2026-07-26 00:10:43,467 - INFO: [exp2_n1] Epoch 13/20 | Global examples: 710784 | Avg Loss (last 1024 ex): 0.2992
2026-07-26 00:10:48,443 - INFO: [exp2_n1] Epoch 13/20 | Global examples: 711808 | Avg Loss (last 1024 ex): 0.2993
2026-07-26 00:10:53,320 - INFO: [exp2_n1] Epoch 13/20 | Global examples: 712832 | Avg Loss (last 1024 ex): 0.3033
2026-07-26 00:10:58,662 - INFO: [exp2_n1] Epoch 13/20 | Global examples: 713856 | Avg Loss (last 1024 ex): 0.2918
2026-07-26 00:11:03,725 - INFO: [exp2_n1] Epoch 13/20 | Global examples: 714880 | Avg Loss (last 1024 ex): 0.3140
2026-07-26 00:11:08,644 - INFO: [exp2_n1] Epoch 13/20 | Global examples: 715904 | Avg Loss (last 1024 ex): 0.3177
2026-07-26 00:11:14,047 - INFO: [exp2_n1] Epoch 13/20 | Global examples: 716928 | Avg Loss (last 1024 ex): 0.3152
2026-07-26 00:11:19,016 - INFO: [exp2_n1] Epoch 13/20 | Global examples: 717952 | Avg Loss (last 1024 ex): 0.3324
2026-07-26 00:11:23,924 - INFO: [exp2_n1] Epoch 13/20 | Global examples: 718976 | Avg Loss (last 1024 ex): 0.3127
2026-07-26 00:11:29,159 - INFO: [exp2_n1] Epoch 13/20 | Global examples: 720000 | Avg Loss (last 1024 ex): 0.2886
2026-07-26 00:11:34,045 - INFO: [exp2_n1] Epoch 13/20 | Global examples: 721024 | Avg Loss (last 1024 ex): 0.3241
2026-07-26 00:11:39,024 - INFO: [exp2_n1] Epoch 13/20 | Global examples: 722048 | Avg Loss (last 1024 ex): 0.3086
2026-07-26 00:11:44,429 - INFO: [exp2_n1] Epoch 13/20 | Global examples: 723072 | Avg Loss (last 1024 ex): 0.3034
2026-07-26 00:11:49,378 - INFO: [exp2_n1] Epoch 13/20 | Global examples: 724096 | Avg Loss (last 1024 ex): 0.3106
2026-07-26 00:11:54,166 - INFO: [exp2_n1] Epoch 13/20 | Global examples: 725120 | Avg Loss (last 1024 ex): 0.3173
2026-07-26 00:11:59,446 - INFO: [exp2_n1] Epoch 13/20 | Global examples: 726144 | Avg Loss (last 1024 ex): 0.3218
2026-07-26 00:12:04,428 - INFO: [exp2_n1] Epoch 13/20 | Global examples: 727168 | Avg Loss (last 1024 ex): 0.3162
2026-07-26 00:12:09,324 - INFO: [exp2_n1] Epoch 13/20 | Global examples: 728192 | Avg Loss (last 1024 ex): 0.3210
2026-07-26 00:12:14,754 - INFO: [exp2_n1] Epoch 13/20 | Global examples: 729216 | Avg Loss (last 1024 ex): 0.3262
2026-07-26 00:12:19,633 - INFO: [exp2_n1] Epoch 13/20 | Global examples: 730240 | Avg Loss (last 1024 ex): 0.3335
2026-07-26 00:12:24,537 - INFO: [exp2_n1] Epoch 13/20 | Global examples: 731264 | Avg Loss (last 1024 ex): 0.3145
2026-07-26 00:12:29,705 - INFO: [exp2_n1] Epoch 13/20 | Global examples: 732288 | Avg Loss (last 1024 ex): 0.3155
2026-07-26 00:12:34,668 - INFO: [exp2_n1] Epoch 13/20 | Global examples: 733312 | Avg Loss (last 1024 ex): 0.3228
2026-07-26 00:12:39,603 - INFO: [exp2_n1] Epoch 13/20 | Global examples: 734336 | Avg Loss (last 1024 ex): 0.2954
2026-07-26 00:12:45,080 - INFO: [exp2_n1] Epoch 13/20 | Global examples: 735360 | Avg Loss (last 1024 ex): 0.3203
2026-07-26 00:12:50,027 - INFO: [exp2_n1] Epoch 13/20 | Global examples: 736384 | Avg Loss (last 1024 ex): 0.3292
2026-07-26 00:12:54,982 - INFO: [exp2_n1] Epoch 13/20 | Global examples: 737408 | Avg Loss (last 1024 ex): 0.3038
2026-07-26 00:13:00,270 - INFO: [exp2_n1] Epoch 13/20 | Global examples: 738432 | Avg Loss (last 1024 ex): 0.3226
2026-07-26 00:13:05,210 - INFO: [exp2_n1] Epoch 13/20 | Global examples: 739456 | Avg Loss (last 1024 ex): 0.3213
2026-07-26 00:13:10,018 - INFO: [exp2_n1] Epoch 13/20 | Global examples: 740480 | Avg Loss (last 1024 ex): 0.3234
2026-07-26 00:13:15,364 - INFO: [exp2_n1] Epoch 13/20 | Global examples: 741504 | Avg Loss (last 1024 ex): 0.3237
2026-07-26 00:13:20,783 - INFO: [exp2_n1] Epoch 13/20 | Global examples: 742528 | Avg Loss (last 1024 ex): 0.3207
2026-07-26 00:13:26,380 - INFO: [exp2_n1] Epoch 13/20 | Global examples: 743552 | Avg Loss (last 1024 ex): 0.3062
2026-07-26 00:13:32,290 - INFO: [exp2_n1] Epoch 13/20 | Global examples: 744576 | Avg Loss (last 1024 ex): 0.3024
2026-07-26 00:13:37,465 - INFO: [exp2_n1] Epoch 13/20 | Global examples: 745600 | Avg Loss (last 1024 ex): 0.2908
2026-07-26 00:13:42,949 - INFO: [exp2_n1] Epoch 13/20 | Global examples: 746624 | Avg Loss (last 1024 ex): 0.3074
2026-07-26 00:13:47,887 - INFO: [exp2_n1] Epoch 13/20 | Global examples: 747648 | Avg Loss (last 1024 ex): 0.2884
2026-07-26 00:13:52,774 - INFO: [exp2_n1] Epoch 13/20 | Global examples: 748672 | Avg Loss (last 1024 ex): 0.3266
2026-07-26 00:13:57,922 - INFO: [exp2_n1] Epoch 13/20 | Global examples: 749696 | Avg Loss (last 1024 ex): 0.3119
2026-07-26 00:14:02,748 - INFO: [exp2_n1] Epoch 13/20 | Global examples: 750720 | Avg Loss (last 1024 ex): 0.2880
2026-07-26 00:14:07,613 - INFO: [exp2_n1] Epoch 13/20 | Global examples: 751744 | Avg Loss (last 1024 ex): 0.3341
2026-07-26 00:14:13,123 - INFO: [exp2_n1] Epoch 13/20 | Global examples: 752768 | Avg Loss (last 1024 ex): 0.3415
2026-07-26 00:14:18,074 - INFO: [exp2_n1] Epoch 13/20 | Global examples: 753792 | Avg Loss (last 1024 ex): 0.3159
2026-07-26 00:14:23,073 - INFO: [exp2_n1] Epoch 13/20 | Global examples: 754816 | Avg Loss (last 1024 ex): 0.3058
2026-07-26 00:14:28,368 - INFO: [exp2_n1] Epoch 13/20 | Global examples: 755840 | Avg Loss (last 1024 ex): 0.3269
2026-07-26 00:14:33,296 - INFO: [exp2_n1] Epoch 13/20 | Global examples: 756864 | Avg Loss (last 1024 ex): 0.3169
2026-07-26 00:14:38,227 - INFO: [exp2_n1] Epoch 13/20 | Global examples: 757888 | Avg Loss (last 1024 ex): 0.3411
2026-07-26 00:14:43,702 - INFO: [exp2_n1] Epoch 13/20 | Global examples: 758912 | Avg Loss (last 1024 ex): 0.3003
2026-07-26 00:14:48,566 - INFO: [exp2_n1] Epoch 13/20 | Global examples: 759936 | Avg Loss (last 1024 ex): 0.3157
2026-07-26 00:14:49,029 - INFO: [exp2_n1] Epoch 13/20 | Global examples: 760032 | Avg Loss (last 96 ex): 0.3374
2026-07-26 00:14:49,851 - INFO: [exp2_n1] Epoch 13 Val | Examples: 1024 | Avg Loss (last 1024 ex): 0.2350
2026-07-26 00:14:50,641 - INFO: [exp2_n1] Epoch 13 Val | Examples: 2048 | Avg Loss (last 1024 ex): 0.2186
2026-07-26 00:14:51,452 - INFO: [exp2_n1] Epoch 13 Val | Examples: 3072 | Avg Loss (last 1024 ex): 0.2193
2026-07-26 00:14:52,296 - INFO: [exp2_n1] Epoch 13 Val | Examples: 4096 | Avg Loss (last 1024 ex): 0.2413
2026-07-26 00:14:53,103 - INFO: [exp2_n1] Epoch 13 Val | Examples: 5120 | Avg Loss (last 1024 ex): 0.2357
2026-07-26 00:14:53,103 - INFO: [exp2_n1] === Epoch 13 done | Train Loss: 0.3111 | Val Loss: 0.2300 | Time: 291.7s ===
2026-07-26 00:14:53,137 - INFO: [exp2_n1] Model saved to C:/PythonProject/English2French/model/exp2_n1_epoch13.pth
2026-07-26 00:14:58,968 - INFO: [exp2_n1] Epoch 14/20 | Global examples: 761056 | Avg Loss (last 1024 ex): 0.2742
2026-07-26 00:15:03,963 - INFO: [exp2_n1] Epoch 14/20 | Global examples: 762080 | Avg Loss (last 1024 ex): 0.2664
2026-07-26 00:15:08,859 - INFO: [exp2_n1] Epoch 14/20 | Global examples: 763104 | Avg Loss (last 1024 ex): 0.2854
2026-07-26 00:15:14,199 - INFO: [exp2_n1] Epoch 14/20 | Global examples: 764128 | Avg Loss (last 1024 ex): 0.2828
2026-07-26 00:15:19,145 - INFO: [exp2_n1] Epoch 14/20 | Global examples: 765152 | Avg Loss (last 1024 ex): 0.2885
2026-07-26 00:15:24,094 - INFO: [exp2_n1] Epoch 14/20 | Global examples: 766176 | Avg Loss (last 1024 ex): 0.3134
2026-07-26 00:15:29,452 - INFO: [exp2_n1] Epoch 14/20 | Global examples: 767200 | Avg Loss (last 1024 ex): 0.2838
2026-07-26 00:15:34,277 - INFO: [exp2_n1] Epoch 14/20 | Global examples: 768224 | Avg Loss (last 1024 ex): 0.2959
2026-07-26 00:15:39,188 - INFO: [exp2_n1] Epoch 14/20 | Global examples: 769248 | Avg Loss (last 1024 ex): 0.2926
2026-07-26 00:15:44,439 - INFO: [exp2_n1] Epoch 14/20 | Global examples: 770272 | Avg Loss (last 1024 ex): 0.2941
2026-07-26 00:15:49,289 - INFO: [exp2_n1] Epoch 14/20 | Global examples: 771296 | Avg Loss (last 1024 ex): 0.2993
2026-07-26 00:15:54,221 - INFO: [exp2_n1] Epoch 14/20 | Global examples: 772320 | Avg Loss (last 1024 ex): 0.2904
2026-07-26 00:15:59,612 - INFO: [exp2_n1] Epoch 14/20 | Global examples: 773344 | Avg Loss (last 1024 ex): 0.2961
2026-07-26 00:16:04,629 - INFO: [exp2_n1] Epoch 14/20 | Global examples: 774368 | Avg Loss (last 1024 ex): 0.3062
2026-07-26 00:16:09,506 - INFO: [exp2_n1] Epoch 14/20 | Global examples: 775392 | Avg Loss (last 1024 ex): 0.3082
2026-07-26 00:16:14,678 - INFO: [exp2_n1] Epoch 14/20 | Global examples: 776416 | Avg Loss (last 1024 ex): 0.3096
2026-07-26 00:16:19,677 - INFO: [exp2_n1] Epoch 14/20 | Global examples: 777440 | Avg Loss (last 1024 ex): 0.2902
2026-07-26 00:16:24,601 - INFO: [exp2_n1] Epoch 14/20 | Global examples: 778464 | Avg Loss (last 1024 ex): 0.3059
2026-07-26 00:16:30,003 - INFO: [exp2_n1] Epoch 14/20 | Global examples: 779488 | Avg Loss (last 1024 ex): 0.2997
2026-07-26 00:16:34,907 - INFO: [exp2_n1] Epoch 14/20 | Global examples: 780512 | Avg Loss (last 1024 ex): 0.3059
2026-07-26 00:16:39,938 - INFO: [exp2_n1] Epoch 14/20 | Global examples: 781536 | Avg Loss (last 1024 ex): 0.3007
2026-07-26 00:16:45,328 - INFO: [exp2_n1] Epoch 14/20 | Global examples: 782560 | Avg Loss (last 1024 ex): 0.3094
2026-07-26 00:16:50,196 - INFO: [exp2_n1] Epoch 14/20 | Global examples: 783584 | Avg Loss (last 1024 ex): 0.3018
2026-07-26 00:16:55,193 - INFO: [exp2_n1] Epoch 14/20 | Global examples: 784608 | Avg Loss (last 1024 ex): 0.2901
2026-07-26 00:17:00,731 - INFO: [exp2_n1] Epoch 14/20 | Global examples: 785632 | Avg Loss (last 1024 ex): 0.2969
2026-07-26 00:17:05,722 - INFO: [exp2_n1] Epoch 14/20 | Global examples: 786656 | Avg Loss (last 1024 ex): 0.3067
2026-07-26 00:17:10,682 - INFO: [exp2_n1] Epoch 14/20 | Global examples: 787680 | Avg Loss (last 1024 ex): 0.3007
2026-07-26 00:17:15,966 - INFO: [exp2_n1] Epoch 14/20 | Global examples: 788704 | Avg Loss (last 1024 ex): 0.3031
2026-07-26 00:17:20,951 - INFO: [exp2_n1] Epoch 14/20 | Global examples: 789728 | Avg Loss (last 1024 ex): 0.3136
2026-07-26 00:17:25,870 - INFO: [exp2_n1] Epoch 14/20 | Global examples: 790752 | Avg Loss (last 1024 ex): 0.3318
2026-07-26 00:17:31,268 - INFO: [exp2_n1] Epoch 14/20 | Global examples: 791776 | Avg Loss (last 1024 ex): 0.3095
2026-07-26 00:17:36,198 - INFO: [exp2_n1] Epoch 14/20 | Global examples: 792800 | Avg Loss (last 1024 ex): 0.3114
2026-07-26 00:17:41,232 - INFO: [exp2_n1] Epoch 14/20 | Global examples: 793824 | Avg Loss (last 1024 ex): 0.3033
2026-07-26 00:17:46,450 - INFO: [exp2_n1] Epoch 14/20 | Global examples: 794848 | Avg Loss (last 1024 ex): 0.3160
2026-07-26 00:17:51,359 - INFO: [exp2_n1] Epoch 14/20 | Global examples: 795872 | Avg Loss (last 1024 ex): 0.3213
2026-07-26 00:17:56,287 - INFO: [exp2_n1] Epoch 14/20 | Global examples: 796896 | Avg Loss (last 1024 ex): 0.3229
2026-07-26 00:18:01,743 - INFO: [exp2_n1] Epoch 14/20 | Global examples: 797920 | Avg Loss (last 1024 ex): 0.3176
2026-07-26 00:18:06,722 - INFO: [exp2_n1] Epoch 14/20 | Global examples: 798944 | Avg Loss (last 1024 ex): 0.3196
2026-07-26 00:18:11,674 - INFO: [exp2_n1] Epoch 14/20 | Global examples: 799968 | Avg Loss (last 1024 ex): 0.2997
2026-07-26 00:18:16,849 - INFO: [exp2_n1] Epoch 14/20 | Global examples: 800992 | Avg Loss (last 1024 ex): 0.3088
2026-07-26 00:18:21,660 - INFO: [exp2_n1] Epoch 14/20 | Global examples: 802016 | Avg Loss (last 1024 ex): 0.3300
2026-07-26 00:18:26,519 - INFO: [exp2_n1] Epoch 14/20 | Global examples: 803040 | Avg Loss (last 1024 ex): 0.3207
2026-07-26 00:18:31,951 - INFO: [exp2_n1] Epoch 14/20 | Global examples: 804064 | Avg Loss (last 1024 ex): 0.3263
2026-07-26 00:18:36,914 - INFO: [exp2_n1] Epoch 14/20 | Global examples: 805088 | Avg Loss (last 1024 ex): 0.2970
2026-07-26 00:18:41,920 - INFO: [exp2_n1] Epoch 14/20 | Global examples: 806112 | Avg Loss (last 1024 ex): 0.3019
2026-07-26 00:18:47,253 - INFO: [exp2_n1] Epoch 14/20 | Global examples: 807136 | Avg Loss (last 1024 ex): 0.3043
2026-07-26 00:18:52,204 - INFO: [exp2_n1] Epoch 14/20 | Global examples: 808160 | Avg Loss (last 1024 ex): 0.3116
2026-07-26 00:18:57,189 - INFO: [exp2_n1] Epoch 14/20 | Global examples: 809184 | Avg Loss (last 1024 ex): 0.2952
2026-07-26 00:19:02,628 - INFO: [exp2_n1] Epoch 14/20 | Global examples: 810208 | Avg Loss (last 1024 ex): 0.3057
2026-07-26 00:19:07,584 - INFO: [exp2_n1] Epoch 14/20 | Global examples: 811232 | Avg Loss (last 1024 ex): 0.3363
2026-07-26 00:19:12,447 - INFO: [exp2_n1] Epoch 14/20 | Global examples: 812256 | Avg Loss (last 1024 ex): 0.3372
2026-07-26 00:19:17,706 - INFO: [exp2_n1] Epoch 14/20 | Global examples: 813280 | Avg Loss (last 1024 ex): 0.2943
2026-07-26 00:19:22,713 - INFO: [exp2_n1] Epoch 14/20 | Global examples: 814304 | Avg Loss (last 1024 ex): 0.3351
2026-07-26 00:19:27,641 - INFO: [exp2_n1] Epoch 14/20 | Global examples: 815328 | Avg Loss (last 1024 ex): 0.2937
2026-07-26 00:19:33,092 - INFO: [exp2_n1] Epoch 14/20 | Global examples: 816352 | Avg Loss (last 1024 ex): 0.3200
2026-07-26 00:19:38,002 - INFO: [exp2_n1] Epoch 14/20 | Global examples: 817376 | Avg Loss (last 1024 ex): 0.2968
2026-07-26 00:19:43,365 - INFO: [exp2_n1] Epoch 14/20 | Global examples: 818400 | Avg Loss (last 1024 ex): 0.3128
2026-07-26 00:19:43,875 - INFO: [exp2_n1] Epoch 14/20 | Global examples: 818496 | Avg Loss (last 96 ex): 0.3203
2026-07-26 00:19:44,717 - INFO: [exp2_n1] Epoch 14 Val | Examples: 1024 | Avg Loss (last 1024 ex): 0.2334
2026-07-26 00:19:45,552 - INFO: [exp2_n1] Epoch 14 Val | Examples: 2048 | Avg Loss (last 1024 ex): 0.2211
2026-07-26 00:19:46,352 - INFO: [exp2_n1] Epoch 14 Val | Examples: 3072 | Avg Loss (last 1024 ex): 0.2164
2026-07-26 00:19:47,132 - INFO: [exp2_n1] Epoch 14 Val | Examples: 4096 | Avg Loss (last 1024 ex): 0.2267
2026-07-26 00:19:47,918 - INFO: [exp2_n1] Epoch 14 Val | Examples: 5120 | Avg Loss (last 1024 ex): 0.2356
2026-07-26 00:19:47,918 - INFO: [exp2_n1] === Epoch 14 done | Train Loss: 0.3051 | Val Loss: 0.2266 | Time: 290.7s ===
2026-07-26 00:19:47,948 - INFO: [exp2_n1] Model saved to C:/PythonProject/English2French/model/exp2_n1_epoch14.pth
2026-07-26 00:19:52,874 - INFO: [exp2_n1] Epoch 15/20 | Global examples: 819520 | Avg Loss (last 1024 ex): 0.2731
2026-07-26 00:19:57,628 - INFO: [exp2_n1] Epoch 15/20 | Global examples: 820544 | Avg Loss (last 1024 ex): 0.2837
2026-07-26 00:20:03,293 - INFO: [exp2_n1] Epoch 15/20 | Global examples: 821568 | Avg Loss (last 1024 ex): 0.2732
2026-07-26 00:20:08,122 - INFO: [exp2_n1] Epoch 15/20 | Global examples: 822592 | Avg Loss (last 1024 ex): 0.2767
2026-07-26 00:20:13,048 - INFO: [exp2_n1] Epoch 15/20 | Global examples: 823616 | Avg Loss (last 1024 ex): 0.2712
2026-07-26 00:20:18,342 - INFO: [exp2_n1] Epoch 15/20 | Global examples: 824640 | Avg Loss (last 1024 ex): 0.2920
2026-07-26 00:20:23,314 - INFO: [exp2_n1] Epoch 15/20 | Global examples: 825664 | Avg Loss (last 1024 ex): 0.2951
2026-07-26 00:20:28,574 - INFO: [exp2_n1] Epoch 15/20 | Global examples: 826688 | Avg Loss (last 1024 ex): 0.3039
2026-07-26 00:20:33,668 - INFO: [exp2_n1] Epoch 15/20 | Global examples: 827712 | Avg Loss (last 1024 ex): 0.3104
2026-07-26 00:20:38,698 - INFO: [exp2_n1] Epoch 15/20 | Global examples: 828736 | Avg Loss (last 1024 ex): 0.2771
2026-07-26 00:20:44,050 - INFO: [exp2_n1] Epoch 15/20 | Global examples: 829760 | Avg Loss (last 1024 ex): 0.2775
2026-07-26 00:20:49,002 - INFO: [exp2_n1] Epoch 15/20 | Global examples: 830784 | Avg Loss (last 1024 ex): 0.2863
2026-07-26 00:20:54,035 - INFO: [exp2_n1] Epoch 15/20 | Global examples: 831808 | Avg Loss (last 1024 ex): 0.2907
2026-07-26 00:20:59,437 - INFO: [exp2_n1] Epoch 15/20 | Global examples: 832832 | Avg Loss (last 1024 ex): 0.2988
2026-07-26 00:21:04,410 - INFO: [exp2_n1] Epoch 15/20 | Global examples: 833856 | Avg Loss (last 1024 ex): 0.3018
2026-07-26 00:21:09,359 - INFO: [exp2_n1] Epoch 15/20 | Global examples: 834880 | Avg Loss (last 1024 ex): 0.2955
2026-07-26 00:21:14,703 - INFO: [exp2_n1] Epoch 15/20 | Global examples: 835904 | Avg Loss (last 1024 ex): 0.3072
2026-07-26 00:21:19,690 - INFO: [exp2_n1] Epoch 15/20 | Global examples: 836928 | Avg Loss (last 1024 ex): 0.2922
2026-07-26 00:21:24,686 - INFO: [exp2_n1] Epoch 15/20 | Global examples: 837952 | Avg Loss (last 1024 ex): 0.2809
2026-07-26 00:21:29,975 - INFO: [exp2_n1] Epoch 15/20 | Global examples: 838976 | Avg Loss (last 1024 ex): 0.2754
2026-07-26 00:21:34,943 - INFO: [exp2_n1] Epoch 15/20 | Global examples: 840000 | Avg Loss (last 1024 ex): 0.3102
2026-07-26 00:21:39,857 - INFO: [exp2_n1] Epoch 15/20 | Global examples: 841024 | Avg Loss (last 1024 ex): 0.2976
2026-07-26 00:21:44,976 - INFO: [exp2_n1] Epoch 15/20 | Global examples: 842048 | Avg Loss (last 1024 ex): 0.3101
2026-07-26 00:21:49,846 - INFO: [exp2_n1] Epoch 15/20 | Global examples: 843072 | Avg Loss (last 1024 ex): 0.3091
2026-07-26 00:21:54,804 - INFO: [exp2_n1] Epoch 15/20 | Global examples: 844096 | Avg Loss (last 1024 ex): 0.2907
2026-07-26 00:22:00,227 - INFO: [exp2_n1] Epoch 15/20 | Global examples: 845120 | Avg Loss (last 1024 ex): 0.3002
2026-07-26 00:22:05,238 - INFO: [exp2_n1] Epoch 15/20 | Global examples: 846144 | Avg Loss (last 1024 ex): 0.2855
2026-07-26 00:22:10,104 - INFO: [exp2_n1] Epoch 15/20 | Global examples: 847168 | Avg Loss (last 1024 ex): 0.3074
2026-07-26 00:22:15,402 - INFO: [exp2_n1] Epoch 15/20 | Global examples: 848192 | Avg Loss (last 1024 ex): 0.2893
2026-07-26 00:22:20,385 - INFO: [exp2_n1] Epoch 15/20 | Global examples: 849216 | Avg Loss (last 1024 ex): 0.2999
2026-07-26 00:22:25,334 - INFO: [exp2_n1] Epoch 15/20 | Global examples: 850240 | Avg Loss (last 1024 ex): 0.3120
2026-07-26 00:22:30,688 - INFO: [exp2_n1] Epoch 15/20 | Global examples: 851264 | Avg Loss (last 1024 ex): 0.3004
2026-07-26 00:22:35,624 - INFO: [exp2_n1] Epoch 15/20 | Global examples: 852288 | Avg Loss (last 1024 ex): 0.2978
2026-07-26 00:22:40,563 - INFO: [exp2_n1] Epoch 15/20 | Global examples: 853312 | Avg Loss (last 1024 ex): 0.3006
2026-07-26 00:22:45,662 - INFO: [exp2_n1] Epoch 15/20 | Global examples: 854336 | Avg Loss (last 1024 ex): 0.2945
2026-07-26 00:22:50,543 - INFO: [exp2_n1] Epoch 15/20 | Global examples: 855360 | Avg Loss (last 1024 ex): 0.3087
2026-07-26 00:22:55,482 - INFO: [exp2_n1] Epoch 15/20 | Global examples: 856384 | Avg Loss (last 1024 ex): 0.3063
2026-07-26 00:23:00,946 - INFO: [exp2_n1] Epoch 15/20 | Global examples: 857408 | Avg Loss (last 1024 ex): 0.3086
2026-07-26 00:23:05,835 - INFO: [exp2_n1] Epoch 15/20 | Global examples: 858432 | Avg Loss (last 1024 ex): 0.3055
2026-07-26 00:23:10,772 - INFO: [exp2_n1] Epoch 15/20 | Global examples: 859456 | Avg Loss (last 1024 ex): 0.3041
2026-07-26 00:23:15,976 - INFO: [exp2_n1] Epoch 15/20 | Global examples: 860480 | Avg Loss (last 1024 ex): 0.2995
2026-07-26 00:23:20,879 - INFO: [exp2_n1] Epoch 15/20 | Global examples: 861504 | Avg Loss (last 1024 ex): 0.3040
2026-07-26 00:23:25,812 - INFO: [exp2_n1] Epoch 15/20 | Global examples: 862528 | Avg Loss (last 1024 ex): 0.3001
2026-07-26 00:23:31,129 - INFO: [exp2_n1] Epoch 15/20 | Global examples: 863552 | Avg Loss (last 1024 ex): 0.2977
2026-07-26 00:23:35,965 - INFO: [exp2_n1] Epoch 15/20 | Global examples: 864576 | Avg Loss (last 1024 ex): 0.2880
2026-07-26 00:23:40,840 - INFO: [exp2_n1] Epoch 15/20 | Global examples: 865600 | Avg Loss (last 1024 ex): 0.3022
2026-07-26 00:23:46,015 - INFO: [exp2_n1] Epoch 15/20 | Global examples: 866624 | Avg Loss (last 1024 ex): 0.3010
2026-07-26 00:23:50,872 - INFO: [exp2_n1] Epoch 15/20 | Global examples: 867648 | Avg Loss (last 1024 ex): 0.2957
2026-07-26 00:23:55,783 - INFO: [exp2_n1] Epoch 15/20 | Global examples: 868672 | Avg Loss (last 1024 ex): 0.2951
2026-07-26 00:24:01,292 - INFO: [exp2_n1] Epoch 15/20 | Global examples: 869696 | Avg Loss (last 1024 ex): 0.3145
2026-07-26 00:24:06,226 - INFO: [exp2_n1] Epoch 15/20 | Global examples: 870720 | Avg Loss (last 1024 ex): 0.2991
2026-07-26 00:24:11,121 - INFO: [exp2_n1] Epoch 15/20 | Global examples: 871744 | Avg Loss (last 1024 ex): 0.3169
2026-07-26 00:24:16,310 - INFO: [exp2_n1] Epoch 15/20 | Global examples: 872768 | Avg Loss (last 1024 ex): 0.3032
2026-07-26 00:24:21,175 - INFO: [exp2_n1] Epoch 15/20 | Global examples: 873792 | Avg Loss (last 1024 ex): 0.2999
2026-07-26 00:24:25,989 - INFO: [exp2_n1] Epoch 15/20 | Global examples: 874816 | Avg Loss (last 1024 ex): 0.3136
2026-07-26 00:24:31,403 - INFO: [exp2_n1] Epoch 15/20 | Global examples: 875840 | Avg Loss (last 1024 ex): 0.3005
2026-07-26 00:24:36,438 - INFO: [exp2_n1] Epoch 15/20 | Global examples: 876864 | Avg Loss (last 1024 ex): 0.2951
2026-07-26 00:24:36,908 - INFO: [exp2_n1] Epoch 15/20 | Global examples: 876960 | Avg Loss (last 96 ex): 0.2631
2026-07-26 00:24:37,753 - INFO: [exp2_n1] Epoch 15 Val | Examples: 1024 | Avg Loss (last 1024 ex): 0.2229
2026-07-26 00:24:38,574 - INFO: [exp2_n1] Epoch 15 Val | Examples: 2048 | Avg Loss (last 1024 ex): 0.2160
2026-07-26 00:24:39,405 - INFO: [exp2_n1] Epoch 15 Val | Examples: 3072 | Avg Loss (last 1024 ex): 0.2208
2026-07-26 00:24:40,229 - INFO: [exp2_n1] Epoch 15 Val | Examples: 4096 | Avg Loss (last 1024 ex): 0.2228
2026-07-26 00:24:41,053 - INFO: [exp2_n1] Epoch 15 Val | Examples: 5120 | Avg Loss (last 1024 ex): 0.2244
2026-07-26 00:24:41,053 - INFO: [exp2_n1] === Epoch 15 done | Train Loss: 0.2969 | Val Loss: 0.2214 | Time: 289.0s ===
2026-07-26 00:24:41,084 - INFO: [exp2_n1] Model saved to C:/PythonProject/English2French/model/exp2_n1_epoch15.pth
2026-07-26 00:24:46,987 - INFO: [exp2_n1] Epoch 16/20 | Global examples: 877984 | Avg Loss (last 1024 ex): 0.2527
2026-07-26 00:24:51,972 - INFO: [exp2_n1] Epoch 16/20 | Global examples: 879008 | Avg Loss (last 1024 ex): 0.2900
2026-07-26 00:24:57,024 - INFO: [exp2_n1] Epoch 16/20 | Global examples: 880032 | Avg Loss (last 1024 ex): 0.2708
2026-07-26 00:25:02,339 - INFO: [exp2_n1] Epoch 16/20 | Global examples: 881056 | Avg Loss (last 1024 ex): 0.2982
2026-07-26 00:25:07,253 - INFO: [exp2_n1] Epoch 16/20 | Global examples: 882080 | Avg Loss (last 1024 ex): 0.2628
2026-07-26 00:25:12,058 - INFO: [exp2_n1] Epoch 16/20 | Global examples: 883104 | Avg Loss (last 1024 ex): 0.2762
2026-07-26 00:25:17,474 - INFO: [exp2_n1] Epoch 16/20 | Global examples: 884128 | Avg Loss (last 1024 ex): 0.2756
2026-07-26 00:25:22,455 - INFO: [exp2_n1] Epoch 16/20 | Global examples: 885152 | Avg Loss (last 1024 ex): 0.2748
2026-07-26 00:25:27,256 - INFO: [exp2_n1] Epoch 16/20 | Global examples: 886176 | Avg Loss (last 1024 ex): 0.2669
2026-07-26 00:25:32,520 - INFO: [exp2_n1] Epoch 16/20 | Global examples: 887200 | Avg Loss (last 1024 ex): 0.2848
2026-07-26 00:25:37,534 - INFO: [exp2_n1] Epoch 16/20 | Global examples: 888224 | Avg Loss (last 1024 ex): 0.2830
2026-07-26 00:25:42,492 - INFO: [exp2_n1] Epoch 16/20 | Global examples: 889248 | Avg Loss (last 1024 ex): 0.2940
2026-07-26 00:25:47,941 - INFO: [exp2_n1] Epoch 16/20 | Global examples: 890272 | Avg Loss (last 1024 ex): 0.2655
2026-07-26 00:25:52,913 - INFO: [exp2_n1] Epoch 16/20 | Global examples: 891296 | Avg Loss (last 1024 ex): 0.3015
2026-07-26 00:25:57,776 - INFO: [exp2_n1] Epoch 16/20 | Global examples: 892320 | Avg Loss (last 1024 ex): 0.2945
2026-07-26 00:26:03,016 - INFO: [exp2_n1] Epoch 16/20 | Global examples: 893344 | Avg Loss (last 1024 ex): 0.2772
2026-07-26 00:26:07,948 - INFO: [exp2_n1] Epoch 16/20 | Global examples: 894368 | Avg Loss (last 1024 ex): 0.3077
2026-07-26 00:26:12,855 - INFO: [exp2_n1] Epoch 16/20 | Global examples: 895392 | Avg Loss (last 1024 ex): 0.2869
2026-07-26 00:26:18,255 - INFO: [exp2_n1] Epoch 16/20 | Global examples: 896416 | Avg Loss (last 1024 ex): 0.2935
2026-07-26 00:26:23,134 - INFO: [exp2_n1] Epoch 16/20 | Global examples: 897440 | Avg Loss (last 1024 ex): 0.2868
2026-07-26 00:26:28,024 - INFO: [exp2_n1] Epoch 16/20 | Global examples: 898464 | Avg Loss (last 1024 ex): 0.3029
2026-07-26 00:26:33,262 - INFO: [exp2_n1] Epoch 16/20 | Global examples: 899488 | Avg Loss (last 1024 ex): 0.2766
2026-07-26 00:26:38,160 - INFO: [exp2_n1] Epoch 16/20 | Global examples: 900512 | Avg Loss (last 1024 ex): 0.2872
2026-07-26 00:26:43,052 - INFO: [exp2_n1] Epoch 16/20 | Global examples: 901536 | Avg Loss (last 1024 ex): 0.2987
2026-07-26 00:26:48,480 - INFO: [exp2_n1] Epoch 16/20 | Global examples: 902560 | Avg Loss (last 1024 ex): 0.3028
2026-07-26 00:26:53,358 - INFO: [exp2_n1] Epoch 16/20 | Global examples: 903584 | Avg Loss (last 1024 ex): 0.3013
2026-07-26 00:26:58,369 - INFO: [exp2_n1] Epoch 16/20 | Global examples: 904608 | Avg Loss (last 1024 ex): 0.3179
2026-07-26 00:27:03,667 - INFO: [exp2_n1] Epoch 16/20 | Global examples: 905632 | Avg Loss (last 1024 ex): 0.3054
2026-07-26 00:27:08,517 - INFO: [exp2_n1] Epoch 16/20 | Global examples: 906656 | Avg Loss (last 1024 ex): 0.2996
2026-07-26 00:27:13,489 - INFO: [exp2_n1] Epoch 16/20 | Global examples: 907680 | Avg Loss (last 1024 ex): 0.2989
2026-07-26 00:27:18,991 - INFO: [exp2_n1] Epoch 16/20 | Global examples: 908704 | Avg Loss (last 1024 ex): 0.3296
2026-07-26 00:27:23,908 - INFO: [exp2_n1] Epoch 16/20 | Global examples: 909728 | Avg Loss (last 1024 ex): 0.3054
2026-07-26 00:27:28,761 - INFO: [exp2_n1] Epoch 16/20 | Global examples: 910752 | Avg Loss (last 1024 ex): 0.3152
2026-07-26 00:27:33,966 - INFO: [exp2_n1] Epoch 16/20 | Global examples: 911776 | Avg Loss (last 1024 ex): 0.2971
2026-07-26 00:27:38,936 - INFO: [exp2_n1] Epoch 16/20 | Global examples: 912800 | Avg Loss (last 1024 ex): 0.3033
2026-07-26 00:27:43,876 - INFO: [exp2_n1] Epoch 16/20 | Global examples: 913824 | Avg Loss (last 1024 ex): 0.3117
2026-07-26 00:27:49,304 - INFO: [exp2_n1] Epoch 16/20 | Global examples: 914848 | Avg Loss (last 1024 ex): 0.3036
2026-07-26 00:27:54,143 - INFO: [exp2_n1] Epoch 16/20 | Global examples: 915872 | Avg Loss (last 1024 ex): 0.2960
2026-07-26 00:27:59,103 - INFO: [exp2_n1] Epoch 16/20 | Global examples: 916896 | Avg Loss (last 1024 ex): 0.2952
2026-07-26 00:28:04,337 - INFO: [exp2_n1] Epoch 16/20 | Global examples: 917920 | Avg Loss (last 1024 ex): 0.3097
2026-07-26 00:28:09,296 - INFO: [exp2_n1] Epoch 16/20 | Global examples: 918944 | Avg Loss (last 1024 ex): 0.2961
2026-07-26 00:28:14,267 - INFO: [exp2_n1] Epoch 16/20 | Global examples: 919968 | Avg Loss (last 1024 ex): 0.2888
2026-07-26 00:28:19,805 - INFO: [exp2_n1] Epoch 16/20 | Global examples: 920992 | Avg Loss (last 1024 ex): 0.2735
2026-07-26 00:28:24,652 - INFO: [exp2_n1] Epoch 16/20 | Global examples: 922016 | Avg Loss (last 1024 ex): 0.2951
2026-07-26 00:28:29,667 - INFO: [exp2_n1] Epoch 16/20 | Global examples: 923040 | Avg Loss (last 1024 ex): 0.3087
2026-07-26 00:28:35,010 - INFO: [exp2_n1] Epoch 16/20 | Global examples: 924064 | Avg Loss (last 1024 ex): 0.3057
2026-07-26 00:28:39,919 - INFO: [exp2_n1] Epoch 16/20 | Global examples: 925088 | Avg Loss (last 1024 ex): 0.3031
2026-07-26 00:28:45,214 - INFO: [exp2_n1] Epoch 16/20 | Global examples: 926112 | Avg Loss (last 1024 ex): 0.3045
2026-07-26 00:28:50,384 - INFO: [exp2_n1] Epoch 16/20 | Global examples: 927136 | Avg Loss (last 1024 ex): 0.3138
2026-07-26 00:28:55,352 - INFO: [exp2_n1] Epoch 16/20 | Global examples: 928160 | Avg Loss (last 1024 ex): 0.3087
2026-07-26 00:29:00,687 - INFO: [exp2_n1] Epoch 16/20 | Global examples: 929184 | Avg Loss (last 1024 ex): 0.3037
2026-07-26 00:29:05,602 - INFO: [exp2_n1] Epoch 16/20 | Global examples: 930208 | Avg Loss (last 1024 ex): 0.2947
2026-07-26 00:29:10,541 - INFO: [exp2_n1] Epoch 16/20 | Global examples: 931232 | Avg Loss (last 1024 ex): 0.2959
2026-07-26 00:29:16,046 - INFO: [exp2_n1] Epoch 16/20 | Global examples: 932256 | Avg Loss (last 1024 ex): 0.3100
2026-07-26 00:29:21,073 - INFO: [exp2_n1] Epoch 16/20 | Global examples: 933280 | Avg Loss (last 1024 ex): 0.2858
2026-07-26 00:29:25,899 - INFO: [exp2_n1] Epoch 16/20 | Global examples: 934304 | Avg Loss (last 1024 ex): 0.3162
2026-07-26 00:29:31,164 - INFO: [exp2_n1] Epoch 16/20 | Global examples: 935328 | Avg Loss (last 1024 ex): 0.3056
2026-07-26 00:29:31,679 - INFO: [exp2_n1] Epoch 16/20 | Global examples: 935424 | Avg Loss (last 96 ex): 0.2941
2026-07-26 00:29:32,613 - INFO: [exp2_n1] Epoch 16 Val | Examples: 1024 | Avg Loss (last 1024 ex): 0.2247
2026-07-26 00:29:33,453 - INFO: [exp2_n1] Epoch 16 Val | Examples: 2048 | Avg Loss (last 1024 ex): 0.2057
2026-07-26 00:29:34,284 - INFO: [exp2_n1] Epoch 16 Val | Examples: 3072 | Avg Loss (last 1024 ex): 0.2170
2026-07-26 00:29:35,082 - INFO: [exp2_n1] Epoch 16 Val | Examples: 4096 | Avg Loss (last 1024 ex): 0.2280
2026-07-26 00:29:35,899 - INFO: [exp2_n1] Epoch 16 Val | Examples: 5120 | Avg Loss (last 1024 ex): 0.2187
2026-07-26 00:29:35,899 - INFO: [exp2_n1] === Epoch 16 done | Train Loss: 0.2949 | Val Loss: 0.2188 | Time: 290.6s ===
2026-07-26 00:29:35,924 - INFO: [exp2_n1] Model saved to C:/PythonProject/English2French/model/exp2_n1_epoch16.pth
2026-07-26 00:29:40,748 - INFO: [exp2_n1] Epoch 17/20 | Global examples: 936448 | Avg Loss (last 1024 ex): 0.2573
2026-07-26 00:29:46,588 - INFO: [exp2_n1] Epoch 17/20 | Global examples: 937472 | Avg Loss (last 1024 ex): 0.2805
2026-07-26 00:29:51,529 - INFO: [exp2_n1] Epoch 17/20 | Global examples: 938496 | Avg Loss (last 1024 ex): 0.2613
2026-07-26 00:29:56,422 - INFO: [exp2_n1] Epoch 17/20 | Global examples: 939520 | Avg Loss (last 1024 ex): 0.2549
2026-07-26 00:30:01,688 - INFO: [exp2_n1] Epoch 17/20 | Global examples: 940544 | Avg Loss (last 1024 ex): 0.2718
2026-07-26 00:30:06,566 - INFO: [exp2_n1] Epoch 17/20 | Global examples: 941568 | Avg Loss (last 1024 ex): 0.2666
2026-07-26 00:30:11,489 - INFO: [exp2_n1] Epoch 17/20 | Global examples: 942592 | Avg Loss (last 1024 ex): 0.2711
2026-07-26 00:30:16,854 - INFO: [exp2_n1] Epoch 17/20 | Global examples: 943616 | Avg Loss (last 1024 ex): 0.2744
2026-07-26 00:30:21,704 - INFO: [exp2_n1] Epoch 17/20 | Global examples: 944640 | Avg Loss (last 1024 ex): 0.2768
2026-07-26 00:30:26,540 - INFO: [exp2_n1] Epoch 17/20 | Global examples: 945664 | Avg Loss (last 1024 ex): 0.2688
2026-07-26 00:30:31,774 - INFO: [exp2_n1] Epoch 17/20 | Global examples: 946688 | Avg Loss (last 1024 ex): 0.2764
2026-07-26 00:30:36,740 - INFO: [exp2_n1] Epoch 17/20 | Global examples: 947712 | Avg Loss (last 1024 ex): 0.2724
2026-07-26 00:30:41,732 - INFO: [exp2_n1] Epoch 17/20 | Global examples: 948736 | Avg Loss (last 1024 ex): 0.2941
2026-07-26 00:30:47,219 - INFO: [exp2_n1] Epoch 17/20 | Global examples: 949760 | Avg Loss (last 1024 ex): 0.2828
2026-07-26 00:30:52,236 - INFO: [exp2_n1] Epoch 17/20 | Global examples: 950784 | Avg Loss (last 1024 ex): 0.2736
2026-07-26 00:30:57,244 - INFO: [exp2_n1] Epoch 17/20 | Global examples: 951808 | Avg Loss (last 1024 ex): 0.2784
2026-07-26 00:31:02,512 - INFO: [exp2_n1] Epoch 17/20 | Global examples: 952832 | Avg Loss (last 1024 ex): 0.2728
2026-07-26 00:31:07,369 - INFO: [exp2_n1] Epoch 17/20 | Global examples: 953856 | Avg Loss (last 1024 ex): 0.2802
2026-07-26 00:31:12,225 - INFO: [exp2_n1] Epoch 17/20 | Global examples: 954880 | Avg Loss (last 1024 ex): 0.2855
2026-07-26 00:31:17,504 - INFO: [exp2_n1] Epoch 17/20 | Global examples: 955904 | Avg Loss (last 1024 ex): 0.3091
2026-07-26 00:31:22,360 - INFO: [exp2_n1] Epoch 17/20 | Global examples: 956928 | Avg Loss (last 1024 ex): 0.2939
2026-07-26 00:31:27,273 - INFO: [exp2_n1] Epoch 17/20 | Global examples: 957952 | Avg Loss (last 1024 ex): 0.2816
2026-07-26 00:31:32,676 - INFO: [exp2_n1] Epoch 17/20 | Global examples: 958976 | Avg Loss (last 1024 ex): 0.2857
2026-07-26 00:31:37,595 - INFO: [exp2_n1] Epoch 17/20 | Global examples: 960000 | Avg Loss (last 1024 ex): 0.2950
2026-07-26 00:31:42,538 - INFO: [exp2_n1] Epoch 17/20 | Global examples: 961024 | Avg Loss (last 1024 ex): 0.2889
2026-07-26 00:31:47,999 - INFO: [exp2_n1] Epoch 17/20 | Global examples: 962048 | Avg Loss (last 1024 ex): 0.2898
2026-07-26 00:31:52,954 - INFO: [exp2_n1] Epoch 17/20 | Global examples: 963072 | Avg Loss (last 1024 ex): 0.3043
2026-07-26 00:31:57,799 - INFO: [exp2_n1] Epoch 17/20 | Global examples: 964096 | Avg Loss (last 1024 ex): 0.2955
2026-07-26 00:32:02,987 - INFO: [exp2_n1] Epoch 17/20 | Global examples: 965120 | Avg Loss (last 1024 ex): 0.3059
2026-07-26 00:32:07,693 - INFO: [exp2_n1] Epoch 17/20 | Global examples: 966144 | Avg Loss (last 1024 ex): 0.2940
2026-07-26 00:32:12,611 - INFO: [exp2_n1] Epoch 17/20 | Global examples: 967168 | Avg Loss (last 1024 ex): 0.2995
2026-07-26 00:32:18,076 - INFO: [exp2_n1] Epoch 17/20 | Global examples: 968192 | Avg Loss (last 1024 ex): 0.2951
2026-07-26 00:32:22,921 - INFO: [exp2_n1] Epoch 17/20 | Global examples: 969216 | Avg Loss (last 1024 ex): 0.2965
2026-07-26 00:32:27,871 - INFO: [exp2_n1] Epoch 17/20 | Global examples: 970240 | Avg Loss (last 1024 ex): 0.3023
2026-07-26 00:32:33,238 - INFO: [exp2_n1] Epoch 17/20 | Global examples: 971264 | Avg Loss (last 1024 ex): 0.2962
2026-07-26 00:32:38,198 - INFO: [exp2_n1] Epoch 17/20 | Global examples: 972288 | Avg Loss (last 1024 ex): 0.2987
2026-07-26 00:32:43,010 - INFO: [exp2_n1] Epoch 17/20 | Global examples: 973312 | Avg Loss (last 1024 ex): 0.3019
2026-07-26 00:32:48,411 - INFO: [exp2_n1] Epoch 17/20 | Global examples: 974336 | Avg Loss (last 1024 ex): 0.2965
2026-07-26 00:32:53,296 - INFO: [exp2_n1] Epoch 17/20 | Global examples: 975360 | Avg Loss (last 1024 ex): 0.3112
2026-07-26 00:32:58,264 - INFO: [exp2_n1] Epoch 17/20 | Global examples: 976384 | Avg Loss (last 1024 ex): 0.2876
2026-07-26 00:33:03,447 - INFO: [exp2_n1] Epoch 17/20 | Global examples: 977408 | Avg Loss (last 1024 ex): 0.2844
2026-07-26 00:33:08,433 - INFO: [exp2_n1] Epoch 17/20 | Global examples: 978432 | Avg Loss (last 1024 ex): 0.3034
2026-07-26 00:33:13,599 - INFO: [exp2_n1] Epoch 17/20 | Global examples: 979456 | Avg Loss (last 1024 ex): 0.2821
2026-07-26 00:33:19,102 - INFO: [exp2_n1] Epoch 17/20 | Global examples: 980480 | Avg Loss (last 1024 ex): 0.2790
2026-07-26 00:33:24,100 - INFO: [exp2_n1] Epoch 17/20 | Global examples: 981504 | Avg Loss (last 1024 ex): 0.2816
2026-07-26 00:33:29,063 - INFO: [exp2_n1] Epoch 17/20 | Global examples: 982528 | Avg Loss (last 1024 ex): 0.3000
2026-07-26 00:33:34,453 - INFO: [exp2_n1] Epoch 17/20 | Global examples: 983552 | Avg Loss (last 1024 ex): 0.2954
2026-07-26 00:33:39,479 - INFO: [exp2_n1] Epoch 17/20 | Global examples: 984576 | Avg Loss (last 1024 ex): 0.3000
2026-07-26 00:33:44,448 - INFO: [exp2_n1] Epoch 17/20 | Global examples: 985600 | Avg Loss (last 1024 ex): 0.2922
2026-07-26 00:33:49,838 - INFO: [exp2_n1] Epoch 17/20 | Global examples: 986624 | Avg Loss (last 1024 ex): 0.2806
2026-07-26 00:33:54,842 - INFO: [exp2_n1] Epoch 17/20 | Global examples: 987648 | Avg Loss (last 1024 ex): 0.2945
2026-07-26 00:33:59,786 - INFO: [exp2_n1] Epoch 17/20 | Global examples: 988672 | Avg Loss (last 1024 ex): 0.2883
2026-07-26 00:34:05,103 - INFO: [exp2_n1] Epoch 17/20 | Global examples: 989696 | Avg Loss (last 1024 ex): 0.2805
2026-07-26 00:34:10,105 - INFO: [exp2_n1] Epoch 17/20 | Global examples: 990720 | Avg Loss (last 1024 ex): 0.2741
2026-07-26 00:34:15,143 - INFO: [exp2_n1] Epoch 17/20 | Global examples: 991744 | Avg Loss (last 1024 ex): 0.2875
2026-07-26 00:34:20,668 - INFO: [exp2_n1] Epoch 17/20 | Global examples: 992768 | Avg Loss (last 1024 ex): 0.2769
2026-07-26 00:34:25,596 - INFO: [exp2_n1] Epoch 17/20 | Global examples: 993792 | Avg Loss (last 1024 ex): 0.2934
2026-07-26 00:34:26,066 - INFO: [exp2_n1] Epoch 17/20 | Global examples: 993888 | Avg Loss (last 96 ex): 0.3280
2026-07-26 00:34:26,964 - INFO: [exp2_n1] Epoch 17 Val | Examples: 1024 | Avg Loss (last 1024 ex): 0.2289
2026-07-26 00:34:27,783 - INFO: [exp2_n1] Epoch 17 Val | Examples: 2048 | Avg Loss (last 1024 ex): 0.2134
2026-07-26 00:34:28,649 - INFO: [exp2_n1] Epoch 17 Val | Examples: 3072 | Avg Loss (last 1024 ex): 0.2083
2026-07-26 00:34:29,464 - INFO: [exp2_n1] Epoch 17 Val | Examples: 4096 | Avg Loss (last 1024 ex): 0.2095
2026-07-26 00:34:30,299 - INFO: [exp2_n1] Epoch 17 Val | Examples: 5120 | Avg Loss (last 1024 ex): 0.2184
2026-07-26 00:34:30,299 - INFO: [exp2_n1] === Epoch 17 done | Train Loss: 0.2864 | Val Loss: 0.2157 | Time: 290.1s ===
2026-07-26 00:34:30,330 - INFO: [exp2_n1] Model saved to C:/PythonProject/English2French/model/exp2_n1_epoch17.pth
2026-07-26 00:34:36,256 - INFO: [exp2_n1] Epoch 18/20 | Global examples: 994912 | Avg Loss (last 1024 ex): 0.2790
2026-07-26 00:34:41,321 - INFO: [exp2_n1] Epoch 18/20 | Global examples: 995936 | Avg Loss (last 1024 ex): 0.2538
2026-07-26 00:34:46,618 - INFO: [exp2_n1] Epoch 18/20 | Global examples: 996960 | Avg Loss (last 1024 ex): 0.2610
2026-07-26 00:34:51,672 - INFO: [exp2_n1] Epoch 18/20 | Global examples: 997984 | Avg Loss (last 1024 ex): 0.2643
2026-07-26 00:34:56,718 - INFO: [exp2_n1] Epoch 18/20 | Global examples: 999008 | Avg Loss (last 1024 ex): 0.2656
2026-07-26 00:35:02,240 - INFO: [exp2_n1] Epoch 18/20 | Global examples: 1000032 | Avg Loss (last 1024 ex): 0.2607
2026-07-26 00:35:07,279 - INFO: [exp2_n1] Epoch 18/20 | Global examples: 1001056 | Avg Loss (last 1024 ex): 0.2633
2026-07-26 00:35:12,289 - INFO: [exp2_n1] Epoch 18/20 | Global examples: 1002080 | Avg Loss (last 1024 ex): 0.2842
2026-07-26 00:35:17,675 - INFO: [exp2_n1] Epoch 18/20 | Global examples: 1003104 | Avg Loss (last 1024 ex): 0.2766
2026-07-26 00:35:22,702 - INFO: [exp2_n1] Epoch 18/20 | Global examples: 1004128 | Avg Loss (last 1024 ex): 0.2770
2026-07-26 00:35:27,703 - INFO: [exp2_n1] Epoch 18/20 | Global examples: 1005152 | Avg Loss (last 1024 ex): 0.2587
2026-07-26 00:35:33,099 - INFO: [exp2_n1] Epoch 18/20 | Global examples: 1006176 | Avg Loss (last 1024 ex): 0.2757
2026-07-26 00:35:37,990 - INFO: [exp2_n1] Epoch 18/20 | Global examples: 1007200 | Avg Loss (last 1024 ex): 0.2769
2026-07-26 00:35:42,949 - INFO: [exp2_n1] Epoch 18/20 | Global examples: 1008224 | Avg Loss (last 1024 ex): 0.2927
2026-07-26 00:35:48,284 - INFO: [exp2_n1] Epoch 18/20 | Global examples: 1009248 | Avg Loss (last 1024 ex): 0.2692
2026-07-26 00:35:53,396 - INFO: [exp2_n1] Epoch 18/20 | Global examples: 1010272 | Avg Loss (last 1024 ex): 0.2793
2026-07-26 00:35:58,388 - INFO: [exp2_n1] Epoch 18/20 | Global examples: 1011296 | Avg Loss (last 1024 ex): 0.2965
2026-07-26 00:36:03,848 - INFO: [exp2_n1] Epoch 18/20 | Global examples: 1012320 | Avg Loss (last 1024 ex): 0.2760
2026-07-26 00:36:08,856 - INFO: [exp2_n1] Epoch 18/20 | Global examples: 1013344 | Avg Loss (last 1024 ex): 0.3070
2026-07-26 00:36:13,791 - INFO: [exp2_n1] Epoch 18/20 | Global examples: 1014368 | Avg Loss (last 1024 ex): 0.2724
2026-07-26 00:36:19,087 - INFO: [exp2_n1] Epoch 18/20 | Global examples: 1015392 | Avg Loss (last 1024 ex): 0.2814
2026-07-26 00:36:23,938 - INFO: [exp2_n1] Epoch 18/20 | Global examples: 1016416 | Avg Loss (last 1024 ex): 0.2984
2026-07-26 00:36:28,826 - INFO: [exp2_n1] Epoch 18/20 | Global examples: 1017440 | Avg Loss (last 1024 ex): 0.2880
2026-07-26 00:36:34,422 - INFO: [exp2_n1] Epoch 18/20 | Global examples: 1018464 | Avg Loss (last 1024 ex): 0.2774
2026-07-26 00:36:39,488 - INFO: [exp2_n1] Epoch 18/20 | Global examples: 1019488 | Avg Loss (last 1024 ex): 0.2774
2026-07-26 00:36:44,439 - INFO: [exp2_n1] Epoch 18/20 | Global examples: 1020512 | Avg Loss (last 1024 ex): 0.2880
2026-07-26 00:36:49,981 - INFO: [exp2_n1] Epoch 18/20 | Global examples: 1021536 | Avg Loss (last 1024 ex): 0.2924
2026-07-26 00:36:55,033 - INFO: [exp2_n1] Epoch 18/20 | Global examples: 1022560 | Avg Loss (last 1024 ex): 0.2821
2026-07-26 00:36:59,940 - INFO: [exp2_n1] Epoch 18/20 | Global examples: 1023584 | Avg Loss (last 1024 ex): 0.2976
2026-07-26 00:37:05,411 - INFO: [exp2_n1] Epoch 18/20 | Global examples: 1024608 | Avg Loss (last 1024 ex): 0.2782
2026-07-26 00:37:10,365 - INFO: [exp2_n1] Epoch 18/20 | Global examples: 1025632 | Avg Loss (last 1024 ex): 0.2784
2026-07-26 00:37:15,339 - INFO: [exp2_n1] Epoch 18/20 | Global examples: 1026656 | Avg Loss (last 1024 ex): 0.2878
2026-07-26 00:37:20,518 - INFO: [exp2_n1] Epoch 18/20 | Global examples: 1027680 | Avg Loss (last 1024 ex): 0.2800
2026-07-26 00:37:25,504 - INFO: [exp2_n1] Epoch 18/20 | Global examples: 1028704 | Avg Loss (last 1024 ex): 0.2680
2026-07-26 00:37:30,532 - INFO: [exp2_n1] Epoch 18/20 | Global examples: 1029728 | Avg Loss (last 1024 ex): 0.2936
2026-07-26 00:37:36,064 - INFO: [exp2_n1] Epoch 18/20 | Global examples: 1030752 | Avg Loss (last 1024 ex): 0.3041
2026-07-26 00:37:41,111 - INFO: [exp2_n1] Epoch 18/20 | Global examples: 1031776 | Avg Loss (last 1024 ex): 0.2833
2026-07-26 00:37:46,116 - INFO: [exp2_n1] Epoch 18/20 | Global examples: 1032800 | Avg Loss (last 1024 ex): 0.2851
2026-07-26 00:37:51,545 - INFO: [exp2_n1] Epoch 18/20 | Global examples: 1033824 | Avg Loss (last 1024 ex): 0.2849
2026-07-26 00:37:56,540 - INFO: [exp2_n1] Epoch 18/20 | Global examples: 1034848 | Avg Loss (last 1024 ex): 0.2950
2026-07-26 00:38:01,408 - INFO: [exp2_n1] Epoch 18/20 | Global examples: 1035872 | Avg Loss (last 1024 ex): 0.2818
2026-07-26 00:38:06,881 - INFO: [exp2_n1] Epoch 18/20 | Global examples: 1036896 | Avg Loss (last 1024 ex): 0.3010
2026-07-26 00:38:11,817 - INFO: [exp2_n1] Epoch 18/20 | Global examples: 1037920 | Avg Loss (last 1024 ex): 0.3044
2026-07-26 00:38:17,010 - INFO: [exp2_n1] Epoch 18/20 | Global examples: 1038944 | Avg Loss (last 1024 ex): 0.2759
2026-07-26 00:38:22,038 - INFO: [exp2_n1] Epoch 18/20 | Global examples: 1039968 | Avg Loss (last 1024 ex): 0.2872
2026-07-26 00:38:27,051 - INFO: [exp2_n1] Epoch 18/20 | Global examples: 1040992 | Avg Loss (last 1024 ex): 0.2918
2026-07-26 00:38:32,580 - INFO: [exp2_n1] Epoch 18/20 | Global examples: 1042016 | Avg Loss (last 1024 ex): 0.2918
2026-07-26 00:38:37,564 - INFO: [exp2_n1] Epoch 18/20 | Global examples: 1043040 | Avg Loss (last 1024 ex): 0.2816
2026-07-26 00:38:42,489 - INFO: [exp2_n1] Epoch 18/20 | Global examples: 1044064 | Avg Loss (last 1024 ex): 0.3003
2026-07-26 00:38:47,832 - INFO: [exp2_n1] Epoch 18/20 | Global examples: 1045088 | Avg Loss (last 1024 ex): 0.2934
2026-07-26 00:38:52,871 - INFO: [exp2_n1] Epoch 18/20 | Global examples: 1046112 | Avg Loss (last 1024 ex): 0.3115
2026-07-26 00:38:57,808 - INFO: [exp2_n1] Epoch 18/20 | Global examples: 1047136 | Avg Loss (last 1024 ex): 0.3012
2026-07-26 00:39:03,328 - INFO: [exp2_n1] Epoch 18/20 | Global examples: 1048160 | Avg Loss (last 1024 ex): 0.2994
2026-07-26 00:39:08,384 - INFO: [exp2_n1] Epoch 18/20 | Global examples: 1049184 | Avg Loss (last 1024 ex): 0.2841
2026-07-26 00:39:13,403 - INFO: [exp2_n1] Epoch 18/20 | Global examples: 1050208 | Avg Loss (last 1024 ex): 0.3132
2026-07-26 00:39:18,732 - INFO: [exp2_n1] Epoch 18/20 | Global examples: 1051232 | Avg Loss (last 1024 ex): 0.2954
2026-07-26 00:39:23,739 - INFO: [exp2_n1] Epoch 18/20 | Global examples: 1052256 | Avg Loss (last 1024 ex): 0.2862
2026-07-26 00:39:24,199 - INFO: [exp2_n1] Epoch 18/20 | Global examples: 1052352 | Avg Loss (last 96 ex): 0.2755
2026-07-26 00:39:25,160 - INFO: [exp2_n1] Epoch 18 Val | Examples: 1024 | Avg Loss (last 1024 ex): 0.2129
2026-07-26 00:39:25,975 - INFO: [exp2_n1] Epoch 18 Val | Examples: 2048 | Avg Loss (last 1024 ex): 0.2064
2026-07-26 00:39:26,787 - INFO: [exp2_n1] Epoch 18 Val | Examples: 3072 | Avg Loss (last 1024 ex): 0.2031
2026-07-26 00:39:27,620 - INFO: [exp2_n1] Epoch 18 Val | Examples: 4096 | Avg Loss (last 1024 ex): 0.2217
2026-07-26 00:39:28,432 - INFO: [exp2_n1] Epoch 18 Val | Examples: 5120 | Avg Loss (last 1024 ex): 0.2291
2026-07-26 00:39:28,433 - INFO: [exp2_n1] === Epoch 18 done | Train Loss: 0.2844 | Val Loss: 0.2146 | Time: 293.9s ===
2026-07-26 00:39:28,462 - INFO: [exp2_n1] Model saved to C:/PythonProject/English2French/model/exp2_n1_epoch18.pth
2026-07-26 00:39:34,446 - INFO: [exp2_n1] Epoch 19/20 | Global examples: 1053376 | Avg Loss (last 1024 ex): 0.2558
2026-07-26 00:39:39,529 - INFO: [exp2_n1] Epoch 19/20 | Global examples: 1054400 | Avg Loss (last 1024 ex): 0.2609
2026-07-26 00:39:44,529 - INFO: [exp2_n1] Epoch 19/20 | Global examples: 1055424 | Avg Loss (last 1024 ex): 0.2556
2026-07-26 00:39:49,900 - INFO: [exp2_n1] Epoch 19/20 | Global examples: 1056448 | Avg Loss (last 1024 ex): 0.2662
2026-07-26 00:39:54,939 - INFO: [exp2_n1] Epoch 19/20 | Global examples: 1057472 | Avg Loss (last 1024 ex): 0.2623
2026-07-26 00:39:59,911 - INFO: [exp2_n1] Epoch 19/20 | Global examples: 1058496 | Avg Loss (last 1024 ex): 0.2731
2026-07-26 00:40:05,466 - INFO: [exp2_n1] Epoch 19/20 | Global examples: 1059520 | Avg Loss (last 1024 ex): 0.2710
2026-07-26 00:40:10,467 - INFO: [exp2_n1] Epoch 19/20 | Global examples: 1060544 | Avg Loss (last 1024 ex): 0.2731
2026-07-26 00:40:15,490 - INFO: [exp2_n1] Epoch 19/20 | Global examples: 1061568 | Avg Loss (last 1024 ex): 0.2590
2026-07-26 00:40:20,835 - INFO: [exp2_n1] Epoch 19/20 | Global examples: 1062592 | Avg Loss (last 1024 ex): 0.2755
2026-07-26 00:40:25,914 - INFO: [exp2_n1] Epoch 19/20 | Global examples: 1063616 | Avg Loss (last 1024 ex): 0.2902
2026-07-26 00:40:30,981 - INFO: [exp2_n1] Epoch 19/20 | Global examples: 1064640 | Avg Loss (last 1024 ex): 0.2880
2026-07-26 00:40:36,550 - INFO: [exp2_n1] Epoch 19/20 | Global examples: 1065664 | Avg Loss (last 1024 ex): 0.2857
2026-07-26 00:40:41,536 - INFO: [exp2_n1] Epoch 19/20 | Global examples: 1066688 | Avg Loss (last 1024 ex): 0.2746
2026-07-26 00:40:46,501 - INFO: [exp2_n1] Epoch 19/20 | Global examples: 1067712 | Avg Loss (last 1024 ex): 0.2946
2026-07-26 00:40:51,837 - INFO: [exp2_n1] Epoch 19/20 | Global examples: 1068736 | Avg Loss (last 1024 ex): 0.2836
2026-07-26 00:40:56,752 - INFO: [exp2_n1] Epoch 19/20 | Global examples: 1069760 | Avg Loss (last 1024 ex): 0.2849
2026-07-26 00:41:01,754 - INFO: [exp2_n1] Epoch 19/20 | Global examples: 1070784 | Avg Loss (last 1024 ex): 0.2862
2026-07-26 00:41:07,381 - INFO: [exp2_n1] Epoch 19/20 | Global examples: 1071808 | Avg Loss (last 1024 ex): 0.2965
2026-07-26 00:41:12,492 - INFO: [exp2_n1] Epoch 19/20 | Global examples: 1072832 | Avg Loss (last 1024 ex): 0.3002
2026-07-26 00:41:17,966 - INFO: [exp2_n1] Epoch 19/20 | Global examples: 1073856 | Avg Loss (last 1024 ex): 0.3076
2026-07-26 00:41:23,088 - INFO: [exp2_n1] Epoch 19/20 | Global examples: 1074880 | Avg Loss (last 1024 ex): 0.2955
2026-07-26 00:41:28,034 - INFO: [exp2_n1] Epoch 19/20 | Global examples: 1075904 | Avg Loss (last 1024 ex): 0.2862
2026-07-26 00:41:33,568 - INFO: [exp2_n1] Epoch 19/20 | Global examples: 1076928 | Avg Loss (last 1024 ex): 0.2828
2026-07-26 00:41:38,516 - INFO: [exp2_n1] Epoch 19/20 | Global examples: 1077952 | Avg Loss (last 1024 ex): 0.2955
2026-07-26 00:41:43,601 - INFO: [exp2_n1] Epoch 19/20 | Global examples: 1078976 | Avg Loss (last 1024 ex): 0.2737
2026-07-26 00:41:48,972 - INFO: [exp2_n1] Epoch 19/20 | Global examples: 1080000 | Avg Loss (last 1024 ex): 0.2754
2026-07-26 00:41:53,958 - INFO: [exp2_n1] Epoch 19/20 | Global examples: 1081024 | Avg Loss (last 1024 ex): 0.2827
2026-07-26 00:41:58,966 - INFO: [exp2_n1] Epoch 19/20 | Global examples: 1082048 | Avg Loss (last 1024 ex): 0.2805
2026-07-26 00:42:04,612 - INFO: [exp2_n1] Epoch 19/20 | Global examples: 1083072 | Avg Loss (last 1024 ex): 0.2918
2026-07-26 00:42:09,669 - INFO: [exp2_n1] Epoch 19/20 | Global examples: 1084096 | Avg Loss (last 1024 ex): 0.2904
2026-07-26 00:42:14,679 - INFO: [exp2_n1] Epoch 19/20 | Global examples: 1085120 | Avg Loss (last 1024 ex): 0.2781
2026-07-26 00:42:19,905 - INFO: [exp2_n1] Epoch 19/20 | Global examples: 1086144 | Avg Loss (last 1024 ex): 0.2821
2026-07-26 00:42:24,750 - INFO: [exp2_n1] Epoch 19/20 | Global examples: 1087168 | Avg Loss (last 1024 ex): 0.2798
2026-07-26 00:42:29,606 - INFO: [exp2_n1] Epoch 19/20 | Global examples: 1088192 | Avg Loss (last 1024 ex): 0.2819
2026-07-26 00:42:35,170 - INFO: [exp2_n1] Epoch 19/20 | Global examples: 1089216 | Avg Loss (last 1024 ex): 0.2819
2026-07-26 00:42:40,197 - INFO: [exp2_n1] Epoch 19/20 | Global examples: 1090240 | Avg Loss (last 1024 ex): 0.2913
2026-07-26 00:42:45,150 - INFO: [exp2_n1] Epoch 19/20 | Global examples: 1091264 | Avg Loss (last 1024 ex): 0.3071
2026-07-26 00:42:50,535 - INFO: [exp2_n1] Epoch 19/20 | Global examples: 1092288 | Avg Loss (last 1024 ex): 0.2881
2026-07-26 00:42:55,431 - INFO: [exp2_n1] Epoch 19/20 | Global examples: 1093312 | Avg Loss (last 1024 ex): 0.2682
2026-07-26 00:43:00,395 - INFO: [exp2_n1] Epoch 19/20 | Global examples: 1094336 | Avg Loss (last 1024 ex): 0.2964
2026-07-26 00:43:06,051 - INFO: [exp2_n1] Epoch 19/20 | Global examples: 1095360 | Avg Loss (last 1024 ex): 0.2887
2026-07-26 00:43:11,039 - INFO: [exp2_n1] Epoch 19/20 | Global examples: 1096384 | Avg Loss (last 1024 ex): 0.2799
2026-07-26 00:43:15,934 - INFO: [exp2_n1] Epoch 19/20 | Global examples: 1097408 | Avg Loss (last 1024 ex): 0.2902
2026-07-26 00:43:21,276 - INFO: [exp2_n1] Epoch 19/20 | Global examples: 1098432 | Avg Loss (last 1024 ex): 0.2725
2026-07-26 00:43:26,284 - INFO: [exp2_n1] Epoch 19/20 | Global examples: 1099456 | Avg Loss (last 1024 ex): 0.2762
2026-07-26 00:43:31,357 - INFO: [exp2_n1] Epoch 19/20 | Global examples: 1100480 | Avg Loss (last 1024 ex): 0.2869
2026-07-26 00:43:36,911 - INFO: [exp2_n1] Epoch 19/20 | Global examples: 1101504 | Avg Loss (last 1024 ex): 0.3001
2026-07-26 00:43:42,013 - INFO: [exp2_n1] Epoch 19/20 | Global examples: 1102528 | Avg Loss (last 1024 ex): 0.2871
2026-07-26 00:43:47,098 - INFO: [exp2_n1] Epoch 19/20 | Global examples: 1103552 | Avg Loss (last 1024 ex): 0.2940
2026-07-26 00:43:52,513 - INFO: [exp2_n1] Epoch 19/20 | Global examples: 1104576 | Avg Loss (last 1024 ex): 0.2897
2026-07-26 00:43:57,445 - INFO: [exp2_n1] Epoch 19/20 | Global examples: 1105600 | Avg Loss (last 1024 ex): 0.2712
2026-07-26 00:44:02,422 - INFO: [exp2_n1] Epoch 19/20 | Global examples: 1106624 | Avg Loss (last 1024 ex): 0.2824
2026-07-26 00:44:07,977 - INFO: [exp2_n1] Epoch 19/20 | Global examples: 1107648 | Avg Loss (last 1024 ex): 0.2854
2026-07-26 00:44:12,875 - INFO: [exp2_n1] Epoch 19/20 | Global examples: 1108672 | Avg Loss (last 1024 ex): 0.2752
2026-07-26 00:44:17,869 - INFO: [exp2_n1] Epoch 19/20 | Global examples: 1109696 | Avg Loss (last 1024 ex): 0.2835
2026-07-26 00:44:23,299 - INFO: [exp2_n1] Epoch 19/20 | Global examples: 1110720 | Avg Loss (last 1024 ex): 0.2776
2026-07-26 00:44:23,773 - INFO: [exp2_n1] Epoch 19/20 | Global examples: 1110816 | Avg Loss (last 96 ex): 0.2615
2026-07-26 00:44:24,727 - INFO: [exp2_n1] Epoch 19 Val | Examples: 1024 | Avg Loss (last 1024 ex): 0.2119
2026-07-26 00:44:25,557 - INFO: [exp2_n1] Epoch 19 Val | Examples: 2048 | Avg Loss (last 1024 ex): 0.1871
2026-07-26 00:44:26,387 - INFO: [exp2_n1] Epoch 19 Val | Examples: 3072 | Avg Loss (last 1024 ex): 0.2102
2026-07-26 00:44:27,213 - INFO: [exp2_n1] Epoch 19 Val | Examples: 4096 | Avg Loss (last 1024 ex): 0.1983
2026-07-26 00:44:28,037 - INFO: [exp2_n1] Epoch 19 Val | Examples: 5120 | Avg Loss (last 1024 ex): 0.2221
2026-07-26 00:44:28,038 - INFO: [exp2_n1] === Epoch 19 done | Train Loss: 0.2823 | Val Loss: 0.2059 | Time: 295.3s ===
2026-07-26 00:44:28,067 - INFO: [exp2_n1] Model saved to C:/PythonProject/English2French/model/exp2_n1_epoch19.pth
2026-07-26 00:44:34,029 - INFO: [exp2_n1] Epoch 20/20 | Global examples: 1111840 | Avg Loss (last 1024 ex): 0.2545
2026-07-26 00:44:39,106 - INFO: [exp2_n1] Epoch 20/20 | Global examples: 1112864 | Avg Loss (last 1024 ex): 0.2503
2026-07-26 00:44:44,082 - INFO: [exp2_n1] Epoch 20/20 | Global examples: 1113888 | Avg Loss (last 1024 ex): 0.2736
2026-07-26 00:44:49,361 - INFO: [exp2_n1] Epoch 20/20 | Global examples: 1114912 | Avg Loss (last 1024 ex): 0.2495
2026-07-26 00:44:54,282 - INFO: [exp2_n1] Epoch 20/20 | Global examples: 1115936 | Avg Loss (last 1024 ex): 0.2701
2026-07-26 00:44:59,294 - INFO: [exp2_n1] Epoch 20/20 | Global examples: 1116960 | Avg Loss (last 1024 ex): 0.2659
2026-07-26 00:45:04,840 - INFO: [exp2_n1] Epoch 20/20 | Global examples: 1117984 | Avg Loss (last 1024 ex): 0.2624
2026-07-26 00:45:09,822 - INFO: [exp2_n1] Epoch 20/20 | Global examples: 1119008 | Avg Loss (last 1024 ex): 0.2445
2026-07-26 00:45:14,844 - INFO: [exp2_n1] Epoch 20/20 | Global examples: 1120032 | Avg Loss (last 1024 ex): 0.2746
2026-07-26 00:45:20,174 - INFO: [exp2_n1] Epoch 20/20 | Global examples: 1121056 | Avg Loss (last 1024 ex): 0.2740
2026-07-26 00:45:25,228 - INFO: [exp2_n1] Epoch 20/20 | Global examples: 1122080 | Avg Loss (last 1024 ex): 0.2578
2026-07-26 00:45:30,350 - INFO: [exp2_n1] Epoch 20/20 | Global examples: 1123104 | Avg Loss (last 1024 ex): 0.2612
2026-07-26 00:45:35,863 - INFO: [exp2_n1] Epoch 20/20 | Global examples: 1124128 | Avg Loss (last 1024 ex): 0.2631
2026-07-26 00:45:40,885 - INFO: [exp2_n1] Epoch 20/20 | Global examples: 1125152 | Avg Loss (last 1024 ex): 0.2737
2026-07-26 00:45:45,914 - INFO: [exp2_n1] Epoch 20/20 | Global examples: 1126176 | Avg Loss (last 1024 ex): 0.2696
2026-07-26 00:45:51,242 - INFO: [exp2_n1] Epoch 20/20 | Global examples: 1127200 | Avg Loss (last 1024 ex): 0.2715
2026-07-26 00:45:56,221 - INFO: [exp2_n1] Epoch 20/20 | Global examples: 1128224 | Avg Loss (last 1024 ex): 0.2572
2026-07-26 00:46:01,282 - INFO: [exp2_n1] Epoch 20/20 | Global examples: 1129248 | Avg Loss (last 1024 ex): 0.2819
2026-07-26 00:46:06,873 - INFO: [exp2_n1] Epoch 20/20 | Global examples: 1130272 | Avg Loss (last 1024 ex): 0.2820
2026-07-26 00:46:11,899 - INFO: [exp2_n1] Epoch 20/20 | Global examples: 1131296 | Avg Loss (last 1024 ex): 0.2776
2026-07-26 00:46:16,863 - INFO: [exp2_n1] Epoch 20/20 | Global examples: 1132320 | Avg Loss (last 1024 ex): 0.2846
2026-07-26 00:46:22,251 - INFO: [exp2_n1] Epoch 20/20 | Global examples: 1133344 | Avg Loss (last 1024 ex): 0.2562
2026-07-26 00:46:27,358 - INFO: [exp2_n1] Epoch 20/20 | Global examples: 1134368 | Avg Loss (last 1024 ex): 0.2751
2026-07-26 00:46:32,507 - INFO: [exp2_n1] Epoch 20/20 | Global examples: 1135392 | Avg Loss (last 1024 ex): 0.2723
2026-07-26 00:46:38,030 - INFO: [exp2_n1] Epoch 20/20 | Global examples: 1136416 | Avg Loss (last 1024 ex): 0.2654
2026-07-26 00:46:43,098 - INFO: [exp2_n1] Epoch 20/20 | Global examples: 1137440 | Avg Loss (last 1024 ex): 0.2789
2026-07-26 00:46:48,086 - INFO: [exp2_n1] Epoch 20/20 | Global examples: 1138464 | Avg Loss (last 1024 ex): 0.2897
2026-07-26 00:46:53,477 - INFO: [exp2_n1] Epoch 20/20 | Global examples: 1139488 | Avg Loss (last 1024 ex): 0.2876
2026-07-26 00:46:58,439 - INFO: [exp2_n1] Epoch 20/20 | Global examples: 1140512 | Avg Loss (last 1024 ex): 0.2840
2026-07-26 00:47:03,516 - INFO: [exp2_n1] Epoch 20/20 | Global examples: 1141536 | Avg Loss (last 1024 ex): 0.2896
2026-07-26 00:47:09,151 - INFO: [exp2_n1] Epoch 20/20 | Global examples: 1142560 | Avg Loss (last 1024 ex): 0.2833
2026-07-26 00:47:14,170 - INFO: [exp2_n1] Epoch 20/20 | Global examples: 1143584 | Avg Loss (last 1024 ex): 0.2866
2026-07-26 00:47:19,594 - INFO: [exp2_n1] Epoch 20/20 | Global examples: 1144608 | Avg Loss (last 1024 ex): 0.2912
2026-07-26 00:47:24,668 - INFO: [exp2_n1] Epoch 20/20 | Global examples: 1145632 | Avg Loss (last 1024 ex): 0.2817
2026-07-26 00:47:29,559 - INFO: [exp2_n1] Epoch 20/20 | Global examples: 1146656 | Avg Loss (last 1024 ex): 0.2911
2026-07-26 00:47:35,095 - INFO: [exp2_n1] Epoch 20/20 | Global examples: 1147680 | Avg Loss (last 1024 ex): 0.2852
2026-07-26 00:47:40,102 - INFO: [exp2_n1] Epoch 20/20 | Global examples: 1148704 | Avg Loss (last 1024 ex): 0.2983
2026-07-26 00:47:45,188 - INFO: [exp2_n1] Epoch 20/20 | Global examples: 1149728 | Avg Loss (last 1024 ex): 0.3046
2026-07-26 00:47:50,564 - INFO: [exp2_n1] Epoch 20/20 | Global examples: 1150752 | Avg Loss (last 1024 ex): 0.2807
2026-07-26 00:47:55,543 - INFO: [exp2_n1] Epoch 20/20 | Global examples: 1151776 | Avg Loss (last 1024 ex): 0.2890
2026-07-26 00:48:00,596 - INFO: [exp2_n1] Epoch 20/20 | Global examples: 1152800 | Avg Loss (last 1024 ex): 0.2776
2026-07-26 00:48:06,269 - INFO: [exp2_n1] Epoch 20/20 | Global examples: 1153824 | Avg Loss (last 1024 ex): 0.2847
2026-07-26 00:48:11,365 - INFO: [exp2_n1] Epoch 20/20 | Global examples: 1154848 | Avg Loss (last 1024 ex): 0.2665
2026-07-26 00:48:16,422 - INFO: [exp2_n1] Epoch 20/20 | Global examples: 1155872 | Avg Loss (last 1024 ex): 0.2875
2026-07-26 00:48:21,785 - INFO: [exp2_n1] Epoch 20/20 | Global examples: 1156896 | Avg Loss (last 1024 ex): 0.2719
2026-07-26 00:48:26,807 - INFO: [exp2_n1] Epoch 20/20 | Global examples: 1157920 | Avg Loss (last 1024 ex): 0.2863
2026-07-26 00:48:31,682 - INFO: [exp2_n1] Epoch 20/20 | Global examples: 1158944 | Avg Loss (last 1024 ex): 0.2792
2026-07-26 00:48:37,163 - INFO: [exp2_n1] Epoch 20/20 | Global examples: 1159968 | Avg Loss (last 1024 ex): 0.2983
2026-07-26 00:48:42,233 - INFO: [exp2_n1] Epoch 20/20 | Global examples: 1160992 | Avg Loss (last 1024 ex): 0.2885
2026-07-26 00:48:47,266 - INFO: [exp2_n1] Epoch 20/20 | Global examples: 1162016 | Avg Loss (last 1024 ex): 0.2848
2026-07-26 00:48:52,632 - INFO: [exp2_n1] Epoch 20/20 | Global examples: 1163040 | Avg Loss (last 1024 ex): 0.2860
2026-07-26 00:48:57,688 - INFO: [exp2_n1] Epoch 20/20 | Global examples: 1164064 | Avg Loss (last 1024 ex): 0.2863
2026-07-26 00:49:02,739 - INFO: [exp2_n1] Epoch 20/20 | Global examples: 1165088 | Avg Loss (last 1024 ex): 0.2829
2026-07-26 00:49:08,324 - INFO: [exp2_n1] Epoch 20/20 | Global examples: 1166112 | Avg Loss (last 1024 ex): 0.2828
2026-07-26 00:49:13,316 - INFO: [exp2_n1] Epoch 20/20 | Global examples: 1167136 | Avg Loss (last 1024 ex): 0.2758
2026-07-26 00:49:18,212 - INFO: [exp2_n1] Epoch 20/20 | Global examples: 1168160 | Avg Loss (last 1024 ex): 0.2712
2026-07-26 00:49:23,595 - INFO: [exp2_n1] Epoch 20/20 | Global examples: 1169184 | Avg Loss (last 1024 ex): 0.2823
2026-07-26 00:49:24,069 - INFO: [exp2_n1] Epoch 20/20 | Global examples: 1169280 | Avg Loss (last 96 ex): 0.2774
2026-07-26 00:49:24,988 - INFO: [exp2_n1] Epoch 20 Val | Examples: 1024 | Avg Loss (last 1024 ex): 0.2232
2026-07-26 00:49:25,804 - INFO: [exp2_n1] Epoch 20 Val | Examples: 2048 | Avg Loss (last 1024 ex): 0.2037
2026-07-26 00:49:26,651 - INFO: [exp2_n1] Epoch 20 Val | Examples: 3072 | Avg Loss (last 1024 ex): 0.2045
2026-07-26 00:49:27,503 - INFO: [exp2_n1] Epoch 20 Val | Examples: 4096 | Avg Loss (last 1024 ex): 0.2147
2026-07-26 00:49:28,360 - INFO: [exp2_n1] Epoch 20 Val | Examples: 5120 | Avg Loss (last 1024 ex): 0.2081
2026-07-26 00:49:28,360 - INFO: [exp2_n1] === Epoch 20 done | Train Loss: 0.2769 | Val Loss: 0.2108 | Time: 296.0s ===
2026-07-26 00:49:28,389 - INFO: [exp2_n1] Model saved to C:/PythonProject/English2French/model/exp2_n1_epoch20.pth
