2026-07-24 17:30:29,404 - INFO: Loading data...
2026-07-24 17:30:29,837 - INFO: Loaded 63594 sentence pairs (train: 58474, val: 5120), batch size 64, 913 batches per epoch
2026-07-24 17:30:29,837 - INFO: ============================================================
2026-07-24 17:30:29,837 - INFO: English-French Translation: Transformer vs GRU+Attention
2026-07-24 17:30:29,838 - INFO: Device: cpu | Epochs: 20 | MaxLen: 20 | Batch: 64 | Log interval: 1000 examples
2026-07-24 17:30:29,838 - INFO: ============================================================
2026-07-24 17:30:29,840 - INFO: Building Transformer model...
2026-07-24 17:30:29,974 - INFO: Transformer params: 11,987,824
2026-07-24 17:30:30,044 - INFO: Starting Transformer training...
2026-07-24 17:30:40,896 - INFO: [transformer] Epoch 1/20 | Global examples: 1024 | Avg Loss (last 1024 ex): 8.7216
2026-07-24 17:30:51,082 - INFO: [transformer] Epoch 1/20 | Global examples: 2048 | Avg Loss (last 1024 ex): 8.5921
2026-07-24 17:31:02,673 - INFO: [transformer] Epoch 1/20 | Global examples: 3072 | Avg Loss (last 1024 ex): 8.3783
2026-07-24 17:31:14,135 - INFO: [transformer] Epoch 1/20 | Global examples: 4096 | Avg Loss (last 1024 ex): 8.1444
2026-07-24 17:31:25,098 - INFO: [transformer] Epoch 1/20 | Global examples: 5120 | Avg Loss (last 1024 ex): 7.9505
2026-07-24 17:31:35,963 - INFO: [transformer] Epoch 1/20 | Global examples: 6144 | Avg Loss (last 1024 ex): 7.7878
2026-07-24 17:31:46,786 - INFO: [transformer] Epoch 1/20 | Global examples: 7168 | Avg Loss (last 1024 ex): 7.6304
2026-07-24 17:31:57,631 - INFO: [transformer] Epoch 1/20 | Global examples: 8192 | Avg Loss (last 1024 ex): 7.4594
2026-07-24 17:32:08,534 - INFO: [transformer] Epoch 1/20 | Global examples: 9216 | Avg Loss (last 1024 ex): 7.2865
2026-07-24 17:32:19,472 - INFO: [transformer] Epoch 1/20 | Global examples: 10240 | Avg Loss (last 1024 ex): 7.1184
2026-07-24 17:32:30,437 - INFO: [transformer] Epoch 1/20 | Global examples: 11264 | Avg Loss (last 1024 ex): 6.9082
2026-07-24 17:32:41,498 - INFO: [transformer] Epoch 1/20 | Global examples: 12288 | Avg Loss (last 1024 ex): 6.6832
2026-07-24 17:32:52,296 - INFO: [transformer] Epoch 1/20 | Global examples: 13312 | Avg Loss (last 1024 ex): 6.4439
2026-07-24 17:33:03,081 - INFO: [transformer] Epoch 1/20 | Global examples: 14336 | Avg Loss (last 1024 ex): 6.2032
2026-07-24 17:33:13,934 - INFO: [transformer] Epoch 1/20 | Global examples: 15360 | Avg Loss (last 1024 ex): 5.9508
2026-07-24 17:33:24,892 - INFO: [transformer] Epoch 1/20 | Global examples: 16384 | Avg Loss (last 1024 ex): 5.7067
2026-07-24 17:33:35,797 - INFO: [transformer] Epoch 1/20 | Global examples: 17408 | Avg Loss (last 1024 ex): 5.4386
2026-07-24 17:33:46,687 - INFO: [transformer] Epoch 1/20 | Global examples: 18432 | Avg Loss (last 1024 ex): 5.2181
2026-07-24 17:33:57,640 - INFO: [transformer] Epoch 1/20 | Global examples: 19456 | Avg Loss (last 1024 ex): 5.0109
2026-07-24 17:34:08,565 - INFO: [transformer] Epoch 1/20 | Global examples: 20480 | Avg Loss (last 1024 ex): 4.8142
2026-07-24 17:34:19,610 - INFO: [transformer] Epoch 1/20 | Global examples: 21504 | Avg Loss (last 1024 ex): 4.6727
2026-07-24 17:34:30,584 - INFO: [transformer] Epoch 1/20 | Global examples: 22528 | Avg Loss (last 1024 ex): 4.5080
2026-07-24 17:34:41,531 - INFO: [transformer] Epoch 1/20 | Global examples: 23552 | Avg Loss (last 1024 ex): 4.3936
2026-07-24 17:34:52,393 - INFO: [transformer] Epoch 1/20 | Global examples: 24576 | Avg Loss (last 1024 ex): 4.2567
2026-07-24 17:35:03,241 - INFO: [transformer] Epoch 1/20 | Global examples: 25600 | Avg Loss (last 1024 ex): 4.1282
2026-07-24 17:35:14,120 - INFO: [transformer] Epoch 1/20 | Global examples: 26624 | Avg Loss (last 1024 ex): 4.0605
2026-07-24 17:35:25,132 - INFO: [transformer] Epoch 1/20 | Global examples: 27648 | Avg Loss (last 1024 ex): 3.9766
2026-07-24 17:35:36,038 - INFO: [transformer] Epoch 1/20 | Global examples: 28672 | Avg Loss (last 1024 ex): 3.8727
2026-07-24 17:35:47,013 - INFO: [transformer] Epoch 1/20 | Global examples: 29696 | Avg Loss (last 1024 ex): 3.7592
2026-07-24 17:35:57,897 - INFO: [transformer] Epoch 1/20 | Global examples: 30720 | Avg Loss (last 1024 ex): 3.6868
2026-07-24 17:36:08,937 - INFO: [transformer] Epoch 1/20 | Global examples: 31744 | Avg Loss (last 1024 ex): 3.6084
2026-07-24 17:36:20,008 - INFO: [transformer] Epoch 1/20 | Global examples: 32768 | Avg Loss (last 1024 ex): 3.5774
2026-07-24 17:36:31,079 - INFO: [transformer] Epoch 1/20 | Global examples: 33792 | Avg Loss (last 1024 ex): 3.4853
2026-07-24 17:36:42,031 - INFO: [transformer] Epoch 1/20 | Global examples: 34816 | Avg Loss (last 1024 ex): 3.4601
2026-07-24 17:36:53,132 - INFO: [transformer] Epoch 1/20 | Global examples: 35840 | Avg Loss (last 1024 ex): 3.4028
2026-07-24 17:37:04,260 - INFO: [transformer] Epoch 1/20 | Global examples: 36864 | Avg Loss (last 1024 ex): 3.3574
2026-07-24 17:37:15,360 - INFO: [transformer] Epoch 1/20 | Global examples: 37888 | Avg Loss (last 1024 ex): 3.2855
2026-07-24 17:37:26,372 - INFO: [transformer] Epoch 1/20 | Global examples: 38912 | Avg Loss (last 1024 ex): 3.2540
2026-07-24 17:37:37,251 - INFO: [transformer] Epoch 1/20 | Global examples: 39936 | Avg Loss (last 1024 ex): 3.2104
2026-07-24 17:37:48,308 - INFO: [transformer] Epoch 1/20 | Global examples: 40960 | Avg Loss (last 1024 ex): 3.1752
2026-07-24 17:37:59,475 - INFO: [transformer] Epoch 1/20 | Global examples: 41984 | Avg Loss (last 1024 ex): 3.0906
2026-07-24 17:38:10,577 - INFO: [transformer] Epoch 1/20 | Global examples: 43008 | Avg Loss (last 1024 ex): 3.0845
2026-07-24 17:38:21,683 - INFO: [transformer] Epoch 1/20 | Global examples: 44032 | Avg Loss (last 1024 ex): 3.0782
2026-07-24 17:38:32,774 - INFO: [transformer] Epoch 1/20 | Global examples: 45056 | Avg Loss (last 1024 ex): 3.0428
2026-07-24 17:38:43,881 - INFO: [transformer] Epoch 1/20 | Global examples: 46080 | Avg Loss (last 1024 ex): 3.0374
2026-07-24 17:38:55,007 - INFO: [transformer] Epoch 1/20 | Global examples: 47104 | Avg Loss (last 1024 ex): 3.0326
2026-07-24 17:39:06,030 - INFO: [transformer] Epoch 1/20 | Global examples: 48128 | Avg Loss (last 1024 ex): 2.9900
2026-07-24 17:39:17,056 - INFO: [transformer] Epoch 1/20 | Global examples: 49152 | Avg Loss (last 1024 ex): 2.9363
2026-07-24 17:39:28,044 - INFO: [transformer] Epoch 1/20 | Global examples: 50176 | Avg Loss (last 1024 ex): 2.8943
2026-07-24 17:39:39,164 - INFO: [transformer] Epoch 1/20 | Global examples: 51200 | Avg Loss (last 1024 ex): 2.9083
2026-07-24 17:39:50,309 - INFO: [transformer] Epoch 1/20 | Global examples: 52224 | Avg Loss (last 1024 ex): 2.8515
2026-07-24 17:40:01,339 - INFO: [transformer] Epoch 1/20 | Global examples: 53248 | Avg Loss (last 1024 ex): 2.8235
2026-07-24 17:40:12,338 - INFO: [transformer] Epoch 1/20 | Global examples: 54272 | Avg Loss (last 1024 ex): 2.7647
2026-07-24 17:40:23,507 - INFO: [transformer] Epoch 1/20 | Global examples: 55296 | Avg Loss (last 1024 ex): 2.8154
2026-07-24 17:40:34,703 - INFO: [transformer] Epoch 1/20 | Global examples: 56320 | Avg Loss (last 1024 ex): 2.7986
2026-07-24 17:40:45,934 - INFO: [transformer] Epoch 1/20 | Global examples: 57344 | Avg Loss (last 1024 ex): 2.8246
2026-07-24 17:40:57,046 - INFO: [transformer] Epoch 1/20 | Global examples: 58368 | Avg Loss (last 1024 ex): 2.7253
2026-07-24 17:40:57,745 - INFO: [transformer] Epoch 1/20 | Global examples: 58432 | Avg Loss (last 64 ex): 2.8547
2026-07-24 17:40:59,527 - INFO: [transformer] Epoch 1 Val | Examples: 1024 | Avg Loss (last 1024 ex): 2.6272
2026-07-24 17:41:01,274 - INFO: [transformer] Epoch 1 Val | Examples: 2048 | Avg Loss (last 1024 ex): 2.5437
2026-07-24 17:41:03,050 - INFO: [transformer] Epoch 1 Val | Examples: 3072 | Avg Loss (last 1024 ex): 2.5338
2026-07-24 17:41:04,804 - INFO: [transformer] Epoch 1 Val | Examples: 4096 | Avg Loss (last 1024 ex): 2.5702
2026-07-24 17:41:06,589 - INFO: [transformer] Epoch 1 Val | Examples: 5120 | Avg Loss (last 1024 ex): 2.6228
2026-07-24 17:41:06,589 - INFO: [transformer] === Epoch 1 done | Train Loss: 4.5995 | Val Loss: 2.6042 | Time: 626.4s ===
2026-07-24 17:41:06,648 - INFO: [transformer] Model saved to ../model/transformer_epoch1.pth
2026-07-24 17:41:17,648 - INFO: [transformer] Epoch 2/20 | Global examples: 59456 | Avg Loss (last 1024 ex): 2.6671
2026-07-24 17:41:28,875 - INFO: [transformer] Epoch 2/20 | Global examples: 60480 | Avg Loss (last 1024 ex): 2.6497
2026-07-24 17:41:39,889 - INFO: [transformer] Epoch 2/20 | Global examples: 61504 | Avg Loss (last 1024 ex): 2.6220
2026-07-24 17:41:51,071 - INFO: [transformer] Epoch 2/20 | Global examples: 62528 | Avg Loss (last 1024 ex): 2.5952
2026-07-24 17:42:02,294 - INFO: [transformer] Epoch 2/20 | Global examples: 63552 | Avg Loss (last 1024 ex): 2.6117
2026-07-24 17:42:13,507 - INFO: [transformer] Epoch 2/20 | Global examples: 64576 | Avg Loss (last 1024 ex): 2.5828
2026-07-24 17:42:24,719 - INFO: [transformer] Epoch 2/20 | Global examples: 65600 | Avg Loss (last 1024 ex): 2.5656
2026-07-24 17:42:35,959 - INFO: [transformer] Epoch 2/20 | Global examples: 66624 | Avg Loss (last 1024 ex): 2.4974
2026-07-24 17:42:47,279 - INFO: [transformer] Epoch 2/20 | Global examples: 67648 | Avg Loss (last 1024 ex): 2.4405
2026-07-24 17:42:58,332 - INFO: [transformer] Epoch 2/20 | Global examples: 68672 | Avg Loss (last 1024 ex): 2.4548
2026-07-24 17:43:09,443 - INFO: [transformer] Epoch 2/20 | Global examples: 69696 | Avg Loss (last 1024 ex): 2.4954
2026-07-24 17:43:20,540 - INFO: [transformer] Epoch 2/20 | Global examples: 70720 | Avg Loss (last 1024 ex): 2.4615
2026-07-24 17:43:31,808 - INFO: [transformer] Epoch 2/20 | Global examples: 71744 | Avg Loss (last 1024 ex): 2.4070
2026-07-24 17:43:43,007 - INFO: [transformer] Epoch 2/20 | Global examples: 72768 | Avg Loss (last 1024 ex): 2.3725
2026-07-24 17:43:54,188 - INFO: [transformer] Epoch 2/20 | Global examples: 73792 | Avg Loss (last 1024 ex): 2.3662
2026-07-24 17:44:05,402 - INFO: [transformer] Epoch 2/20 | Global examples: 74816 | Avg Loss (last 1024 ex): 2.3127
2026-07-24 17:44:16,574 - INFO: [transformer] Epoch 2/20 | Global examples: 75840 | Avg Loss (last 1024 ex): 2.3440
2026-07-24 17:44:27,843 - INFO: [transformer] Epoch 2/20 | Global examples: 76864 | Avg Loss (last 1024 ex): 2.2766
2026-07-24 17:44:39,043 - INFO: [transformer] Epoch 2/20 | Global examples: 77888 | Avg Loss (last 1024 ex): 2.2646
2026-07-24 17:44:50,173 - INFO: [transformer] Epoch 2/20 | Global examples: 78912 | Avg Loss (last 1024 ex): 2.2190
2026-07-24 17:45:01,303 - INFO: [transformer] Epoch 2/20 | Global examples: 79936 | Avg Loss (last 1024 ex): 2.2434
2026-07-24 17:45:12,434 - INFO: [transformer] Epoch 2/20 | Global examples: 80960 | Avg Loss (last 1024 ex): 2.1818
2026-07-24 17:45:23,598 - INFO: [transformer] Epoch 2/20 | Global examples: 81984 | Avg Loss (last 1024 ex): 2.1682
2026-07-24 17:45:34,730 - INFO: [transformer] Epoch 2/20 | Global examples: 83008 | Avg Loss (last 1024 ex): 2.1184
2026-07-24 17:45:45,892 - INFO: [transformer] Epoch 2/20 | Global examples: 84032 | Avg Loss (last 1024 ex): 2.1074
2026-07-24 17:45:57,026 - INFO: [transformer] Epoch 2/20 | Global examples: 85056 | Avg Loss (last 1024 ex): 2.1609
2026-07-24 17:46:08,307 - INFO: [transformer] Epoch 2/20 | Global examples: 86080 | Avg Loss (last 1024 ex): 2.1067
2026-07-24 17:46:19,556 - INFO: [transformer] Epoch 2/20 | Global examples: 87104 | Avg Loss (last 1024 ex): 2.0691
2026-07-24 17:46:30,743 - INFO: [transformer] Epoch 2/20 | Global examples: 88128 | Avg Loss (last 1024 ex): 2.0423
2026-07-24 17:46:41,963 - INFO: [transformer] Epoch 2/20 | Global examples: 89152 | Avg Loss (last 1024 ex): 2.0209
2026-07-24 17:46:53,104 - INFO: [transformer] Epoch 2/20 | Global examples: 90176 | Avg Loss (last 1024 ex): 1.9943
2026-07-24 17:47:04,199 - INFO: [transformer] Epoch 2/20 | Global examples: 91200 | Avg Loss (last 1024 ex): 1.9643
2026-07-24 17:47:15,230 - INFO: [transformer] Epoch 2/20 | Global examples: 92224 | Avg Loss (last 1024 ex): 1.9599
2026-07-24 17:47:26,333 - INFO: [transformer] Epoch 2/20 | Global examples: 93248 | Avg Loss (last 1024 ex): 1.9719
2026-07-24 17:47:37,545 - INFO: [transformer] Epoch 2/20 | Global examples: 94272 | Avg Loss (last 1024 ex): 1.9307
2026-07-24 17:47:48,583 - INFO: [transformer] Epoch 2/20 | Global examples: 95296 | Avg Loss (last 1024 ex): 1.9583
2026-07-24 17:47:59,658 - INFO: [transformer] Epoch 2/20 | Global examples: 96320 | Avg Loss (last 1024 ex): 1.9077
2026-07-24 17:48:10,791 - INFO: [transformer] Epoch 2/20 | Global examples: 97344 | Avg Loss (last 1024 ex): 1.9089
2026-07-24 17:48:21,882 - INFO: [transformer] Epoch 2/20 | Global examples: 98368 | Avg Loss (last 1024 ex): 1.8932
2026-07-24 17:48:33,098 - INFO: [transformer] Epoch 2/20 | Global examples: 99392 | Avg Loss (last 1024 ex): 1.8972
2026-07-24 17:48:44,338 - INFO: [transformer] Epoch 2/20 | Global examples: 100416 | Avg Loss (last 1024 ex): 1.8355
2026-07-24 17:48:55,470 - INFO: [transformer] Epoch 2/20 | Global examples: 101440 | Avg Loss (last 1024 ex): 1.8637
2026-07-24 17:49:06,569 - INFO: [transformer] Epoch 2/20 | Global examples: 102464 | Avg Loss (last 1024 ex): 1.8266
2026-07-24 17:49:17,717 - INFO: [transformer] Epoch 2/20 | Global examples: 103488 | Avg Loss (last 1024 ex): 1.8193
2026-07-24 17:49:28,805 - INFO: [transformer] Epoch 2/20 | Global examples: 104512 | Avg Loss (last 1024 ex): 1.7726
2026-07-24 17:49:40,078 - INFO: [transformer] Epoch 2/20 | Global examples: 105536 | Avg Loss (last 1024 ex): 1.7209
2026-07-24 17:49:51,101 - INFO: [transformer] Epoch 2/20 | Global examples: 106560 | Avg Loss (last 1024 ex): 1.7495
2026-07-24 17:50:02,248 - INFO: [transformer] Epoch 2/20 | Global examples: 107584 | Avg Loss (last 1024 ex): 1.7010
2026-07-24 17:50:13,362 - INFO: [transformer] Epoch 2/20 | Global examples: 108608 | Avg Loss (last 1024 ex): 1.7035
2026-07-24 17:50:24,365 - INFO: [transformer] Epoch 2/20 | Global examples: 109632 | Avg Loss (last 1024 ex): 1.6864
2026-07-24 17:50:35,340 - INFO: [transformer] Epoch 2/20 | Global examples: 110656 | Avg Loss (last 1024 ex): 1.6832
2026-07-24 17:50:46,354 - INFO: [transformer] Epoch 2/20 | Global examples: 111680 | Avg Loss (last 1024 ex): 1.6467
2026-07-24 17:50:57,337 - INFO: [transformer] Epoch 2/20 | Global examples: 112704 | Avg Loss (last 1024 ex): 1.6464
2026-07-24 17:51:08,460 - INFO: [transformer] Epoch 2/20 | Global examples: 113728 | Avg Loss (last 1024 ex): 1.6736
2026-07-24 17:51:19,492 - INFO: [transformer] Epoch 2/20 | Global examples: 114752 | Avg Loss (last 1024 ex): 1.5853
2026-07-24 17:51:30,439 - INFO: [transformer] Epoch 2/20 | Global examples: 115776 | Avg Loss (last 1024 ex): 1.5951
2026-07-24 17:51:41,593 - INFO: [transformer] Epoch 2/20 | Global examples: 116800 | Avg Loss (last 1024 ex): 1.6570
2026-07-24 17:51:42,304 - INFO: [transformer] Epoch 2/20 | Global examples: 116864 | Avg Loss (last 64 ex): 1.3350
2026-07-24 17:51:44,097 - INFO: [transformer] Epoch 2 Val | Examples: 1024 | Avg Loss (last 1024 ex): 1.4665
2026-07-24 17:51:45,884 - INFO: [transformer] Epoch 2 Val | Examples: 2048 | Avg Loss (last 1024 ex): 1.3888
2026-07-24 17:51:47,687 - INFO: [transformer] Epoch 2 Val | Examples: 3072 | Avg Loss (last 1024 ex): 1.3694
2026-07-24 17:51:49,467 - INFO: [transformer] Epoch 2 Val | Examples: 4096 | Avg Loss (last 1024 ex): 1.4277
2026-07-24 17:51:51,312 - INFO: [transformer] Epoch 2 Val | Examples: 5120 | Avg Loss (last 1024 ex): 1.4620
2026-07-24 17:51:51,312 - INFO: [transformer] === Epoch 2 done | Train Loss: 2.0865 | Val Loss: 1.4308 | Time: 635.7s ===
2026-07-24 17:51:51,367 - INFO: [transformer] Model saved to ../model/transformer_epoch2.pth
2026-07-24 17:52:02,416 - INFO: [transformer] Epoch 3/20 | Global examples: 117888 | Avg Loss (last 1024 ex): 1.5095
2026-07-24 17:52:13,271 - INFO: [transformer] Epoch 3/20 | Global examples: 118912 | Avg Loss (last 1024 ex): 1.5559
2026-07-24 17:52:24,367 - INFO: [transformer] Epoch 3/20 | Global examples: 119936 | Avg Loss (last 1024 ex): 1.4965
2026-07-24 17:52:35,325 - INFO: [transformer] Epoch 3/20 | Global examples: 120960 | Avg Loss (last 1024 ex): 1.4568
2026-07-24 17:52:46,314 - INFO: [transformer] Epoch 3/20 | Global examples: 121984 | Avg Loss (last 1024 ex): 1.4832
2026-07-24 17:52:57,238 - INFO: [transformer] Epoch 3/20 | Global examples: 123008 | Avg Loss (last 1024 ex): 1.4050
2026-07-24 17:53:08,361 - INFO: [transformer] Epoch 3/20 | Global examples: 124032 | Avg Loss (last 1024 ex): 1.4818
2026-07-24 17:53:19,358 - INFO: [transformer] Epoch 3/20 | Global examples: 125056 | Avg Loss (last 1024 ex): 1.4438
2026-07-24 17:53:30,422 - INFO: [transformer] Epoch 3/20 | Global examples: 126080 | Avg Loss (last 1024 ex): 1.4601
2026-07-24 17:53:41,600 - INFO: [transformer] Epoch 3/20 | Global examples: 127104 | Avg Loss (last 1024 ex): 1.4242
2026-07-24 17:53:52,539 - INFO: [transformer] Epoch 3/20 | Global examples: 128128 | Avg Loss (last 1024 ex): 1.4067
2026-07-24 17:54:03,565 - INFO: [transformer] Epoch 3/20 | Global examples: 129152 | Avg Loss (last 1024 ex): 1.3769
2026-07-24 17:54:14,531 - INFO: [transformer] Epoch 3/20 | Global examples: 130176 | Avg Loss (last 1024 ex): 1.3370
2026-07-24 17:54:25,648 - INFO: [transformer] Epoch 3/20 | Global examples: 131200 | Avg Loss (last 1024 ex): 1.3279
2026-07-24 17:54:36,665 - INFO: [transformer] Epoch 3/20 | Global examples: 132224 | Avg Loss (last 1024 ex): 1.3065
2026-07-24 17:54:47,668 - INFO: [transformer] Epoch 3/20 | Global examples: 133248 | Avg Loss (last 1024 ex): 1.3731
2026-07-24 17:54:58,651 - INFO: [transformer] Epoch 3/20 | Global examples: 134272 | Avg Loss (last 1024 ex): 1.3343
2026-07-24 17:55:09,610 - INFO: [transformer] Epoch 3/20 | Global examples: 135296 | Avg Loss (last 1024 ex): 1.3219
2026-07-24 17:55:20,501 - INFO: [transformer] Epoch 3/20 | Global examples: 136320 | Avg Loss (last 1024 ex): 1.3328
2026-07-24 17:55:31,526 - INFO: [transformer] Epoch 3/20 | Global examples: 137344 | Avg Loss (last 1024 ex): 1.2766
2026-07-24 17:55:42,465 - INFO: [transformer] Epoch 3/20 | Global examples: 138368 | Avg Loss (last 1024 ex): 1.2724
2026-07-24 17:55:53,506 - INFO: [transformer] Epoch 3/20 | Global examples: 139392 | Avg Loss (last 1024 ex): 1.2461
2026-07-24 17:56:04,525 - INFO: [transformer] Epoch 3/20 | Global examples: 140416 | Avg Loss (last 1024 ex): 1.2651
2026-07-24 17:56:15,488 - INFO: [transformer] Epoch 3/20 | Global examples: 141440 | Avg Loss (last 1024 ex): 1.2480
2026-07-24 17:56:26,432 - INFO: [transformer] Epoch 3/20 | Global examples: 142464 | Avg Loss (last 1024 ex): 1.2246
2026-07-24 17:56:37,375 - INFO: [transformer] Epoch 3/20 | Global examples: 143488 | Avg Loss (last 1024 ex): 1.2262
2026-07-24 17:56:48,335 - INFO: [transformer] Epoch 3/20 | Global examples: 144512 | Avg Loss (last 1024 ex): 1.1855
2026-07-24 17:56:59,333 - INFO: [transformer] Epoch 3/20 | Global examples: 145536 | Avg Loss (last 1024 ex): 1.1758
2026-07-24 17:57:10,398 - INFO: [transformer] Epoch 3/20 | Global examples: 146560 | Avg Loss (last 1024 ex): 1.1615
2026-07-24 17:57:21,334 - INFO: [transformer] Epoch 3/20 | Global examples: 147584 | Avg Loss (last 1024 ex): 1.1743
2026-07-24 17:57:32,279 - INFO: [transformer] Epoch 3/20 | Global examples: 148608 | Avg Loss (last 1024 ex): 1.1601
2026-07-24 17:57:43,228 - INFO: [transformer] Epoch 3/20 | Global examples: 149632 | Avg Loss (last 1024 ex): 1.0987
2026-07-24 17:57:54,193 - INFO: [transformer] Epoch 3/20 | Global examples: 150656 | Avg Loss (last 1024 ex): 1.1116
2026-07-24 17:58:05,187 - INFO: [transformer] Epoch 3/20 | Global examples: 151680 | Avg Loss (last 1024 ex): 1.1372
2026-07-24 17:58:16,161 - INFO: [transformer] Epoch 3/20 | Global examples: 152704 | Avg Loss (last 1024 ex): 1.1488
2026-07-24 17:58:27,067 - INFO: [transformer] Epoch 3/20 | Global examples: 153728 | Avg Loss (last 1024 ex): 1.1429
2026-07-24 17:58:38,123 - INFO: [transformer] Epoch 3/20 | Global examples: 154752 | Avg Loss (last 1024 ex): 1.1205
2026-07-24 17:58:49,074 - INFO: [transformer] Epoch 3/20 | Global examples: 155776 | Avg Loss (last 1024 ex): 1.1009
2026-07-24 17:59:00,291 - INFO: [transformer] Epoch 3/20 | Global examples: 156800 | Avg Loss (last 1024 ex): 1.1200
2026-07-24 17:59:11,182 - INFO: [transformer] Epoch 3/20 | Global examples: 157824 | Avg Loss (last 1024 ex): 1.0629
2026-07-24 17:59:22,222 - INFO: [transformer] Epoch 3/20 | Global examples: 158848 | Avg Loss (last 1024 ex): 1.0870
2026-07-24 17:59:33,204 - INFO: [transformer] Epoch 3/20 | Global examples: 159872 | Avg Loss (last 1024 ex): 1.0576
2026-07-24 17:59:44,339 - INFO: [transformer] Epoch 3/20 | Global examples: 160896 | Avg Loss (last 1024 ex): 1.0610
2026-07-24 17:59:55,403 - INFO: [transformer] Epoch 3/20 | Global examples: 161920 | Avg Loss (last 1024 ex): 1.0050
2026-07-24 18:00:06,390 - INFO: [transformer] Epoch 3/20 | Global examples: 162944 | Avg Loss (last 1024 ex): 1.0483
2026-07-24 18:00:17,373 - INFO: [transformer] Epoch 3/20 | Global examples: 163968 | Avg Loss (last 1024 ex): 1.0164
2026-07-24 18:00:28,465 - INFO: [transformer] Epoch 3/20 | Global examples: 164992 | Avg Loss (last 1024 ex): 1.0019
2026-07-24 18:00:39,519 - INFO: [transformer] Epoch 3/20 | Global examples: 166016 | Avg Loss (last 1024 ex): 1.0012
2026-07-24 18:00:50,690 - INFO: [transformer] Epoch 3/20 | Global examples: 167040 | Avg Loss (last 1024 ex): 0.9729
2026-07-24 18:01:01,672 - INFO: [transformer] Epoch 3/20 | Global examples: 168064 | Avg Loss (last 1024 ex): 0.9624
2026-07-24 18:01:12,629 - INFO: [transformer] Epoch 3/20 | Global examples: 169088 | Avg Loss (last 1024 ex): 0.9834
2026-07-24 18:01:23,697 - INFO: [transformer] Epoch 3/20 | Global examples: 170112 | Avg Loss (last 1024 ex): 0.9785
2026-07-24 18:01:34,725 - INFO: [transformer] Epoch 3/20 | Global examples: 171136 | Avg Loss (last 1024 ex): 0.9666
2026-07-24 18:01:45,900 - INFO: [transformer] Epoch 3/20 | Global examples: 172160 | Avg Loss (last 1024 ex): 0.9345
2026-07-24 18:01:56,849 - INFO: [transformer] Epoch 3/20 | Global examples: 173184 | Avg Loss (last 1024 ex): 0.9587
2026-07-24 18:02:07,874 - INFO: [transformer] Epoch 3/20 | Global examples: 174208 | Avg Loss (last 1024 ex): 0.9505
2026-07-24 18:02:18,659 - INFO: [transformer] Epoch 3/20 | Global examples: 175232 | Avg Loss (last 1024 ex): 0.9420
2026-07-24 18:02:19,364 - INFO: [transformer] Epoch 3/20 | Global examples: 175296 | Avg Loss (last 64 ex): 0.9085
2026-07-24 18:02:21,164 - INFO: [transformer] Epoch 3 Val | Examples: 1024 | Avg Loss (last 1024 ex): 0.8498
2026-07-24 18:02:22,966 - INFO: [transformer] Epoch 3 Val | Examples: 2048 | Avg Loss (last 1024 ex): 0.7536
2026-07-24 18:02:24,767 - INFO: [transformer] Epoch 3 Val | Examples: 3072 | Avg Loss (last 1024 ex): 0.7314
2026-07-24 18:02:26,611 - INFO: [transformer] Epoch 3 Val | Examples: 4096 | Avg Loss (last 1024 ex): 0.8032
2026-07-24 18:02:28,406 - INFO: [transformer] Epoch 3 Val | Examples: 5120 | Avg Loss (last 1024 ex): 0.8018
2026-07-24 18:02:28,406 - INFO: [transformer] === Epoch 3 done | Train Loss: 1.2001 | Val Loss: 0.7949 | Time: 628.0s ===
2026-07-24 18:02:28,461 - INFO: [transformer] Model saved to ../model/transformer_epoch3.pth
2026-07-24 18:02:39,421 - INFO: [transformer] Epoch 4/20 | Global examples: 176320 | Avg Loss (last 1024 ex): 0.8966
2026-07-24 18:02:50,330 - INFO: [transformer] Epoch 4/20 | Global examples: 177344 | Avg Loss (last 1024 ex): 0.8775
2026-07-24 18:03:01,306 - INFO: [transformer] Epoch 4/20 | Global examples: 178368 | Avg Loss (last 1024 ex): 0.8361
2026-07-24 18:03:12,351 - INFO: [transformer] Epoch 4/20 | Global examples: 179392 | Avg Loss (last 1024 ex): 0.8240
2026-07-24 18:03:23,333 - INFO: [transformer] Epoch 4/20 | Global examples: 180416 | Avg Loss (last 1024 ex): 0.8298
2026-07-24 18:03:34,420 - INFO: [transformer] Epoch 4/20 | Global examples: 181440 | Avg Loss (last 1024 ex): 0.8497
2026-07-24 18:03:45,482 - INFO: [transformer] Epoch 4/20 | Global examples: 182464 | Avg Loss (last 1024 ex): 0.8385
2026-07-24 18:03:56,533 - INFO: [transformer] Epoch 4/20 | Global examples: 183488 | Avg Loss (last 1024 ex): 0.7971
2026-07-24 18:04:07,708 - INFO: [transformer] Epoch 4/20 | Global examples: 184512 | Avg Loss (last 1024 ex): 0.8573
2026-07-24 18:04:18,823 - INFO: [transformer] Epoch 4/20 | Global examples: 185536 | Avg Loss (last 1024 ex): 0.8255
2026-07-24 18:04:30,050 - INFO: [transformer] Epoch 4/20 | Global examples: 186560 | Avg Loss (last 1024 ex): 0.7868
2026-07-24 18:04:41,119 - INFO: [transformer] Epoch 4/20 | Global examples: 187584 | Avg Loss (last 1024 ex): 0.7992
2026-07-24 18:04:52,278 - INFO: [transformer] Epoch 4/20 | Global examples: 188608 | Avg Loss (last 1024 ex): 0.7888
2026-07-24 18:05:03,396 - INFO: [transformer] Epoch 4/20 | Global examples: 189632 | Avg Loss (last 1024 ex): 0.7929
2026-07-24 18:05:14,439 - INFO: [transformer] Epoch 4/20 | Global examples: 190656 | Avg Loss (last 1024 ex): 0.7733
2026-07-24 18:05:25,547 - INFO: [transformer] Epoch 4/20 | Global examples: 191680 | Avg Loss (last 1024 ex): 0.8175
2026-07-24 18:05:36,679 - INFO: [transformer] Epoch 4/20 | Global examples: 192704 | Avg Loss (last 1024 ex): 0.7810
2026-07-24 18:05:47,776 - INFO: [transformer] Epoch 4/20 | Global examples: 193728 | Avg Loss (last 1024 ex): 0.7908
2026-07-24 18:05:58,905 - INFO: [transformer] Epoch 4/20 | Global examples: 194752 | Avg Loss (last 1024 ex): 0.7631
2026-07-24 18:06:09,950 - INFO: [transformer] Epoch 4/20 | Global examples: 195776 | Avg Loss (last 1024 ex): 0.7563
2026-07-24 18:06:21,076 - INFO: [transformer] Epoch 4/20 | Global examples: 196800 | Avg Loss (last 1024 ex): 0.7551
2026-07-24 18:06:32,284 - INFO: [transformer] Epoch 4/20 | Global examples: 197824 | Avg Loss (last 1024 ex): 0.7646
2026-07-24 18:06:43,377 - INFO: [transformer] Epoch 4/20 | Global examples: 198848 | Avg Loss (last 1024 ex): 0.7544
2026-07-24 18:06:54,462 - INFO: [transformer] Epoch 4/20 | Global examples: 199872 | Avg Loss (last 1024 ex): 0.7827
2026-07-24 18:07:05,608 - INFO: [transformer] Epoch 4/20 | Global examples: 200896 | Avg Loss (last 1024 ex): 0.7350
2026-07-24 18:07:16,743 - INFO: [transformer] Epoch 4/20 | Global examples: 201920 | Avg Loss (last 1024 ex): 0.7300
2026-07-24 18:07:27,843 - INFO: [transformer] Epoch 4/20 | Global examples: 202944 | Avg Loss (last 1024 ex): 0.7406
2026-07-24 18:07:38,882 - INFO: [transformer] Epoch 4/20 | Global examples: 203968 | Avg Loss (last 1024 ex): 0.7266
2026-07-24 18:07:49,943 - INFO: [transformer] Epoch 4/20 | Global examples: 204992 | Avg Loss (last 1024 ex): 0.7055
2026-07-24 18:08:01,114 - INFO: [transformer] Epoch 4/20 | Global examples: 206016 | Avg Loss (last 1024 ex): 0.7388
2026-07-24 18:08:12,115 - INFO: [transformer] Epoch 4/20 | Global examples: 207040 | Avg Loss (last 1024 ex): 0.7020
2026-07-24 18:08:23,203 - INFO: [transformer] Epoch 4/20 | Global examples: 208064 | Avg Loss (last 1024 ex): 0.7187
2026-07-24 18:08:34,251 - INFO: [transformer] Epoch 4/20 | Global examples: 209088 | Avg Loss (last 1024 ex): 0.7150
2026-07-24 18:08:45,279 - INFO: [transformer] Epoch 4/20 | Global examples: 210112 | Avg Loss (last 1024 ex): 0.6928
2026-07-24 18:08:56,261 - INFO: [transformer] Epoch 4/20 | Global examples: 211136 | Avg Loss (last 1024 ex): 0.7361
2026-07-24 18:09:07,354 - INFO: [transformer] Epoch 4/20 | Global examples: 212160 | Avg Loss (last 1024 ex): 0.6849
2026-07-24 18:09:18,412 - INFO: [transformer] Epoch 4/20 | Global examples: 213184 | Avg Loss (last 1024 ex): 0.6690
2026-07-24 18:09:29,523 - INFO: [transformer] Epoch 4/20 | Global examples: 214208 | Avg Loss (last 1024 ex): 0.6931
2026-07-24 18:09:40,652 - INFO: [transformer] Epoch 4/20 | Global examples: 215232 | Avg Loss (last 1024 ex): 0.6719
2026-07-24 18:09:51,682 - INFO: [transformer] Epoch 4/20 | Global examples: 216256 | Avg Loss (last 1024 ex): 0.6505
2026-07-24 18:10:02,794 - INFO: [transformer] Epoch 4/20 | Global examples: 217280 | Avg Loss (last 1024 ex): 0.6918
2026-07-24 18:10:13,914 - INFO: [transformer] Epoch 4/20 | Global examples: 218304 | Avg Loss (last 1024 ex): 0.7068
2026-07-24 18:10:24,971 - INFO: [transformer] Epoch 4/20 | Global examples: 219328 | Avg Loss (last 1024 ex): 0.6846
2026-07-24 18:10:35,924 - INFO: [transformer] Epoch 4/20 | Global examples: 220352 | Avg Loss (last 1024 ex): 0.6691
2026-07-24 18:10:47,025 - INFO: [transformer] Epoch 4/20 | Global examples: 221376 | Avg Loss (last 1024 ex): 0.6436
2026-07-24 18:10:58,132 - INFO: [transformer] Epoch 4/20 | Global examples: 222400 | Avg Loss (last 1024 ex): 0.6844
2026-07-24 18:11:09,326 - INFO: [transformer] Epoch 4/20 | Global examples: 223424 | Avg Loss (last 1024 ex): 0.6437
2026-07-24 18:11:20,471 - INFO: [transformer] Epoch 4/20 | Global examples: 224448 | Avg Loss (last 1024 ex): 0.6412
2026-07-24 18:11:31,573 - INFO: [transformer] Epoch 4/20 | Global examples: 225472 | Avg Loss (last 1024 ex): 0.6715
2026-07-24 18:11:42,635 - INFO: [transformer] Epoch 4/20 | Global examples: 226496 | Avg Loss (last 1024 ex): 0.6227
2026-07-24 18:11:53,723 - INFO: [transformer] Epoch 4/20 | Global examples: 227520 | Avg Loss (last 1024 ex): 0.6542
2026-07-24 18:12:04,793 - INFO: [transformer] Epoch 4/20 | Global examples: 228544 | Avg Loss (last 1024 ex): 0.6352
2026-07-24 18:12:15,866 - INFO: [transformer] Epoch 4/20 | Global examples: 229568 | Avg Loss (last 1024 ex): 0.6484
2026-07-24 18:12:26,986 - INFO: [transformer] Epoch 4/20 | Global examples: 230592 | Avg Loss (last 1024 ex): 0.6267
2026-07-24 18:12:37,987 - INFO: [transformer] Epoch 4/20 | Global examples: 231616 | Avg Loss (last 1024 ex): 0.6298
2026-07-24 18:12:48,968 - INFO: [transformer] Epoch 4/20 | Global examples: 232640 | Avg Loss (last 1024 ex): 0.6360
2026-07-24 18:12:59,960 - INFO: [transformer] Epoch 4/20 | Global examples: 233664 | Avg Loss (last 1024 ex): 0.6477
2026-07-24 18:13:00,670 - INFO: [transformer] Epoch 4/20 | Global examples: 233728 | Avg Loss (last 64 ex): 0.5748
2026-07-24 18:13:02,433 - INFO: [transformer] Epoch 4 Val | Examples: 1024 | Avg Loss (last 1024 ex): 0.5462
2026-07-24 18:13:04,188 - INFO: [transformer] Epoch 4 Val | Examples: 2048 | Avg Loss (last 1024 ex): 0.4988
2026-07-24 18:13:05,950 - INFO: [transformer] Epoch 4 Val | Examples: 3072 | Avg Loss (last 1024 ex): 0.4626
2026-07-24 18:13:07,727 - INFO: [transformer] Epoch 4 Val | Examples: 4096 | Avg Loss (last 1024 ex): 0.4836
2026-07-24 18:13:09,502 - INFO: [transformer] Epoch 4 Val | Examples: 5120 | Avg Loss (last 1024 ex): 0.4987
2026-07-24 18:13:09,503 - INFO: [transformer] === Epoch 4 done | Train Loss: 0.7329 | Val Loss: 0.4925 | Time: 632.2s ===
2026-07-24 18:13:09,551 - INFO: [transformer] Model saved to ../model/transformer_epoch4.pth
2026-07-24 18:13:20,701 - INFO: [transformer] Epoch 5/20 | Global examples: 234752 | Avg Loss (last 1024 ex): 0.5548
2026-07-24 18:13:31,869 - INFO: [transformer] Epoch 5/20 | Global examples: 235776 | Avg Loss (last 1024 ex): 0.5775
2026-07-24 18:13:43,117 - INFO: [transformer] Epoch 5/20 | Global examples: 236800 | Avg Loss (last 1024 ex): 0.5750
2026-07-24 18:13:54,233 - INFO: [transformer] Epoch 5/20 | Global examples: 237824 | Avg Loss (last 1024 ex): 0.5471
2026-07-24 18:14:05,317 - INFO: [transformer] Epoch 5/20 | Global examples: 238848 | Avg Loss (last 1024 ex): 0.5718
2026-07-24 18:14:16,390 - INFO: [transformer] Epoch 5/20 | Global examples: 239872 | Avg Loss (last 1024 ex): 0.5690
2026-07-24 18:14:27,598 - INFO: [transformer] Epoch 5/20 | Global examples: 240896 | Avg Loss (last 1024 ex): 0.5594
2026-07-24 18:14:38,769 - INFO: [transformer] Epoch 5/20 | Global examples: 241920 | Avg Loss (last 1024 ex): 0.5896
2026-07-24 18:14:49,949 - INFO: [transformer] Epoch 5/20 | Global examples: 242944 | Avg Loss (last 1024 ex): 0.5667
2026-07-24 18:15:01,025 - INFO: [transformer] Epoch 5/20 | Global examples: 243968 | Avg Loss (last 1024 ex): 0.5929
2026-07-24 18:15:12,109 - INFO: [transformer] Epoch 5/20 | Global examples: 244992 | Avg Loss (last 1024 ex): 0.5724
2026-07-24 18:15:23,140 - INFO: [transformer] Epoch 5/20 | Global examples: 246016 | Avg Loss (last 1024 ex): 0.5507
2026-07-24 18:15:34,405 - INFO: [transformer] Epoch 5/20 | Global examples: 247040 | Avg Loss (last 1024 ex): 0.5886
2026-07-24 18:15:45,506 - INFO: [transformer] Epoch 5/20 | Global examples: 248064 | Avg Loss (last 1024 ex): 0.5786
2026-07-24 18:15:56,564 - INFO: [transformer] Epoch 5/20 | Global examples: 249088 | Avg Loss (last 1024 ex): 0.5592
2026-07-24 18:16:07,671 - INFO: [transformer] Epoch 5/20 | Global examples: 250112 | Avg Loss (last 1024 ex): 0.5800
2026-07-24 18:16:18,797 - INFO: [transformer] Epoch 5/20 | Global examples: 251136 | Avg Loss (last 1024 ex): 0.5546
2026-07-24 18:16:29,875 - INFO: [transformer] Epoch 5/20 | Global examples: 252160 | Avg Loss (last 1024 ex): 0.5693
2026-07-24 18:16:40,919 - INFO: [transformer] Epoch 5/20 | Global examples: 253184 | Avg Loss (last 1024 ex): 0.5670
2026-07-24 18:16:52,061 - INFO: [transformer] Epoch 5/20 | Global examples: 254208 | Avg Loss (last 1024 ex): 0.5392
2026-07-24 18:17:03,257 - INFO: [transformer] Epoch 5/20 | Global examples: 255232 | Avg Loss (last 1024 ex): 0.5778
2026-07-24 18:17:14,355 - INFO: [transformer] Epoch 5/20 | Global examples: 256256 | Avg Loss (last 1024 ex): 0.5814
2026-07-24 18:17:25,524 - INFO: [transformer] Epoch 5/20 | Global examples: 257280 | Avg Loss (last 1024 ex): 0.5465
2026-07-24 18:17:36,692 - INFO: [transformer] Epoch 5/20 | Global examples: 258304 | Avg Loss (last 1024 ex): 0.5606
2026-07-24 18:17:47,890 - INFO: [transformer] Epoch 5/20 | Global examples: 259328 | Avg Loss (last 1024 ex): 0.5242
2026-07-24 18:17:58,923 - INFO: [transformer] Epoch 5/20 | Global examples: 260352 | Avg Loss (last 1024 ex): 0.5490
2026-07-24 18:18:10,043 - INFO: [transformer] Epoch 5/20 | Global examples: 261376 | Avg Loss (last 1024 ex): 0.5369
2026-07-24 18:18:21,320 - INFO: [transformer] Epoch 5/20 | Global examples: 262400 | Avg Loss (last 1024 ex): 0.5260
2026-07-24 18:18:32,439 - INFO: [transformer] Epoch 5/20 | Global examples: 263424 | Avg Loss (last 1024 ex): 0.5688
2026-07-24 18:18:43,658 - INFO: [transformer] Epoch 5/20 | Global examples: 264448 | Avg Loss (last 1024 ex): 0.5594
2026-07-24 18:18:54,782 - INFO: [transformer] Epoch 5/20 | Global examples: 265472 | Avg Loss (last 1024 ex): 0.5466
2026-07-24 18:19:05,883 - INFO: [transformer] Epoch 5/20 | Global examples: 266496 | Avg Loss (last 1024 ex): 0.5333
2026-07-24 18:19:16,979 - INFO: [transformer] Epoch 5/20 | Global examples: 267520 | Avg Loss (last 1024 ex): 0.5409
2026-07-24 18:19:28,094 - INFO: [transformer] Epoch 5/20 | Global examples: 268544 | Avg Loss (last 1024 ex): 0.5259
2026-07-24 18:19:39,231 - INFO: [transformer] Epoch 5/20 | Global examples: 269568 | Avg Loss (last 1024 ex): 0.5316
2026-07-24 18:19:50,436 - INFO: [transformer] Epoch 5/20 | Global examples: 270592 | Avg Loss (last 1024 ex): 0.5153
2026-07-24 18:20:01,549 - INFO: [transformer] Epoch 5/20 | Global examples: 271616 | Avg Loss (last 1024 ex): 0.5457
2026-07-24 18:20:12,526 - INFO: [transformer] Epoch 5/20 | Global examples: 272640 | Avg Loss (last 1024 ex): 0.5092
2026-07-24 18:20:23,628 - INFO: [transformer] Epoch 5/20 | Global examples: 273664 | Avg Loss (last 1024 ex): 0.5052
2026-07-24 18:20:34,760 - INFO: [transformer] Epoch 5/20 | Global examples: 274688 | Avg Loss (last 1024 ex): 0.5182
2026-07-24 18:20:45,902 - INFO: [transformer] Epoch 5/20 | Global examples: 275712 | Avg Loss (last 1024 ex): 0.5229
2026-07-24 18:20:57,005 - INFO: [transformer] Epoch 5/20 | Global examples: 276736 | Avg Loss (last 1024 ex): 0.5077
2026-07-24 18:21:08,202 - INFO: [transformer] Epoch 5/20 | Global examples: 277760 | Avg Loss (last 1024 ex): 0.4896
2026-07-24 18:21:19,301 - INFO: [transformer] Epoch 5/20 | Global examples: 278784 | Avg Loss (last 1024 ex): 0.5097
2026-07-24 18:21:30,405 - INFO: [transformer] Epoch 5/20 | Global examples: 279808 | Avg Loss (last 1024 ex): 0.5072
2026-07-24 18:21:41,457 - INFO: [transformer] Epoch 5/20 | Global examples: 280832 | Avg Loss (last 1024 ex): 0.5084
2026-07-24 18:21:52,989 - INFO: [transformer] Epoch 5/20 | Global examples: 281856 | Avg Loss (last 1024 ex): 0.5205
2026-07-24 18:22:05,128 - INFO: [transformer] Epoch 5/20 | Global examples: 282880 | Avg Loss (last 1024 ex): 0.4918
2026-07-24 18:22:16,475 - INFO: [transformer] Epoch 5/20 | Global examples: 283904 | Avg Loss (last 1024 ex): 0.4724
2026-07-24 18:22:27,624 - INFO: [transformer] Epoch 5/20 | Global examples: 284928 | Avg Loss (last 1024 ex): 0.4711
2026-07-24 18:22:38,833 - INFO: [transformer] Epoch 5/20 | Global examples: 285952 | Avg Loss (last 1024 ex): 0.5171
2026-07-24 18:22:49,996 - INFO: [transformer] Epoch 5/20 | Global examples: 286976 | Avg Loss (last 1024 ex): 0.4870
2026-07-24 18:23:01,033 - INFO: [transformer] Epoch 5/20 | Global examples: 288000 | Avg Loss (last 1024 ex): 0.4828
2026-07-24 18:23:12,141 - INFO: [transformer] Epoch 5/20 | Global examples: 289024 | Avg Loss (last 1024 ex): 0.4918
2026-07-24 18:23:23,276 - INFO: [transformer] Epoch 5/20 | Global examples: 290048 | Avg Loss (last 1024 ex): 0.4877
2026-07-24 18:23:34,433 - INFO: [transformer] Epoch 5/20 | Global examples: 291072 | Avg Loss (last 1024 ex): 0.4901
2026-07-24 18:23:45,637 - INFO: [transformer] Epoch 5/20 | Global examples: 292096 | Avg Loss (last 1024 ex): 0.4621
2026-07-24 18:23:46,330 - INFO: [transformer] Epoch 5/20 | Global examples: 292160 | Avg Loss (last 64 ex): 0.4515
2026-07-24 18:23:48,117 - INFO: [transformer] Epoch 5 Val | Examples: 1024 | Avg Loss (last 1024 ex): 0.4075
2026-07-24 18:23:49,864 - INFO: [transformer] Epoch 5 Val | Examples: 2048 | Avg Loss (last 1024 ex): 0.3680
2026-07-24 18:23:51,624 - INFO: [transformer] Epoch 5 Val | Examples: 3072 | Avg Loss (last 1024 ex): 0.3598
2026-07-24 18:23:53,385 - INFO: [transformer] Epoch 5 Val | Examples: 4096 | Avg Loss (last 1024 ex): 0.3729
2026-07-24 18:23:55,134 - INFO: [transformer] Epoch 5 Val | Examples: 5120 | Avg Loss (last 1024 ex): 0.3793
2026-07-24 18:23:55,134 - INFO: [transformer] === Epoch 5 done | Train Loss: 0.5365 | Val Loss: 0.3861 | Time: 636.8s ===
2026-07-24 18:23:55,190 - INFO: [transformer] Model saved to ../model/transformer_epoch5.pth
2026-07-24 18:24:06,189 - INFO: [transformer] Epoch 6/20 | Global examples: 293184 | Avg Loss (last 1024 ex): 0.4354
2026-07-24 18:24:17,255 - INFO: [transformer] Epoch 6/20 | Global examples: 294208 | Avg Loss (last 1024 ex): 0.4314
2026-07-24 18:24:28,505 - INFO: [transformer] Epoch 6/20 | Global examples: 295232 | Avg Loss (last 1024 ex): 0.4406
2026-07-24 18:24:39,686 - INFO: [transformer] Epoch 6/20 | Global examples: 296256 | Avg Loss (last 1024 ex): 0.4227
2026-07-24 18:24:50,874 - INFO: [transformer] Epoch 6/20 | Global examples: 297280 | Avg Loss (last 1024 ex): 0.4394
2026-07-24 18:25:02,062 - INFO: [transformer] Epoch 6/20 | Global examples: 298304 | Avg Loss (last 1024 ex): 0.4102
2026-07-24 18:25:13,180 - INFO: [transformer] Epoch 6/20 | Global examples: 299328 | Avg Loss (last 1024 ex): 0.4498
2026-07-24 18:25:24,246 - INFO: [transformer] Epoch 6/20 | Global examples: 300352 | Avg Loss (last 1024 ex): 0.4280
2026-07-24 18:25:35,462 - INFO: [transformer] Epoch 6/20 | Global examples: 301376 | Avg Loss (last 1024 ex): 0.4228
2026-07-24 18:25:46,614 - INFO: [transformer] Epoch 6/20 | Global examples: 302400 | Avg Loss (last 1024 ex): 0.4683
2026-07-24 18:25:57,850 - INFO: [transformer] Epoch 6/20 | Global examples: 303424 | Avg Loss (last 1024 ex): 0.4483
2026-07-24 18:26:08,964 - INFO: [transformer] Epoch 6/20 | Global examples: 304448 | Avg Loss (last 1024 ex): 0.4222
2026-07-24 18:26:20,039 - INFO: [transformer] Epoch 6/20 | Global examples: 305472 | Avg Loss (last 1024 ex): 0.4186
2026-07-24 18:26:31,243 - INFO: [transformer] Epoch 6/20 | Global examples: 306496 | Avg Loss (last 1024 ex): 0.4513
2026-07-24 18:26:42,471 - INFO: [transformer] Epoch 6/20 | Global examples: 307520 | Avg Loss (last 1024 ex): 0.4330
2026-07-24 18:26:53,618 - INFO: [transformer] Epoch 6/20 | Global examples: 308544 | Avg Loss (last 1024 ex): 0.4392
2026-07-24 18:27:04,820 - INFO: [transformer] Epoch 6/20 | Global examples: 309568 | Avg Loss (last 1024 ex): 0.4421
2026-07-24 18:27:16,056 - INFO: [transformer] Epoch 6/20 | Global examples: 310592 | Avg Loss (last 1024 ex): 0.4104
2026-07-24 18:27:27,223 - INFO: [transformer] Epoch 6/20 | Global examples: 311616 | Avg Loss (last 1024 ex): 0.4250
2026-07-24 18:27:38,382 - INFO: [transformer] Epoch 6/20 | Global examples: 312640 | Avg Loss (last 1024 ex): 0.4298
2026-07-24 18:27:49,422 - INFO: [transformer] Epoch 6/20 | Global examples: 313664 | Avg Loss (last 1024 ex): 0.4498
2026-07-24 18:28:00,507 - INFO: [transformer] Epoch 6/20 | Global examples: 314688 | Avg Loss (last 1024 ex): 0.4167
2026-07-24 18:28:11,649 - INFO: [transformer] Epoch 6/20 | Global examples: 315712 | Avg Loss (last 1024 ex): 0.4291
2026-07-24 18:28:22,751 - INFO: [transformer] Epoch 6/20 | Global examples: 316736 | Avg Loss (last 1024 ex): 0.4474
2026-07-24 18:28:33,849 - INFO: [transformer] Epoch 6/20 | Global examples: 317760 | Avg Loss (last 1024 ex): 0.4278
2026-07-24 18:28:44,965 - INFO: [transformer] Epoch 6/20 | Global examples: 318784 | Avg Loss (last 1024 ex): 0.4210
2026-07-24 18:28:56,092 - INFO: [transformer] Epoch 6/20 | Global examples: 319808 | Avg Loss (last 1024 ex): 0.4530
2026-07-24 18:29:07,220 - INFO: [transformer] Epoch 6/20 | Global examples: 320832 | Avg Loss (last 1024 ex): 0.4259
2026-07-24 18:29:18,289 - INFO: [transformer] Epoch 6/20 | Global examples: 321856 | Avg Loss (last 1024 ex): 0.4069
2026-07-24 18:29:29,335 - INFO: [transformer] Epoch 6/20 | Global examples: 322880 | Avg Loss (last 1024 ex): 0.4217
2026-07-24 18:29:40,369 - INFO: [transformer] Epoch 6/20 | Global examples: 323904 | Avg Loss (last 1024 ex): 0.4139
2026-07-24 18:29:51,450 - INFO: [transformer] Epoch 6/20 | Global examples: 324928 | Avg Loss (last 1024 ex): 0.4128
2026-07-24 18:30:02,403 - INFO: [transformer] Epoch 6/20 | Global examples: 325952 | Avg Loss (last 1024 ex): 0.4093
2026-07-24 18:30:13,471 - INFO: [transformer] Epoch 6/20 | Global examples: 326976 | Avg Loss (last 1024 ex): 0.4451
2026-07-24 18:30:24,472 - INFO: [transformer] Epoch 6/20 | Global examples: 328000 | Avg Loss (last 1024 ex): 0.4153
2026-07-24 18:30:35,587 - INFO: [transformer] Epoch 6/20 | Global examples: 329024 | Avg Loss (last 1024 ex): 0.4137
2026-07-24 18:30:46,777 - INFO: [transformer] Epoch 6/20 | Global examples: 330048 | Avg Loss (last 1024 ex): 0.3989
2026-07-24 18:30:57,885 - INFO: [transformer] Epoch 6/20 | Global examples: 331072 | Avg Loss (last 1024 ex): 0.3984
2026-07-24 18:31:09,028 - INFO: [transformer] Epoch 6/20 | Global examples: 332096 | Avg Loss (last 1024 ex): 0.4117
2026-07-24 18:31:20,138 - INFO: [transformer] Epoch 6/20 | Global examples: 333120 | Avg Loss (last 1024 ex): 0.4130
2026-07-24 18:31:31,109 - INFO: [transformer] Epoch 6/20 | Global examples: 334144 | Avg Loss (last 1024 ex): 0.4219
2026-07-24 18:31:42,225 - INFO: [transformer] Epoch 6/20 | Global examples: 335168 | Avg Loss (last 1024 ex): 0.4206
2026-07-24 18:31:53,268 - INFO: [transformer] Epoch 6/20 | Global examples: 336192 | Avg Loss (last 1024 ex): 0.4040
2026-07-24 18:32:04,318 - INFO: [transformer] Epoch 6/20 | Global examples: 337216 | Avg Loss (last 1024 ex): 0.3771
2026-07-24 18:32:15,472 - INFO: [transformer] Epoch 6/20 | Global examples: 338240 | Avg Loss (last 1024 ex): 0.4016
2026-07-24 18:32:26,564 - INFO: [transformer] Epoch 6/20 | Global examples: 339264 | Avg Loss (last 1024 ex): 0.3852
2026-07-24 18:32:37,654 - INFO: [transformer] Epoch 6/20 | Global examples: 340288 | Avg Loss (last 1024 ex): 0.3833
2026-07-24 18:32:48,742 - INFO: [transformer] Epoch 6/20 | Global examples: 341312 | Avg Loss (last 1024 ex): 0.3824
2026-07-24 18:32:59,743 - INFO: [transformer] Epoch 6/20 | Global examples: 342336 | Avg Loss (last 1024 ex): 0.4046
2026-07-24 18:33:10,821 - INFO: [transformer] Epoch 6/20 | Global examples: 343360 | Avg Loss (last 1024 ex): 0.3861
2026-07-24 18:33:21,878 - INFO: [transformer] Epoch 6/20 | Global examples: 344384 | Avg Loss (last 1024 ex): 0.3846
2026-07-24 18:33:32,927 - INFO: [transformer] Epoch 6/20 | Global examples: 345408 | Avg Loss (last 1024 ex): 0.3839
2026-07-24 18:33:43,840 - INFO: [transformer] Epoch 6/20 | Global examples: 346432 | Avg Loss (last 1024 ex): 0.3846
2026-07-24 18:33:55,028 - INFO: [transformer] Epoch 6/20 | Global examples: 347456 | Avg Loss (last 1024 ex): 0.3773
2026-07-24 18:34:05,933 - INFO: [transformer] Epoch 6/20 | Global examples: 348480 | Avg Loss (last 1024 ex): 0.3882
2026-07-24 18:34:17,065 - INFO: [transformer] Epoch 6/20 | Global examples: 349504 | Avg Loss (last 1024 ex): 0.3948
2026-07-24 18:34:28,091 - INFO: [transformer] Epoch 6/20 | Global examples: 350528 | Avg Loss (last 1024 ex): 0.3732
2026-07-24 18:34:28,763 - INFO: [transformer] Epoch 6/20 | Global examples: 350592 | Avg Loss (last 64 ex): 0.3376
2026-07-24 18:34:30,578 - INFO: [transformer] Epoch 6 Val | Examples: 1024 | Avg Loss (last 1024 ex): 0.3234
2026-07-24 18:34:32,391 - INFO: [transformer] Epoch 6 Val | Examples: 2048 | Avg Loss (last 1024 ex): 0.2990
2026-07-24 18:34:34,265 - INFO: [transformer] Epoch 6 Val | Examples: 3072 | Avg Loss (last 1024 ex): 0.2879
2026-07-24 18:34:36,066 - INFO: [transformer] Epoch 6 Val | Examples: 4096 | Avg Loss (last 1024 ex): 0.2991
2026-07-24 18:34:37,868 - INFO: [transformer] Epoch 6 Val | Examples: 5120 | Avg Loss (last 1024 ex): 0.2961
2026-07-24 18:34:37,868 - INFO: [transformer] === Epoch 6 done | Train Loss: 0.4166 | Val Loss: 0.2987 | Time: 633.6s ===
2026-07-24 18:34:37,920 - INFO: [transformer] Model saved to ../model/transformer_epoch6.pth
2026-07-24 18:34:48,925 - INFO: [transformer] Epoch 7/20 | Global examples: 351616 | Avg Loss (last 1024 ex): 0.3608
2026-07-24 18:34:59,862 - INFO: [transformer] Epoch 7/20 | Global examples: 352640 | Avg Loss (last 1024 ex): 0.3398
2026-07-24 18:35:10,903 - INFO: [transformer] Epoch 7/20 | Global examples: 353664 | Avg Loss (last 1024 ex): 0.3505
2026-07-24 18:35:21,889 - INFO: [transformer] Epoch 7/20 | Global examples: 354688 | Avg Loss (last 1024 ex): 0.3527
2026-07-24 18:35:32,953 - INFO: [transformer] Epoch 7/20 | Global examples: 355712 | Avg Loss (last 1024 ex): 0.3394
2026-07-24 18:35:43,909 - INFO: [transformer] Epoch 7/20 | Global examples: 356736 | Avg Loss (last 1024 ex): 0.3793
2026-07-24 18:35:54,796 - INFO: [transformer] Epoch 7/20 | Global examples: 357760 | Avg Loss (last 1024 ex): 0.3505
2026-07-24 18:36:05,793 - INFO: [transformer] Epoch 7/20 | Global examples: 358784 | Avg Loss (last 1024 ex): 0.3733
2026-07-24 18:36:16,992 - INFO: [transformer] Epoch 7/20 | Global examples: 359808 | Avg Loss (last 1024 ex): 0.3515
2026-07-24 18:36:28,205 - INFO: [transformer] Epoch 7/20 | Global examples: 360832 | Avg Loss (last 1024 ex): 0.3485
2026-07-24 18:36:39,393 - INFO: [transformer] Epoch 7/20 | Global examples: 361856 | Avg Loss (last 1024 ex): 0.3572
2026-07-24 18:36:50,578 - INFO: [transformer] Epoch 7/20 | Global examples: 362880 | Avg Loss (last 1024 ex): 0.3506
2026-07-24 18:37:01,617 - INFO: [transformer] Epoch 7/20 | Global examples: 363904 | Avg Loss (last 1024 ex): 0.3669
2026-07-24 18:37:12,768 - INFO: [transformer] Epoch 7/20 | Global examples: 364928 | Avg Loss (last 1024 ex): 0.3715
2026-07-24 18:37:23,871 - INFO: [transformer] Epoch 7/20 | Global examples: 365952 | Avg Loss (last 1024 ex): 0.3673
2026-07-24 18:37:35,045 - INFO: [transformer] Epoch 7/20 | Global examples: 366976 | Avg Loss (last 1024 ex): 0.3560
2026-07-24 18:37:46,023 - INFO: [transformer] Epoch 7/20 | Global examples: 368000 | Avg Loss (last 1024 ex): 0.3448
2026-07-24 18:37:57,189 - INFO: [transformer] Epoch 7/20 | Global examples: 369024 | Avg Loss (last 1024 ex): 0.3538
2026-07-24 18:38:08,224 - INFO: [transformer] Epoch 7/20 | Global examples: 370048 | Avg Loss (last 1024 ex): 0.3680
2026-07-24 18:38:19,213 - INFO: [transformer] Epoch 7/20 | Global examples: 371072 | Avg Loss (last 1024 ex): 0.3526
2026-07-24 18:38:30,388 - INFO: [transformer] Epoch 7/20 | Global examples: 372096 | Avg Loss (last 1024 ex): 0.3738
2026-07-24 18:38:41,564 - INFO: [transformer] Epoch 7/20 | Global examples: 373120 | Avg Loss (last 1024 ex): 0.3511
2026-07-24 18:38:52,593 - INFO: [transformer] Epoch 7/20 | Global examples: 374144 | Avg Loss (last 1024 ex): 0.3728
2026-07-24 18:39:03,587 - INFO: [transformer] Epoch 7/20 | Global examples: 375168 | Avg Loss (last 1024 ex): 0.3471
2026-07-24 18:39:14,731 - INFO: [transformer] Epoch 7/20 | Global examples: 376192 | Avg Loss (last 1024 ex): 0.3673
2026-07-24 18:39:25,720 - INFO: [transformer] Epoch 7/20 | Global examples: 377216 | Avg Loss (last 1024 ex): 0.3491
2026-07-24 18:39:36,759 - INFO: [transformer] Epoch 7/20 | Global examples: 378240 | Avg Loss (last 1024 ex): 0.3604
2026-07-24 18:39:47,776 - INFO: [transformer] Epoch 7/20 | Global examples: 379264 | Avg Loss (last 1024 ex): 0.3484
2026-07-24 18:39:58,671 - INFO: [transformer] Epoch 7/20 | Global examples: 380288 | Avg Loss (last 1024 ex): 0.3571
2026-07-24 18:40:09,700 - INFO: [transformer] Epoch 7/20 | Global examples: 381312 | Avg Loss (last 1024 ex): 0.3533
2026-07-24 18:40:20,773 - INFO: [transformer] Epoch 7/20 | Global examples: 382336 | Avg Loss (last 1024 ex): 0.3482
2026-07-24 18:40:31,853 - INFO: [transformer] Epoch 7/20 | Global examples: 383360 | Avg Loss (last 1024 ex): 0.3451
2026-07-24 18:40:42,858 - INFO: [transformer] Epoch 7/20 | Global examples: 384384 | Avg Loss (last 1024 ex): 0.3485
2026-07-24 18:40:54,033 - INFO: [transformer] Epoch 7/20 | Global examples: 385408 | Avg Loss (last 1024 ex): 0.3320
2026-07-24 18:41:05,147 - INFO: [transformer] Epoch 7/20 | Global examples: 386432 | Avg Loss (last 1024 ex): 0.3316
2026-07-24 18:41:16,191 - INFO: [transformer] Epoch 7/20 | Global examples: 387456 | Avg Loss (last 1024 ex): 0.3474
2026-07-24 18:41:27,252 - INFO: [transformer] Epoch 7/20 | Global examples: 388480 | Avg Loss (last 1024 ex): 0.3413
2026-07-24 18:41:38,179 - INFO: [transformer] Epoch 7/20 | Global examples: 389504 | Avg Loss (last 1024 ex): 0.3468
2026-07-24 18:41:49,224 - INFO: [transformer] Epoch 7/20 | Global examples: 390528 | Avg Loss (last 1024 ex): 0.3611
2026-07-24 18:42:00,327 - INFO: [transformer] Epoch 7/20 | Global examples: 391552 | Avg Loss (last 1024 ex): 0.3523
2026-07-24 18:42:11,374 - INFO: [transformer] Epoch 7/20 | Global examples: 392576 | Avg Loss (last 1024 ex): 0.3329
2026-07-24 18:42:22,368 - INFO: [transformer] Epoch 7/20 | Global examples: 393600 | Avg Loss (last 1024 ex): 0.3437
2026-07-24 18:42:33,510 - INFO: [transformer] Epoch 7/20 | Global examples: 394624 | Avg Loss (last 1024 ex): 0.3121
2026-07-24 18:42:44,620 - INFO: [transformer] Epoch 7/20 | Global examples: 395648 | Avg Loss (last 1024 ex): 0.3333
2026-07-24 18:42:55,622 - INFO: [transformer] Epoch 7/20 | Global examples: 396672 | Avg Loss (last 1024 ex): 0.3270
2026-07-24 18:43:06,710 - INFO: [transformer] Epoch 7/20 | Global examples: 397696 | Avg Loss (last 1024 ex): 0.3342
2026-07-24 18:43:17,795 - INFO: [transformer] Epoch 7/20 | Global examples: 398720 | Avg Loss (last 1024 ex): 0.3327
2026-07-24 18:43:28,886 - INFO: [transformer] Epoch 7/20 | Global examples: 399744 | Avg Loss (last 1024 ex): 0.3481
2026-07-24 18:43:39,978 - INFO: [transformer] Epoch 7/20 | Global examples: 400768 | Avg Loss (last 1024 ex): 0.3170
2026-07-24 18:43:51,100 - INFO: [transformer] Epoch 7/20 | Global examples: 401792 | Avg Loss (last 1024 ex): 0.3477
2026-07-24 18:44:02,177 - INFO: [transformer] Epoch 7/20 | Global examples: 402816 | Avg Loss (last 1024 ex): 0.3475
2026-07-24 18:44:13,095 - INFO: [transformer] Epoch 7/20 | Global examples: 403840 | Avg Loss (last 1024 ex): 0.3360
2026-07-24 18:44:24,397 - INFO: [transformer] Epoch 7/20 | Global examples: 404864 | Avg Loss (last 1024 ex): 0.3260
2026-07-24 18:44:35,609 - INFO: [transformer] Epoch 7/20 | Global examples: 405888 | Avg Loss (last 1024 ex): 0.3263
2026-07-24 18:44:46,927 - INFO: [transformer] Epoch 7/20 | Global examples: 406912 | Avg Loss (last 1024 ex): 0.3432
2026-07-24 18:44:58,074 - INFO: [transformer] Epoch 7/20 | Global examples: 407936 | Avg Loss (last 1024 ex): 0.3218
2026-07-24 18:45:09,128 - INFO: [transformer] Epoch 7/20 | Global examples: 408960 | Avg Loss (last 1024 ex): 0.3392
2026-07-24 18:45:09,808 - INFO: [transformer] Epoch 7/20 | Global examples: 409024 | Avg Loss (last 64 ex): 0.3865
2026-07-24 18:45:11,549 - INFO: [transformer] Epoch 7 Val | Examples: 1024 | Avg Loss (last 1024 ex): 0.2534
2026-07-24 18:45:13,310 - INFO: [transformer] Epoch 7 Val | Examples: 2048 | Avg Loss (last 1024 ex): 0.2543
2026-07-24 18:45:15,054 - INFO: [transformer] Epoch 7 Val | Examples: 3072 | Avg Loss (last 1024 ex): 0.2656
2026-07-24 18:45:16,809 - INFO: [transformer] Epoch 7 Val | Examples: 4096 | Avg Loss (last 1024 ex): 0.2581
2026-07-24 18:45:18,572 - INFO: [transformer] Epoch 7 Val | Examples: 5120 | Avg Loss (last 1024 ex): 0.2523
2026-07-24 18:45:18,573 - INFO: [transformer] === Epoch 7 done | Train Loss: 0.3481 | Val Loss: 0.2547 | Time: 631.9s ===
2026-07-24 18:45:18,620 - INFO: [transformer] Model saved to ../model/transformer_epoch7.pth
2026-07-24 18:45:29,731 - INFO: [transformer] Epoch 8/20 | Global examples: 410048 | Avg Loss (last 1024 ex): 0.3142
2026-07-24 18:45:40,855 - INFO: [transformer] Epoch 8/20 | Global examples: 411072 | Avg Loss (last 1024 ex): 0.2940
2026-07-24 18:45:51,896 - INFO: [transformer] Epoch 8/20 | Global examples: 412096 | Avg Loss (last 1024 ex): 0.3027
2026-07-24 18:46:02,931 - INFO: [transformer] Epoch 8/20 | Global examples: 413120 | Avg Loss (last 1024 ex): 0.2997
2026-07-24 18:46:13,927 - INFO: [transformer] Epoch 8/20 | Global examples: 414144 | Avg Loss (last 1024 ex): 0.3092
2026-07-24 18:46:24,972 - INFO: [transformer] Epoch 8/20 | Global examples: 415168 | Avg Loss (last 1024 ex): 0.3075
2026-07-24 18:46:36,038 - INFO: [transformer] Epoch 8/20 | Global examples: 416192 | Avg Loss (last 1024 ex): 0.3070
2026-07-24 18:46:47,205 - INFO: [transformer] Epoch 8/20 | Global examples: 417216 | Avg Loss (last 1024 ex): 0.3150
2026-07-24 18:46:58,230 - INFO: [transformer] Epoch 8/20 | Global examples: 418240 | Avg Loss (last 1024 ex): 0.3145
2026-07-24 18:47:09,364 - INFO: [transformer] Epoch 8/20 | Global examples: 419264 | Avg Loss (last 1024 ex): 0.3016
2026-07-24 18:47:20,418 - INFO: [transformer] Epoch 8/20 | Global examples: 420288 | Avg Loss (last 1024 ex): 0.2974
2026-07-24 18:47:31,509 - INFO: [transformer] Epoch 8/20 | Global examples: 421312 | Avg Loss (last 1024 ex): 0.3151
2026-07-24 18:47:42,560 - INFO: [transformer] Epoch 8/20 | Global examples: 422336 | Avg Loss (last 1024 ex): 0.2951
2026-07-24 18:47:53,647 - INFO: [transformer] Epoch 8/20 | Global examples: 423360 | Avg Loss (last 1024 ex): 0.3194
2026-07-24 18:48:04,733 - INFO: [transformer] Epoch 8/20 | Global examples: 424384 | Avg Loss (last 1024 ex): 0.3218
2026-07-24 18:48:15,902 - INFO: [transformer] Epoch 8/20 | Global examples: 425408 | Avg Loss (last 1024 ex): 0.3321
2026-07-24 18:48:26,748 - INFO: [transformer] Epoch 8/20 | Global examples: 426432 | Avg Loss (last 1024 ex): 0.3034
2026-07-24 18:48:37,964 - INFO: [transformer] Epoch 8/20 | Global examples: 427456 | Avg Loss (last 1024 ex): 0.3055
2026-07-24 18:48:48,958 - INFO: [transformer] Epoch 8/20 | Global examples: 428480 | Avg Loss (last 1024 ex): 0.3076
2026-07-24 18:48:59,921 - INFO: [transformer] Epoch 8/20 | Global examples: 429504 | Avg Loss (last 1024 ex): 0.3111
2026-07-24 18:49:11,019 - INFO: [transformer] Epoch 8/20 | Global examples: 430528 | Avg Loss (last 1024 ex): 0.3168
2026-07-24 18:49:22,159 - INFO: [transformer] Epoch 8/20 | Global examples: 431552 | Avg Loss (last 1024 ex): 0.3175
2026-07-24 18:49:33,307 - INFO: [transformer] Epoch 8/20 | Global examples: 432576 | Avg Loss (last 1024 ex): 0.2969
2026-07-24 18:49:44,347 - INFO: [transformer] Epoch 8/20 | Global examples: 433600 | Avg Loss (last 1024 ex): 0.3030
2026-07-24 18:49:55,454 - INFO: [transformer] Epoch 8/20 | Global examples: 434624 | Avg Loss (last 1024 ex): 0.3238
2026-07-24 18:50:06,425 - INFO: [transformer] Epoch 8/20 | Global examples: 435648 | Avg Loss (last 1024 ex): 0.3078
2026-07-24 18:50:17,514 - INFO: [transformer] Epoch 8/20 | Global examples: 436672 | Avg Loss (last 1024 ex): 0.3054
2026-07-24 18:50:28,560 - INFO: [transformer] Epoch 8/20 | Global examples: 437696 | Avg Loss (last 1024 ex): 0.3133
2026-07-24 18:50:39,547 - INFO: [transformer] Epoch 8/20 | Global examples: 438720 | Avg Loss (last 1024 ex): 0.2985
2026-07-24 18:50:50,639 - INFO: [transformer] Epoch 8/20 | Global examples: 439744 | Avg Loss (last 1024 ex): 0.3091
2026-07-24 18:51:01,735 - INFO: [transformer] Epoch 8/20 | Global examples: 440768 | Avg Loss (last 1024 ex): 0.3015
2026-07-24 18:51:12,767 - INFO: [transformer] Epoch 8/20 | Global examples: 441792 | Avg Loss (last 1024 ex): 0.3041
2026-07-24 18:51:24,096 - INFO: [transformer] Epoch 8/20 | Global examples: 442816 | Avg Loss (last 1024 ex): 0.2876
2026-07-24 18:51:35,154 - INFO: [transformer] Epoch 8/20 | Global examples: 443840 | Avg Loss (last 1024 ex): 0.3058
2026-07-24 18:51:46,284 - INFO: [transformer] Epoch 8/20 | Global examples: 444864 | Avg Loss (last 1024 ex): 0.3007
2026-07-24 18:51:57,560 - INFO: [transformer] Epoch 8/20 | Global examples: 445888 | Avg Loss (last 1024 ex): 0.3001
2026-07-24 18:52:08,594 - INFO: [transformer] Epoch 8/20 | Global examples: 446912 | Avg Loss (last 1024 ex): 0.3029
2026-07-24 18:52:19,854 - INFO: [transformer] Epoch 8/20 | Global examples: 447936 | Avg Loss (last 1024 ex): 0.2947
2026-07-24 18:52:30,975 - INFO: [transformer] Epoch 8/20 | Global examples: 448960 | Avg Loss (last 1024 ex): 0.3012
2026-07-24 18:52:42,086 - INFO: [transformer] Epoch 8/20 | Global examples: 449984 | Avg Loss (last 1024 ex): 0.3093
2026-07-24 18:52:53,074 - INFO: [transformer] Epoch 8/20 | Global examples: 451008 | Avg Loss (last 1024 ex): 0.2982
2026-07-24 18:53:04,246 - INFO: [transformer] Epoch 8/20 | Global examples: 452032 | Avg Loss (last 1024 ex): 0.2994
2026-07-24 18:53:15,390 - INFO: [transformer] Epoch 8/20 | Global examples: 453056 | Avg Loss (last 1024 ex): 0.3046
2026-07-24 18:53:26,551 - INFO: [transformer] Epoch 8/20 | Global examples: 454080 | Avg Loss (last 1024 ex): 0.2986
2026-07-24 18:53:37,644 - INFO: [transformer] Epoch 8/20 | Global examples: 455104 | Avg Loss (last 1024 ex): 0.2914
2026-07-24 18:53:48,641 - INFO: [transformer] Epoch 8/20 | Global examples: 456128 | Avg Loss (last 1024 ex): 0.2921
2026-07-24 18:53:59,739 - INFO: [transformer] Epoch 8/20 | Global examples: 457152 | Avg Loss (last 1024 ex): 0.2896
2026-07-24 18:54:10,893 - INFO: [transformer] Epoch 8/20 | Global examples: 458176 | Avg Loss (last 1024 ex): 0.3120
2026-07-24 18:54:21,893 - INFO: [transformer] Epoch 8/20 | Global examples: 459200 | Avg Loss (last 1024 ex): 0.2896
2026-07-24 18:54:33,139 - INFO: [transformer] Epoch 8/20 | Global examples: 460224 | Avg Loss (last 1024 ex): 0.2961
2026-07-24 18:54:44,208 - INFO: [transformer] Epoch 8/20 | Global examples: 461248 | Avg Loss (last 1024 ex): 0.2912
2026-07-24 18:54:55,265 - INFO: [transformer] Epoch 8/20 | Global examples: 462272 | Avg Loss (last 1024 ex): 0.3151
2026-07-24 18:55:06,431 - INFO: [transformer] Epoch 8/20 | Global examples: 463296 | Avg Loss (last 1024 ex): 0.3034
2026-07-24 18:55:17,525 - INFO: [transformer] Epoch 8/20 | Global examples: 464320 | Avg Loss (last 1024 ex): 0.2964
2026-07-24 18:55:28,544 - INFO: [transformer] Epoch 8/20 | Global examples: 465344 | Avg Loss (last 1024 ex): 0.2932
2026-07-24 18:55:39,727 - INFO: [transformer] Epoch 8/20 | Global examples: 466368 | Avg Loss (last 1024 ex): 0.2784
2026-07-24 18:55:50,766 - INFO: [transformer] Epoch 8/20 | Global examples: 467392 | Avg Loss (last 1024 ex): 0.2954
2026-07-24 18:55:51,466 - INFO: [transformer] Epoch 8/20 | Global examples: 467456 | Avg Loss (last 64 ex): 0.2630
2026-07-24 18:55:53,212 - INFO: [transformer] Epoch 8 Val | Examples: 1024 | Avg Loss (last 1024 ex): 0.2345
2026-07-24 18:55:54,957 - INFO: [transformer] Epoch 8 Val | Examples: 2048 | Avg Loss (last 1024 ex): 0.2455
2026-07-24 18:55:56,703 - INFO: [transformer] Epoch 8 Val | Examples: 3072 | Avg Loss (last 1024 ex): 0.2315
2026-07-24 18:55:58,446 - INFO: [transformer] Epoch 8 Val | Examples: 4096 | Avg Loss (last 1024 ex): 0.2197
2026-07-24 18:56:00,212 - INFO: [transformer] Epoch 8 Val | Examples: 5120 | Avg Loss (last 1024 ex): 0.2309
2026-07-24 18:56:00,212 - INFO: [transformer] === Epoch 8 done | Train Loss: 0.3038 | Val Loss: 0.2281 | Time: 632.8s ===
2026-07-24 18:56:00,259 - INFO: [transformer] Model saved to ../model/transformer_epoch8.pth
2026-07-24 18:56:11,542 - INFO: [transformer] Epoch 9/20 | Global examples: 468480 | Avg Loss (last 1024 ex): 0.2523
2026-07-24 18:56:22,508 - INFO: [transformer] Epoch 9/20 | Global examples: 469504 | Avg Loss (last 1024 ex): 0.2532
2026-07-24 18:56:33,641 - INFO: [transformer] Epoch 9/20 | Global examples: 470528 | Avg Loss (last 1024 ex): 0.2821
2026-07-24 18:56:44,876 - INFO: [transformer] Epoch 9/20 | Global examples: 471552 | Avg Loss (last 1024 ex): 0.2652
2026-07-24 18:56:56,046 - INFO: [transformer] Epoch 9/20 | Global examples: 472576 | Avg Loss (last 1024 ex): 0.2770
2026-07-24 18:57:07,158 - INFO: [transformer] Epoch 9/20 | Global examples: 473600 | Avg Loss (last 1024 ex): 0.2803
2026-07-24 18:57:18,349 - INFO: [transformer] Epoch 9/20 | Global examples: 474624 | Avg Loss (last 1024 ex): 0.2660
2026-07-24 18:57:29,480 - INFO: [transformer] Epoch 9/20 | Global examples: 475648 | Avg Loss (last 1024 ex): 0.2771
2026-07-24 18:57:40,535 - INFO: [transformer] Epoch 9/20 | Global examples: 476672 | Avg Loss (last 1024 ex): 0.2712
2026-07-24 18:57:51,656 - INFO: [transformer] Epoch 9/20 | Global examples: 477696 | Avg Loss (last 1024 ex): 0.2955
2026-07-24 18:58:02,844 - INFO: [transformer] Epoch 9/20 | Global examples: 478720 | Avg Loss (last 1024 ex): 0.2718
2026-07-24 18:58:14,021 - INFO: [transformer] Epoch 9/20 | Global examples: 479744 | Avg Loss (last 1024 ex): 0.2701
2026-07-24 18:58:25,070 - INFO: [transformer] Epoch 9/20 | Global examples: 480768 | Avg Loss (last 1024 ex): 0.2782
2026-07-24 18:58:36,164 - INFO: [transformer] Epoch 9/20 | Global examples: 481792 | Avg Loss (last 1024 ex): 0.2798
2026-07-24 18:58:47,279 - INFO: [transformer] Epoch 9/20 | Global examples: 482816 | Avg Loss (last 1024 ex): 0.2917
2026-07-24 18:58:58,356 - INFO: [transformer] Epoch 9/20 | Global examples: 483840 | Avg Loss (last 1024 ex): 0.2844
2026-07-24 18:59:09,483 - INFO: [transformer] Epoch 9/20 | Global examples: 484864 | Avg Loss (last 1024 ex): 0.2829
2026-07-24 18:59:20,570 - INFO: [transformer] Epoch 9/20 | Global examples: 485888 | Avg Loss (last 1024 ex): 0.2774
2026-07-24 18:59:31,657 - INFO: [transformer] Epoch 9/20 | Global examples: 486912 | Avg Loss (last 1024 ex): 0.2850
2026-07-24 18:59:42,776 - INFO: [transformer] Epoch 9/20 | Global examples: 487936 | Avg Loss (last 1024 ex): 0.2757
2026-07-24 18:59:53,958 - INFO: [transformer] Epoch 9/20 | Global examples: 488960 | Avg Loss (last 1024 ex): 0.2868
2026-07-24 19:00:05,101 - INFO: [transformer] Epoch 9/20 | Global examples: 489984 | Avg Loss (last 1024 ex): 0.2734
2026-07-24 19:00:16,227 - INFO: [transformer] Epoch 9/20 | Global examples: 491008 | Avg Loss (last 1024 ex): 0.2653
2026-07-24 19:00:27,382 - INFO: [transformer] Epoch 9/20 | Global examples: 492032 | Avg Loss (last 1024 ex): 0.2751
2026-07-24 19:00:38,545 - INFO: [transformer] Epoch 9/20 | Global examples: 493056 | Avg Loss (last 1024 ex): 0.2857
2026-07-24 19:00:49,713 - INFO: [transformer] Epoch 9/20 | Global examples: 494080 | Avg Loss (last 1024 ex): 0.2842
2026-07-24 19:01:00,904 - INFO: [transformer] Epoch 9/20 | Global examples: 495104 | Avg Loss (last 1024 ex): 0.2871
2026-07-24 19:01:11,966 - INFO: [transformer] Epoch 9/20 | Global examples: 496128 | Avg Loss (last 1024 ex): 0.2918
2026-07-24 19:01:23,101 - INFO: [transformer] Epoch 9/20 | Global examples: 497152 | Avg Loss (last 1024 ex): 0.2836
2026-07-24 19:01:34,212 - INFO: [transformer] Epoch 9/20 | Global examples: 498176 | Avg Loss (last 1024 ex): 0.2657
2026-07-24 19:01:45,468 - INFO: [transformer] Epoch 9/20 | Global examples: 499200 | Avg Loss (last 1024 ex): 0.2622
2026-07-24 19:01:56,550 - INFO: [transformer] Epoch 9/20 | Global examples: 500224 | Avg Loss (last 1024 ex): 0.2879
2026-07-24 19:02:07,642 - INFO: [transformer] Epoch 9/20 | Global examples: 501248 | Avg Loss (last 1024 ex): 0.2852
2026-07-24 19:02:18,756 - INFO: [transformer] Epoch 9/20 | Global examples: 502272 | Avg Loss (last 1024 ex): 0.2688
2026-07-24 19:02:29,835 - INFO: [transformer] Epoch 9/20 | Global examples: 503296 | Avg Loss (last 1024 ex): 0.2708
2026-07-24 19:02:41,057 - INFO: [transformer] Epoch 9/20 | Global examples: 504320 | Avg Loss (last 1024 ex): 0.2773
2026-07-24 19:02:52,180 - INFO: [transformer] Epoch 9/20 | Global examples: 505344 | Avg Loss (last 1024 ex): 0.2595
2026-07-24 19:03:03,255 - INFO: [transformer] Epoch 9/20 | Global examples: 506368 | Avg Loss (last 1024 ex): 0.2777
2026-07-24 19:03:14,240 - INFO: [transformer] Epoch 9/20 | Global examples: 507392 | Avg Loss (last 1024 ex): 0.2713
2026-07-24 19:03:25,437 - INFO: [transformer] Epoch 9/20 | Global examples: 508416 | Avg Loss (last 1024 ex): 0.2712
2026-07-24 19:03:36,604 - INFO: [transformer] Epoch 9/20 | Global examples: 509440 | Avg Loss (last 1024 ex): 0.2777
2026-07-24 19:03:47,837 - INFO: [transformer] Epoch 9/20 | Global examples: 510464 | Avg Loss (last 1024 ex): 0.2798
2026-07-24 19:03:58,846 - INFO: [transformer] Epoch 9/20 | Global examples: 511488 | Avg Loss (last 1024 ex): 0.2737
2026-07-24 19:04:09,958 - INFO: [transformer] Epoch 9/20 | Global examples: 512512 | Avg Loss (last 1024 ex): 0.2749
2026-07-24 19:04:21,075 - INFO: [transformer] Epoch 9/20 | Global examples: 513536 | Avg Loss (last 1024 ex): 0.2851
2026-07-24 19:04:32,729 - INFO: [transformer] Epoch 9/20 | Global examples: 514560 | Avg Loss (last 1024 ex): 0.2717
2026-07-24 19:04:44,157 - INFO: [transformer] Epoch 9/20 | Global examples: 515584 | Avg Loss (last 1024 ex): 0.2543
2026-07-24 19:04:55,330 - INFO: [transformer] Epoch 9/20 | Global examples: 516608 | Avg Loss (last 1024 ex): 0.2758
2026-07-24 19:05:06,577 - INFO: [transformer] Epoch 9/20 | Global examples: 517632 | Avg Loss (last 1024 ex): 0.2718
2026-07-24 19:05:17,710 - INFO: [transformer] Epoch 9/20 | Global examples: 518656 | Avg Loss (last 1024 ex): 0.2710
2026-07-24 19:05:28,906 - INFO: [transformer] Epoch 9/20 | Global examples: 519680 | Avg Loss (last 1024 ex): 0.2653
2026-07-24 19:05:40,243 - INFO: [transformer] Epoch 9/20 | Global examples: 520704 | Avg Loss (last 1024 ex): 0.2628
2026-07-24 19:05:51,371 - INFO: [transformer] Epoch 9/20 | Global examples: 521728 | Avg Loss (last 1024 ex): 0.2655
2026-07-24 19:06:02,473 - INFO: [transformer] Epoch 9/20 | Global examples: 522752 | Avg Loss (last 1024 ex): 0.2614
2026-07-24 19:06:13,567 - INFO: [transformer] Epoch 9/20 | Global examples: 523776 | Avg Loss (last 1024 ex): 0.2684
2026-07-24 19:06:24,665 - INFO: [transformer] Epoch 9/20 | Global examples: 524800 | Avg Loss (last 1024 ex): 0.2661
2026-07-24 19:06:35,724 - INFO: [transformer] Epoch 9/20 | Global examples: 525824 | Avg Loss (last 1024 ex): 0.2712
2026-07-24 19:06:36,413 - INFO: [transformer] Epoch 9/20 | Global examples: 525888 | Avg Loss (last 64 ex): 0.2862
2026-07-24 19:06:38,194 - INFO: [transformer] Epoch 9 Val | Examples: 1024 | Avg Loss (last 1024 ex): 0.2346
2026-07-24 19:06:39,952 - INFO: [transformer] Epoch 9 Val | Examples: 2048 | Avg Loss (last 1024 ex): 0.2203
2026-07-24 19:06:41,712 - INFO: [transformer] Epoch 9 Val | Examples: 3072 | Avg Loss (last 1024 ex): 0.2023
2026-07-24 19:06:43,492 - INFO: [transformer] Epoch 9 Val | Examples: 4096 | Avg Loss (last 1024 ex): 0.2024
2026-07-24 19:06:45,283 - INFO: [transformer] Epoch 9 Val | Examples: 5120 | Avg Loss (last 1024 ex): 0.2030
2026-07-24 19:06:45,283 - INFO: [transformer] === Epoch 9 done | Train Loss: 0.2745 | Val Loss: 0.2072 | Time: 636.2s ===
2026-07-24 19:06:45,338 - INFO: [transformer] Model saved to ../model/transformer_epoch9.pth
2026-07-24 19:06:56,421 - INFO: [transformer] Epoch 10/20 | Global examples: 526912 | Avg Loss (last 1024 ex): 0.2462
2026-07-24 19:07:07,639 - INFO: [transformer] Epoch 10/20 | Global examples: 527936 | Avg Loss (last 1024 ex): 0.2505
2026-07-24 19:07:18,790 - INFO: [transformer] Epoch 10/20 | Global examples: 528960 | Avg Loss (last 1024 ex): 0.2354
2026-07-24 19:07:29,866 - INFO: [transformer] Epoch 10/20 | Global examples: 529984 | Avg Loss (last 1024 ex): 0.2467
2026-07-24 19:07:40,887 - INFO: [transformer] Epoch 10/20 | Global examples: 531008 | Avg Loss (last 1024 ex): 0.2738
2026-07-24 19:07:51,901 - INFO: [transformer] Epoch 10/20 | Global examples: 532032 | Avg Loss (last 1024 ex): 0.2635
2026-07-24 19:08:02,986 - INFO: [transformer] Epoch 10/20 | Global examples: 533056 | Avg Loss (last 1024 ex): 0.2466
2026-07-24 19:08:14,123 - INFO: [transformer] Epoch 10/20 | Global examples: 534080 | Avg Loss (last 1024 ex): 0.2537
2026-07-24 19:08:25,347 - INFO: [transformer] Epoch 10/20 | Global examples: 535104 | Avg Loss (last 1024 ex): 0.2467
2026-07-24 19:08:36,519 - INFO: [transformer] Epoch 10/20 | Global examples: 536128 | Avg Loss (last 1024 ex): 0.2663
2026-07-24 19:08:47,656 - INFO: [transformer] Epoch 10/20 | Global examples: 537152 | Avg Loss (last 1024 ex): 0.2456
2026-07-24 19:08:58,671 - INFO: [transformer] Epoch 10/20 | Global examples: 538176 | Avg Loss (last 1024 ex): 0.2518
2026-07-24 19:09:09,841 - INFO: [transformer] Epoch 10/20 | Global examples: 539200 | Avg Loss (last 1024 ex): 0.2559
2026-07-24 19:09:20,919 - INFO: [transformer] Epoch 10/20 | Global examples: 540224 | Avg Loss (last 1024 ex): 0.2492
2026-07-24 19:09:32,089 - INFO: [transformer] Epoch 10/20 | Global examples: 541248 | Avg Loss (last 1024 ex): 0.2662
2026-07-24 19:09:43,411 - INFO: [transformer] Epoch 10/20 | Global examples: 542272 | Avg Loss (last 1024 ex): 0.2573
2026-07-24 19:09:54,735 - INFO: [transformer] Epoch 10/20 | Global examples: 543296 | Avg Loss (last 1024 ex): 0.2557
2026-07-24 19:10:05,818 - INFO: [transformer] Epoch 10/20 | Global examples: 544320 | Avg Loss (last 1024 ex): 0.2621
2026-07-24 19:10:16,907 - INFO: [transformer] Epoch 10/20 | Global examples: 545344 | Avg Loss (last 1024 ex): 0.2644
2026-07-24 19:10:28,024 - INFO: [transformer] Epoch 10/20 | Global examples: 546368 | Avg Loss (last 1024 ex): 0.2761
2026-07-24 19:10:39,269 - INFO: [transformer] Epoch 10/20 | Global examples: 547392 | Avg Loss (last 1024 ex): 0.2532
2026-07-24 19:10:50,349 - INFO: [transformer] Epoch 10/20 | Global examples: 548416 | Avg Loss (last 1024 ex): 0.2575
2026-07-24 19:11:01,464 - INFO: [transformer] Epoch 10/20 | Global examples: 549440 | Avg Loss (last 1024 ex): 0.2619
2026-07-24 19:11:12,495 - INFO: [transformer] Epoch 10/20 | Global examples: 550464 | Avg Loss (last 1024 ex): 0.2597
2026-07-24 19:11:23,619 - INFO: [transformer] Epoch 10/20 | Global examples: 551488 | Avg Loss (last 1024 ex): 0.2639
2026-07-24 19:11:34,706 - INFO: [transformer] Epoch 10/20 | Global examples: 552512 | Avg Loss (last 1024 ex): 0.2609
2026-07-24 19:11:45,868 - INFO: [transformer] Epoch 10/20 | Global examples: 553536 | Avg Loss (last 1024 ex): 0.2667
2026-07-24 19:11:57,019 - INFO: [transformer] Epoch 10/20 | Global examples: 554560 | Avg Loss (last 1024 ex): 0.2367
2026-07-24 19:12:08,278 - INFO: [transformer] Epoch 10/20 | Global examples: 555584 | Avg Loss (last 1024 ex): 0.2595
2026-07-24 19:12:19,435 - INFO: [transformer] Epoch 10/20 | Global examples: 556608 | Avg Loss (last 1024 ex): 0.2510
2026-07-24 19:12:30,665 - INFO: [transformer] Epoch 10/20 | Global examples: 557632 | Avg Loss (last 1024 ex): 0.2559
2026-07-24 19:12:41,746 - INFO: [transformer] Epoch 10/20 | Global examples: 558656 | Avg Loss (last 1024 ex): 0.2567
2026-07-24 19:12:53,438 - INFO: [transformer] Epoch 10/20 | Global examples: 559680 | Avg Loss (last 1024 ex): 0.2613
2026-07-24 19:13:05,423 - INFO: [transformer] Epoch 10/20 | Global examples: 560704 | Avg Loss (last 1024 ex): 0.2710
2026-07-24 19:13:16,651 - INFO: [transformer] Epoch 10/20 | Global examples: 561728 | Avg Loss (last 1024 ex): 0.2380
2026-07-24 19:13:27,836 - INFO: [transformer] Epoch 10/20 | Global examples: 562752 | Avg Loss (last 1024 ex): 0.2660
2026-07-24 19:13:39,002 - INFO: [transformer] Epoch 10/20 | Global examples: 563776 | Avg Loss (last 1024 ex): 0.2418
2026-07-24 19:13:50,163 - INFO: [transformer] Epoch 10/20 | Global examples: 564800 | Avg Loss (last 1024 ex): 0.2586
2026-07-24 19:14:01,414 - INFO: [transformer] Epoch 10/20 | Global examples: 565824 | Avg Loss (last 1024 ex): 0.2553
2026-07-24 19:14:12,660 - INFO: [transformer] Epoch 10/20 | Global examples: 566848 | Avg Loss (last 1024 ex): 0.2677
2026-07-24 19:14:23,728 - INFO: [transformer] Epoch 10/20 | Global examples: 567872 | Avg Loss (last 1024 ex): 0.2451
2026-07-24 19:14:34,893 - INFO: [transformer] Epoch 10/20 | Global examples: 568896 | Avg Loss (last 1024 ex): 0.2512
2026-07-24 19:14:46,043 - INFO: [transformer] Epoch 10/20 | Global examples: 569920 | Avg Loss (last 1024 ex): 0.2671
2026-07-24 19:14:57,190 - INFO: [transformer] Epoch 10/20 | Global examples: 570944 | Avg Loss (last 1024 ex): 0.2405
2026-07-24 19:15:08,257 - INFO: [transformer] Epoch 10/20 | Global examples: 571968 | Avg Loss (last 1024 ex): 0.2560
2026-07-24 19:15:19,370 - INFO: [transformer] Epoch 10/20 | Global examples: 572992 | Avg Loss (last 1024 ex): 0.2541
2026-07-24 19:15:30,563 - INFO: [transformer] Epoch 10/20 | Global examples: 574016 | Avg Loss (last 1024 ex): 0.2588
2026-07-24 19:15:41,648 - INFO: [transformer] Epoch 10/20 | Global examples: 575040 | Avg Loss (last 1024 ex): 0.2509
2026-07-24 19:15:52,757 - INFO: [transformer] Epoch 10/20 | Global examples: 576064 | Avg Loss (last 1024 ex): 0.2370
2026-07-24 19:16:04,017 - INFO: [transformer] Epoch 10/20 | Global examples: 577088 | Avg Loss (last 1024 ex): 0.2456
2026-07-24 19:16:15,290 - INFO: [transformer] Epoch 10/20 | Global examples: 578112 | Avg Loss (last 1024 ex): 0.2389
2026-07-24 19:16:26,389 - INFO: [transformer] Epoch 10/20 | Global examples: 579136 | Avg Loss (last 1024 ex): 0.2492
2026-07-24 19:16:37,494 - INFO: [transformer] Epoch 10/20 | Global examples: 580160 | Avg Loss (last 1024 ex): 0.2534
2026-07-24 19:16:48,761 - INFO: [transformer] Epoch 10/20 | Global examples: 581184 | Avg Loss (last 1024 ex): 0.2651
2026-07-24 19:17:00,126 - INFO: [transformer] Epoch 10/20 | Global examples: 582208 | Avg Loss (last 1024 ex): 0.2414
2026-07-24 19:17:11,361 - INFO: [transformer] Epoch 10/20 | Global examples: 583232 | Avg Loss (last 1024 ex): 0.2540
2026-07-24 19:17:22,449 - INFO: [transformer] Epoch 10/20 | Global examples: 584256 | Avg Loss (last 1024 ex): 0.2406
2026-07-24 19:17:23,139 - INFO: [transformer] Epoch 10/20 | Global examples: 584320 | Avg Loss (last 64 ex): 0.3014
2026-07-24 19:17:24,909 - INFO: [transformer] Epoch 10 Val | Examples: 1024 | Avg Loss (last 1024 ex): 0.2100
2026-07-24 19:17:26,669 - INFO: [transformer] Epoch 10 Val | Examples: 2048 | Avg Loss (last 1024 ex): 0.1995
2026-07-24 19:17:28,480 - INFO: [transformer] Epoch 10 Val | Examples: 3072 | Avg Loss (last 1024 ex): 0.1951
2026-07-24 19:17:30,364 - INFO: [transformer] Epoch 10 Val | Examples: 4096 | Avg Loss (last 1024 ex): 0.1946
2026-07-24 19:17:32,124 - INFO: [transformer] Epoch 10 Val | Examples: 5120 | Avg Loss (last 1024 ex): 0.2033
2026-07-24 19:17:32,125 - INFO: [transformer] === Epoch 10 done | Train Loss: 0.2545 | Val Loss: 0.2025 | Time: 637.8s ===
2026-07-24 19:17:32,168 - INFO: [transformer] Model saved to ../model/transformer_epoch10.pth
2026-07-24 19:17:43,343 - INFO: [transformer] Epoch 11/20 | Global examples: 585344 | Avg Loss (last 1024 ex): 0.2226
2026-07-24 19:17:54,394 - INFO: [transformer] Epoch 11/20 | Global examples: 586368 | Avg Loss (last 1024 ex): 0.2347
2026-07-24 19:18:05,588 - INFO: [transformer] Epoch 11/20 | Global examples: 587392 | Avg Loss (last 1024 ex): 0.2329
2026-07-24 19:18:16,794 - INFO: [transformer] Epoch 11/20 | Global examples: 588416 | Avg Loss (last 1024 ex): 0.2380
2026-07-24 19:18:27,917 - INFO: [transformer] Epoch 11/20 | Global examples: 589440 | Avg Loss (last 1024 ex): 0.2443
2026-07-24 19:18:39,072 - INFO: [transformer] Epoch 11/20 | Global examples: 590464 | Avg Loss (last 1024 ex): 0.2379
2026-07-24 19:18:50,278 - INFO: [transformer] Epoch 11/20 | Global examples: 591488 | Avg Loss (last 1024 ex): 0.2435
2026-07-24 19:19:01,504 - INFO: [transformer] Epoch 11/20 | Global examples: 592512 | Avg Loss (last 1024 ex): 0.2286
2026-07-24 19:19:12,580 - INFO: [transformer] Epoch 11/20 | Global examples: 593536 | Avg Loss (last 1024 ex): 0.2276
2026-07-24 19:19:23,693 - INFO: [transformer] Epoch 11/20 | Global examples: 594560 | Avg Loss (last 1024 ex): 0.2543
2026-07-24 19:19:34,756 - INFO: [transformer] Epoch 11/20 | Global examples: 595584 | Avg Loss (last 1024 ex): 0.2421
2026-07-24 19:19:45,873 - INFO: [transformer] Epoch 11/20 | Global examples: 596608 | Avg Loss (last 1024 ex): 0.2383
2026-07-24 19:19:57,122 - INFO: [transformer] Epoch 11/20 | Global examples: 597632 | Avg Loss (last 1024 ex): 0.2352
2026-07-24 19:20:08,238 - INFO: [transformer] Epoch 11/20 | Global examples: 598656 | Avg Loss (last 1024 ex): 0.2368
2026-07-24 19:20:19,488 - INFO: [transformer] Epoch 11/20 | Global examples: 599680 | Avg Loss (last 1024 ex): 0.2420
2026-07-24 19:20:30,660 - INFO: [transformer] Epoch 11/20 | Global examples: 600704 | Avg Loss (last 1024 ex): 0.2304
2026-07-24 19:20:41,699 - INFO: [transformer] Epoch 11/20 | Global examples: 601728 | Avg Loss (last 1024 ex): 0.2482
2026-07-24 19:20:52,921 - INFO: [transformer] Epoch 11/20 | Global examples: 602752 | Avg Loss (last 1024 ex): 0.2429
2026-07-24 19:21:04,309 - INFO: [transformer] Epoch 11/20 | Global examples: 603776 | Avg Loss (last 1024 ex): 0.2367
2026-07-24 19:21:15,763 - INFO: [transformer] Epoch 11/20 | Global examples: 604800 | Avg Loss (last 1024 ex): 0.2427
2026-07-24 19:21:26,884 - INFO: [transformer] Epoch 11/20 | Global examples: 605824 | Avg Loss (last 1024 ex): 0.2419
2026-07-24 19:21:37,970 - INFO: [transformer] Epoch 11/20 | Global examples: 606848 | Avg Loss (last 1024 ex): 0.2304
2026-07-24 19:21:49,165 - INFO: [transformer] Epoch 11/20 | Global examples: 607872 | Avg Loss (last 1024 ex): 0.2510
2026-07-24 19:22:00,414 - INFO: [transformer] Epoch 11/20 | Global examples: 608896 | Avg Loss (last 1024 ex): 0.2303
2026-07-24 19:22:11,518 - INFO: [transformer] Epoch 11/20 | Global examples: 609920 | Avg Loss (last 1024 ex): 0.2470
2026-07-24 19:22:22,662 - INFO: [transformer] Epoch 11/20 | Global examples: 610944 | Avg Loss (last 1024 ex): 0.2424
2026-07-24 19:22:33,881 - INFO: [transformer] Epoch 11/20 | Global examples: 611968 | Avg Loss (last 1024 ex): 0.2340
2026-07-24 19:22:44,884 - INFO: [transformer] Epoch 11/20 | Global examples: 612992 | Avg Loss (last 1024 ex): 0.2477
2026-07-24 19:22:56,099 - INFO: [transformer] Epoch 11/20 | Global examples: 614016 | Avg Loss (last 1024 ex): 0.2480
2026-07-24 19:23:07,289 - INFO: [transformer] Epoch 11/20 | Global examples: 615040 | Avg Loss (last 1024 ex): 0.2356
2026-07-24 19:23:18,390 - INFO: [transformer] Epoch 11/20 | Global examples: 616064 | Avg Loss (last 1024 ex): 0.2431
2026-07-24 19:23:29,510 - INFO: [transformer] Epoch 11/20 | Global examples: 617088 | Avg Loss (last 1024 ex): 0.2376
2026-07-24 19:23:40,832 - INFO: [transformer] Epoch 11/20 | Global examples: 618112 | Avg Loss (last 1024 ex): 0.2439
2026-07-24 19:23:52,045 - INFO: [transformer] Epoch 11/20 | Global examples: 619136 | Avg Loss (last 1024 ex): 0.2299
2026-07-24 19:24:03,148 - INFO: [transformer] Epoch 11/20 | Global examples: 620160 | Avg Loss (last 1024 ex): 0.2356
2026-07-24 19:24:14,397 - INFO: [transformer] Epoch 11/20 | Global examples: 621184 | Avg Loss (last 1024 ex): 0.2368
2026-07-24 19:24:25,578 - INFO: [transformer] Epoch 11/20 | Global examples: 622208 | Avg Loss (last 1024 ex): 0.2289
2026-07-24 19:24:36,934 - INFO: [transformer] Epoch 11/20 | Global examples: 623232 | Avg Loss (last 1024 ex): 0.2329
2026-07-24 19:24:47,999 - INFO: [transformer] Epoch 11/20 | Global examples: 624256 | Avg Loss (last 1024 ex): 0.2394
2026-07-24 19:24:59,108 - INFO: [transformer] Epoch 11/20 | Global examples: 625280 | Avg Loss (last 1024 ex): 0.2484
2026-07-24 19:25:10,096 - INFO: [transformer] Epoch 11/20 | Global examples: 626304 | Avg Loss (last 1024 ex): 0.2217
2026-07-24 19:25:21,330 - INFO: [transformer] Epoch 11/20 | Global examples: 627328 | Avg Loss (last 1024 ex): 0.2359
2026-07-24 19:25:32,576 - INFO: [transformer] Epoch 11/20 | Global examples: 628352 | Avg Loss (last 1024 ex): 0.2435
2026-07-24 19:25:43,744 - INFO: [transformer] Epoch 11/20 | Global examples: 629376 | Avg Loss (last 1024 ex): 0.2552
2026-07-24 19:25:55,010 - INFO: [transformer] Epoch 11/20 | Global examples: 630400 | Avg Loss (last 1024 ex): 0.2434
2026-07-24 19:26:06,297 - INFO: [transformer] Epoch 11/20 | Global examples: 631424 | Avg Loss (last 1024 ex): 0.2440
2026-07-24 19:26:17,432 - INFO: [transformer] Epoch 11/20 | Global examples: 632448 | Avg Loss (last 1024 ex): 0.2334
2026-07-24 19:26:28,544 - INFO: [transformer] Epoch 11/20 | Global examples: 633472 | Avg Loss (last 1024 ex): 0.2262
2026-07-24 19:26:39,744 - INFO: [transformer] Epoch 11/20 | Global examples: 634496 | Avg Loss (last 1024 ex): 0.2162
2026-07-24 19:26:50,936 - INFO: [transformer] Epoch 11/20 | Global examples: 635520 | Avg Loss (last 1024 ex): 0.2359
2026-07-24 19:27:02,274 - INFO: [transformer] Epoch 11/20 | Global examples: 636544 | Avg Loss (last 1024 ex): 0.2239
2026-07-24 19:27:13,532 - INFO: [transformer] Epoch 11/20 | Global examples: 637568 | Avg Loss (last 1024 ex): 0.2298
2026-07-24 19:27:24,884 - INFO: [transformer] Epoch 11/20 | Global examples: 638592 | Avg Loss (last 1024 ex): 0.2476
2026-07-24 19:27:36,140 - INFO: [transformer] Epoch 11/20 | Global examples: 639616 | Avg Loss (last 1024 ex): 0.2433
2026-07-24 19:27:47,366 - INFO: [transformer] Epoch 11/20 | Global examples: 640640 | Avg Loss (last 1024 ex): 0.2346
2026-07-24 19:27:58,585 - INFO: [transformer] Epoch 11/20 | Global examples: 641664 | Avg Loss (last 1024 ex): 0.2375
2026-07-24 19:28:09,859 - INFO: [transformer] Epoch 11/20 | Global examples: 642688 | Avg Loss (last 1024 ex): 0.2384
2026-07-24 19:28:10,570 - INFO: [transformer] Epoch 11/20 | Global examples: 642752 | Avg Loss (last 64 ex): 0.2216
2026-07-24 19:28:12,331 - INFO: [transformer] Epoch 11 Val | Examples: 1024 | Avg Loss (last 1024 ex): 0.1985
2026-07-24 19:28:14,120 - INFO: [transformer] Epoch 11 Val | Examples: 2048 | Avg Loss (last 1024 ex): 0.2009
2026-07-24 19:28:15,877 - INFO: [transformer] Epoch 11 Val | Examples: 3072 | Avg Loss (last 1024 ex): 0.1910
2026-07-24 19:28:17,658 - INFO: [transformer] Epoch 11 Val | Examples: 4096 | Avg Loss (last 1024 ex): 0.1952
2026-07-24 19:28:19,423 - INFO: [transformer] Epoch 11 Val | Examples: 5120 | Avg Loss (last 1024 ex): 0.1844
2026-07-24 19:28:19,424 - INFO: [transformer] === Epoch 11 done | Train Loss: 0.2378 | Val Loss: 0.1869 | Time: 638.4s ===
2026-07-24 19:28:19,478 - INFO: [transformer] Model saved to ../model/transformer_epoch11.pth
2026-07-24 19:28:30,711 - INFO: [transformer] Epoch 12/20 | Global examples: 643776 | Avg Loss (last 1024 ex): 0.2231
2026-07-24 19:28:41,833 - INFO: [transformer] Epoch 12/20 | Global examples: 644800 | Avg Loss (last 1024 ex): 0.2143
2026-07-24 19:28:52,962 - INFO: [transformer] Epoch 12/20 | Global examples: 645824 | Avg Loss (last 1024 ex): 0.2033
2026-07-24 19:29:04,070 - INFO: [transformer] Epoch 12/20 | Global examples: 646848 | Avg Loss (last 1024 ex): 0.2240
2026-07-24 19:29:15,318 - INFO: [transformer] Epoch 12/20 | Global examples: 647872 | Avg Loss (last 1024 ex): 0.2134
2026-07-24 19:29:26,512 - INFO: [transformer] Epoch 12/20 | Global examples: 648896 | Avg Loss (last 1024 ex): 0.2233
2026-07-24 19:29:37,814 - INFO: [transformer] Epoch 12/20 | Global examples: 649920 | Avg Loss (last 1024 ex): 0.2144
2026-07-24 19:29:49,087 - INFO: [transformer] Epoch 12/20 | Global examples: 650944 | Avg Loss (last 1024 ex): 0.2311
2026-07-24 19:30:00,263 - INFO: [transformer] Epoch 12/20 | Global examples: 651968 | Avg Loss (last 1024 ex): 0.2365
2026-07-24 19:30:11,431 - INFO: [transformer] Epoch 12/20 | Global examples: 652992 | Avg Loss (last 1024 ex): 0.2202
2026-07-24 19:30:22,619 - INFO: [transformer] Epoch 12/20 | Global examples: 654016 | Avg Loss (last 1024 ex): 0.2185
2026-07-24 19:30:33,758 - INFO: [transformer] Epoch 12/20 | Global examples: 655040 | Avg Loss (last 1024 ex): 0.2365
2026-07-24 19:30:44,780 - INFO: [transformer] Epoch 12/20 | Global examples: 656064 | Avg Loss (last 1024 ex): 0.2119
2026-07-24 19:30:56,009 - INFO: [transformer] Epoch 12/20 | Global examples: 657088 | Avg Loss (last 1024 ex): 0.2171
2026-07-24 19:31:07,147 - INFO: [transformer] Epoch 12/20 | Global examples: 658112 | Avg Loss (last 1024 ex): 0.2304
2026-07-24 19:31:18,213 - INFO: [transformer] Epoch 12/20 | Global examples: 659136 | Avg Loss (last 1024 ex): 0.2232
2026-07-24 19:31:29,303 - INFO: [transformer] Epoch 12/20 | Global examples: 660160 | Avg Loss (last 1024 ex): 0.2485
2026-07-24 19:31:40,425 - INFO: [transformer] Epoch 12/20 | Global examples: 661184 | Avg Loss (last 1024 ex): 0.2157
2026-07-24 19:31:51,592 - INFO: [transformer] Epoch 12/20 | Global examples: 662208 | Avg Loss (last 1024 ex): 0.2242
2026-07-24 19:32:02,656 - INFO: [transformer] Epoch 12/20 | Global examples: 663232 | Avg Loss (last 1024 ex): 0.2367
2026-07-24 19:32:13,757 - INFO: [transformer] Epoch 12/20 | Global examples: 664256 | Avg Loss (last 1024 ex): 0.2305
2026-07-24 19:32:24,956 - INFO: [transformer] Epoch 12/20 | Global examples: 665280 | Avg Loss (last 1024 ex): 0.2259
2026-07-24 19:32:36,267 - INFO: [transformer] Epoch 12/20 | Global examples: 666304 | Avg Loss (last 1024 ex): 0.2165
2026-07-24 19:32:47,446 - INFO: [transformer] Epoch 12/20 | Global examples: 667328 | Avg Loss (last 1024 ex): 0.2210
2026-07-24 19:32:58,546 - INFO: [transformer] Epoch 12/20 | Global examples: 668352 | Avg Loss (last 1024 ex): 0.2475
2026-07-24 19:33:09,673 - INFO: [transformer] Epoch 12/20 | Global examples: 669376 | Avg Loss (last 1024 ex): 0.2264
2026-07-24 19:33:20,854 - INFO: [transformer] Epoch 12/20 | Global examples: 670400 | Avg Loss (last 1024 ex): 0.2215
2026-07-24 19:33:32,005 - INFO: [transformer] Epoch 12/20 | Global examples: 671424 | Avg Loss (last 1024 ex): 0.2371
2026-07-24 19:33:43,102 - INFO: [transformer] Epoch 12/20 | Global examples: 672448 | Avg Loss (last 1024 ex): 0.2314
2026-07-24 19:33:54,205 - INFO: [transformer] Epoch 12/20 | Global examples: 673472 | Avg Loss (last 1024 ex): 0.2207
2026-07-24 19:34:05,321 - INFO: [transformer] Epoch 12/20 | Global examples: 674496 | Avg Loss (last 1024 ex): 0.2415
2026-07-24 19:34:16,430 - INFO: [transformer] Epoch 12/20 | Global examples: 675520 | Avg Loss (last 1024 ex): 0.2222
2026-07-24 19:34:27,712 - INFO: [transformer] Epoch 12/20 | Global examples: 676544 | Avg Loss (last 1024 ex): 0.2345
2026-07-24 19:34:38,873 - INFO: [transformer] Epoch 12/20 | Global examples: 677568 | Avg Loss (last 1024 ex): 0.2435
2026-07-24 19:34:50,055 - INFO: [transformer] Epoch 12/20 | Global examples: 678592 | Avg Loss (last 1024 ex): 0.2231
2026-07-24 19:35:01,139 - INFO: [transformer] Epoch 12/20 | Global examples: 679616 | Avg Loss (last 1024 ex): 0.2266
2026-07-24 19:35:12,354 - INFO: [transformer] Epoch 12/20 | Global examples: 680640 | Avg Loss (last 1024 ex): 0.2365
2026-07-24 19:35:23,489 - INFO: [transformer] Epoch 12/20 | Global examples: 681664 | Avg Loss (last 1024 ex): 0.2235
2026-07-24 19:35:34,640 - INFO: [transformer] Epoch 12/20 | Global examples: 682688 | Avg Loss (last 1024 ex): 0.2252
2026-07-24 19:35:45,695 - INFO: [transformer] Epoch 12/20 | Global examples: 683712 | Avg Loss (last 1024 ex): 0.2309
2026-07-24 19:35:56,887 - INFO: [transformer] Epoch 12/20 | Global examples: 684736 | Avg Loss (last 1024 ex): 0.2360
2026-07-24 19:36:07,935 - INFO: [transformer] Epoch 12/20 | Global examples: 685760 | Avg Loss (last 1024 ex): 0.2376
2026-07-24 19:36:18,989 - INFO: [transformer] Epoch 12/20 | Global examples: 686784 | Avg Loss (last 1024 ex): 0.2243
2026-07-24 19:36:30,190 - INFO: [transformer] Epoch 12/20 | Global examples: 687808 | Avg Loss (last 1024 ex): 0.2205
2026-07-24 19:36:41,312 - INFO: [transformer] Epoch 12/20 | Global examples: 688832 | Avg Loss (last 1024 ex): 0.2289
2026-07-24 19:36:55,880 - INFO: [transformer] Epoch 12/20 | Global examples: 689856 | Avg Loss (last 1024 ex): 0.2285
2026-07-24 19:37:11,598 - INFO: [transformer] Epoch 12/20 | Global examples: 690880 | Avg Loss (last 1024 ex): 0.2157
2026-07-24 19:37:26,959 - INFO: [transformer] Epoch 12/20 | Global examples: 691904 | Avg Loss (last 1024 ex): 0.2195
2026-07-24 19:37:42,204 - INFO: [transformer] Epoch 12/20 | Global examples: 692928 | Avg Loss (last 1024 ex): 0.2265
2026-07-24 19:37:58,408 - INFO: [transformer] Epoch 12/20 | Global examples: 693952 | Avg Loss (last 1024 ex): 0.2297
2026-07-24 19:38:13,830 - INFO: [transformer] Epoch 12/20 | Global examples: 694976 | Avg Loss (last 1024 ex): 0.2429
2026-07-24 19:38:27,244 - INFO: [transformer] Epoch 12/20 | Global examples: 696000 | Avg Loss (last 1024 ex): 0.2293
2026-07-24 19:38:40,634 - INFO: [transformer] Epoch 12/20 | Global examples: 697024 | Avg Loss (last 1024 ex): 0.2213
2026-07-24 19:38:54,896 - INFO: [transformer] Epoch 12/20 | Global examples: 698048 | Avg Loss (last 1024 ex): 0.2167
2026-07-24 19:39:07,477 - INFO: [transformer] Epoch 12/20 | Global examples: 699072 | Avg Loss (last 1024 ex): 0.2300
2026-07-24 19:39:19,164 - INFO: [transformer] Epoch 12/20 | Global examples: 700096 | Avg Loss (last 1024 ex): 0.2218
2026-07-24 19:39:32,139 - INFO: [transformer] Epoch 12/20 | Global examples: 701120 | Avg Loss (last 1024 ex): 0.2422
2026-07-24 19:39:32,872 - INFO: [transformer] Epoch 12/20 | Global examples: 701184 | Avg Loss (last 64 ex): 0.2443
2026-07-24 19:39:34,707 - INFO: [transformer] Epoch 12 Val | Examples: 1024 | Avg Loss (last 1024 ex): 0.1930
2026-07-24 19:39:36,503 - INFO: [transformer] Epoch 12 Val | Examples: 2048 | Avg Loss (last 1024 ex): 0.1968
2026-07-24 19:39:38,287 - INFO: [transformer] Epoch 12 Val | Examples: 3072 | Avg Loss (last 1024 ex): 0.1826
2026-07-24 19:39:40,109 - INFO: [transformer] Epoch 12 Val | Examples: 4096 | Avg Loss (last 1024 ex): 0.1756
2026-07-24 19:39:42,019 - INFO: [transformer] Epoch 12 Val | Examples: 5120 | Avg Loss (last 1024 ex): 0.1838
2026-07-24 19:39:42,020 - INFO: [transformer] === Epoch 12 done | Train Loss: 0.2268 | Val Loss: 0.1951 | Time: 673.4s ===
2026-07-24 19:39:42,082 - INFO: [transformer] Model saved to ../model/transformer_epoch12.pth
2026-07-24 19:39:54,622 - INFO: [transformer] Epoch 13/20 | Global examples: 702208 | Avg Loss (last 1024 ex): 0.2037
2026-07-24 19:40:06,589 - INFO: [transformer] Epoch 13/20 | Global examples: 703232 | Avg Loss (last 1024 ex): 0.2137
2026-07-24 19:40:18,184 - INFO: [transformer] Epoch 13/20 | Global examples: 704256 | Avg Loss (last 1024 ex): 0.2105
2026-07-24 19:40:29,655 - INFO: [transformer] Epoch 13/20 | Global examples: 705280 | Avg Loss (last 1024 ex): 0.2145
2026-07-24 19:40:41,078 - INFO: [transformer] Epoch 13/20 | Global examples: 706304 | Avg Loss (last 1024 ex): 0.2119
2026-07-24 19:40:52,529 - INFO: [transformer] Epoch 13/20 | Global examples: 707328 | Avg Loss (last 1024 ex): 0.2171
2026-07-24 19:41:05,538 - INFO: [transformer] Epoch 13/20 | Global examples: 708352 | Avg Loss (last 1024 ex): 0.2104
2026-07-24 19:41:19,155 - INFO: [transformer] Epoch 13/20 | Global examples: 709376 | Avg Loss (last 1024 ex): 0.2122
2026-07-24 19:41:32,207 - INFO: [transformer] Epoch 13/20 | Global examples: 710400 | Avg Loss (last 1024 ex): 0.2194
2026-07-24 19:41:44,238 - INFO: [transformer] Epoch 13/20 | Global examples: 711424 | Avg Loss (last 1024 ex): 0.2084
2026-07-24 19:41:56,682 - INFO: [transformer] Epoch 13/20 | Global examples: 712448 | Avg Loss (last 1024 ex): 0.2245
2026-07-24 19:42:09,512 - INFO: [transformer] Epoch 13/20 | Global examples: 713472 | Avg Loss (last 1024 ex): 0.2101
2026-07-24 19:42:22,444 - INFO: [transformer] Epoch 13/20 | Global examples: 714496 | Avg Loss (last 1024 ex): 0.2137
2026-07-24 19:42:35,555 - INFO: [transformer] Epoch 13/20 | Global examples: 715520 | Avg Loss (last 1024 ex): 0.2200
2026-07-24 19:42:48,879 - INFO: [transformer] Epoch 13/20 | Global examples: 716544 | Avg Loss (last 1024 ex): 0.2177
2026-07-24 19:43:02,561 - INFO: [transformer] Epoch 13/20 | Global examples: 717568 | Avg Loss (last 1024 ex): 0.2188
2026-07-24 19:43:15,654 - INFO: [transformer] Epoch 13/20 | Global examples: 718592 | Avg Loss (last 1024 ex): 0.2151
2026-07-24 19:43:28,239 - INFO: [transformer] Epoch 13/20 | Global examples: 719616 | Avg Loss (last 1024 ex): 0.2075
2026-07-24 19:43:42,527 - INFO: [transformer] Epoch 13/20 | Global examples: 720640 | Avg Loss (last 1024 ex): 0.2273
2026-07-24 19:43:55,745 - INFO: [transformer] Epoch 13/20 | Global examples: 721664 | Avg Loss (last 1024 ex): 0.2090
2026-07-24 19:44:08,142 - INFO: [transformer] Epoch 13/20 | Global examples: 722688 | Avg Loss (last 1024 ex): 0.2206
2026-07-24 19:44:20,886 - INFO: [transformer] Epoch 13/20 | Global examples: 723712 | Avg Loss (last 1024 ex): 0.2088
2026-07-24 19:44:33,488 - INFO: [transformer] Epoch 13/20 | Global examples: 724736 | Avg Loss (last 1024 ex): 0.2343
2026-07-24 19:44:45,608 - INFO: [transformer] Epoch 13/20 | Global examples: 725760 | Avg Loss (last 1024 ex): 0.2076
2026-07-24 19:44:58,152 - INFO: [transformer] Epoch 13/20 | Global examples: 726784 | Avg Loss (last 1024 ex): 0.2098
2026-07-24 19:45:10,829 - INFO: [transformer] Epoch 13/20 | Global examples: 727808 | Avg Loss (last 1024 ex): 0.2275
2026-07-24 19:45:23,248 - INFO: [transformer] Epoch 13/20 | Global examples: 728832 | Avg Loss (last 1024 ex): 0.2251
2026-07-24 19:45:35,318 - INFO: [transformer] Epoch 13/20 | Global examples: 729856 | Avg Loss (last 1024 ex): 0.2209
2026-07-24 19:45:47,209 - INFO: [transformer] Epoch 13/20 | Global examples: 730880 | Avg Loss (last 1024 ex): 0.2270
2026-07-24 19:45:59,909 - INFO: [transformer] Epoch 13/20 | Global examples: 731904 | Avg Loss (last 1024 ex): 0.2235
2026-07-24 19:46:12,231 - INFO: [transformer] Epoch 13/20 | Global examples: 732928 | Avg Loss (last 1024 ex): 0.2276
2026-07-24 19:46:24,698 - INFO: [transformer] Epoch 13/20 | Global examples: 733952 | Avg Loss (last 1024 ex): 0.2208
2026-07-24 19:46:37,157 - INFO: [transformer] Epoch 13/20 | Global examples: 734976 | Avg Loss (last 1024 ex): 0.2148
2026-07-24 19:46:49,767 - INFO: [transformer] Epoch 13/20 | Global examples: 736000 | Avg Loss (last 1024 ex): 0.2175
2026-07-24 19:47:02,230 - INFO: [transformer] Epoch 13/20 | Global examples: 737024 | Avg Loss (last 1024 ex): 0.2124
2026-07-24 19:47:14,607 - INFO: [transformer] Epoch 13/20 | Global examples: 738048 | Avg Loss (last 1024 ex): 0.1996
2026-07-24 19:47:26,974 - INFO: [transformer] Epoch 13/20 | Global examples: 739072 | Avg Loss (last 1024 ex): 0.2120
2026-07-24 19:47:39,520 - INFO: [transformer] Epoch 13/20 | Global examples: 740096 | Avg Loss (last 1024 ex): 0.2297
2026-07-24 19:47:51,576 - INFO: [transformer] Epoch 13/20 | Global examples: 741120 | Avg Loss (last 1024 ex): 0.2194
2026-07-24 19:48:03,872 - INFO: [transformer] Epoch 13/20 | Global examples: 742144 | Avg Loss (last 1024 ex): 0.2224
2026-07-24 19:48:15,830 - INFO: [transformer] Epoch 13/20 | Global examples: 743168 | Avg Loss (last 1024 ex): 0.2140
2026-07-24 19:48:27,836 - INFO: [transformer] Epoch 13/20 | Global examples: 744192 | Avg Loss (last 1024 ex): 0.2120
2026-07-24 19:48:40,216 - INFO: [transformer] Epoch 13/20 | Global examples: 745216 | Avg Loss (last 1024 ex): 0.2178
2026-07-24 19:48:52,327 - INFO: [transformer] Epoch 13/20 | Global examples: 746240 | Avg Loss (last 1024 ex): 0.2228
2026-07-24 19:49:04,559 - INFO: [transformer] Epoch 13/20 | Global examples: 747264 | Avg Loss (last 1024 ex): 0.2184
2026-07-24 19:49:16,505 - INFO: [transformer] Epoch 13/20 | Global examples: 748288 | Avg Loss (last 1024 ex): 0.2046
2026-07-24 19:49:28,595 - INFO: [transformer] Epoch 13/20 | Global examples: 749312 | Avg Loss (last 1024 ex): 0.2206
2026-07-24 19:49:40,936 - INFO: [transformer] Epoch 13/20 | Global examples: 750336 | Avg Loss (last 1024 ex): 0.2128
2026-07-24 19:49:52,964 - INFO: [transformer] Epoch 13/20 | Global examples: 751360 | Avg Loss (last 1024 ex): 0.2230
2026-07-24 19:50:04,852 - INFO: [transformer] Epoch 13/20 | Global examples: 752384 | Avg Loss (last 1024 ex): 0.2187
2026-07-24 19:50:17,019 - INFO: [transformer] Epoch 13/20 | Global examples: 753408 | Avg Loss (last 1024 ex): 0.2013
2026-07-24 19:50:29,126 - INFO: [transformer] Epoch 13/20 | Global examples: 754432 | Avg Loss (last 1024 ex): 0.2121
2026-07-24 19:50:41,272 - INFO: [transformer] Epoch 13/20 | Global examples: 755456 | Avg Loss (last 1024 ex): 0.2193
2026-07-24 19:50:53,348 - INFO: [transformer] Epoch 13/20 | Global examples: 756480 | Avg Loss (last 1024 ex): 0.2182
2026-07-24 19:51:05,982 - INFO: [transformer] Epoch 13/20 | Global examples: 757504 | Avg Loss (last 1024 ex): 0.2185
2026-07-24 19:51:18,509 - INFO: [transformer] Epoch 13/20 | Global examples: 758528 | Avg Loss (last 1024 ex): 0.2150
2026-07-24 19:51:30,449 - INFO: [transformer] Epoch 13/20 | Global examples: 759552 | Avg Loss (last 1024 ex): 0.2175
2026-07-24 19:51:31,201 - INFO: [transformer] Epoch 13/20 | Global examples: 759616 | Avg Loss (last 64 ex): 0.2467
2026-07-24 19:51:33,221 - INFO: [transformer] Epoch 13 Val | Examples: 1024 | Avg Loss (last 1024 ex): 0.1885
2026-07-24 19:51:35,242 - INFO: [transformer] Epoch 13 Val | Examples: 2048 | Avg Loss (last 1024 ex): 0.1843
2026-07-24 19:51:37,323 - INFO: [transformer] Epoch 13 Val | Examples: 3072 | Avg Loss (last 1024 ex): 0.1707
2026-07-24 19:51:39,349 - INFO: [transformer] Epoch 13 Val | Examples: 4096 | Avg Loss (last 1024 ex): 0.1802
2026-07-24 19:51:41,549 - INFO: [transformer] Epoch 13 Val | Examples: 5120 | Avg Loss (last 1024 ex): 0.1818
2026-07-24 19:51:41,549 - INFO: [transformer] === Epoch 13 done | Train Loss: 0.2164 | Val Loss: 0.1837 | Time: 709.1s ===
2026-07-24 19:51:41,603 - INFO: [transformer] Model saved to ../model/transformer_epoch13.pth
2026-07-24 19:51:54,569 - INFO: [transformer] Epoch 14/20 | Global examples: 760640 | Avg Loss (last 1024 ex): 0.1968
2026-07-24 19:52:06,658 - INFO: [transformer] Epoch 14/20 | Global examples: 761664 | Avg Loss (last 1024 ex): 0.2032
2026-07-24 19:52:18,885 - INFO: [transformer] Epoch 14/20 | Global examples: 762688 | Avg Loss (last 1024 ex): 0.2052
2026-07-24 19:52:30,985 - INFO: [transformer] Epoch 14/20 | Global examples: 763712 | Avg Loss (last 1024 ex): 0.2074
2026-07-24 19:52:42,990 - INFO: [transformer] Epoch 14/20 | Global examples: 764736 | Avg Loss (last 1024 ex): 0.2139
2026-07-24 19:52:55,255 - INFO: [transformer] Epoch 14/20 | Global examples: 765760 | Avg Loss (last 1024 ex): 0.1936
2026-07-24 19:53:07,300 - INFO: [transformer] Epoch 14/20 | Global examples: 766784 | Avg Loss (last 1024 ex): 0.2028
2026-07-24 19:53:19,603 - INFO: [transformer] Epoch 14/20 | Global examples: 767808 | Avg Loss (last 1024 ex): 0.2099
2026-07-24 19:53:31,715 - INFO: [transformer] Epoch 14/20 | Global examples: 768832 | Avg Loss (last 1024 ex): 0.2062
2026-07-24 19:53:43,835 - INFO: [transformer] Epoch 14/20 | Global examples: 769856 | Avg Loss (last 1024 ex): 0.1973
2026-07-24 19:53:56,846 - INFO: [transformer] Epoch 14/20 | Global examples: 770880 | Avg Loss (last 1024 ex): 0.2056
2026-07-24 19:54:09,530 - INFO: [transformer] Epoch 14/20 | Global examples: 771904 | Avg Loss (last 1024 ex): 0.2082
2026-07-24 19:54:21,876 - INFO: [transformer] Epoch 14/20 | Global examples: 772928 | Avg Loss (last 1024 ex): 0.1992
2026-07-24 19:54:34,614 - INFO: [transformer] Epoch 14/20 | Global examples: 773952 | Avg Loss (last 1024 ex): 0.1989
2026-07-24 19:54:46,989 - INFO: [transformer] Epoch 14/20 | Global examples: 774976 | Avg Loss (last 1024 ex): 0.2136
2026-07-24 19:54:59,670 - INFO: [transformer] Epoch 14/20 | Global examples: 776000 | Avg Loss (last 1024 ex): 0.2167
2026-07-24 19:55:12,088 - INFO: [transformer] Epoch 14/20 | Global examples: 777024 | Avg Loss (last 1024 ex): 0.2132
2026-07-24 19:55:24,624 - INFO: [transformer] Epoch 14/20 | Global examples: 778048 | Avg Loss (last 1024 ex): 0.2152
2026-07-24 19:55:38,541 - INFO: [transformer] Epoch 14/20 | Global examples: 779072 | Avg Loss (last 1024 ex): 0.2239
2026-07-24 19:55:51,448 - INFO: [transformer] Epoch 14/20 | Global examples: 780096 | Avg Loss (last 1024 ex): 0.2103
2026-07-24 19:56:03,631 - INFO: [transformer] Epoch 14/20 | Global examples: 781120 | Avg Loss (last 1024 ex): 0.2090
2026-07-24 19:56:16,482 - INFO: [transformer] Epoch 14/20 | Global examples: 782144 | Avg Loss (last 1024 ex): 0.2175
2026-07-24 19:56:29,252 - INFO: [transformer] Epoch 14/20 | Global examples: 783168 | Avg Loss (last 1024 ex): 0.2046
2026-07-24 19:56:42,088 - INFO: [transformer] Epoch 14/20 | Global examples: 784192 | Avg Loss (last 1024 ex): 0.2040
2026-07-24 19:56:54,482 - INFO: [transformer] Epoch 14/20 | Global examples: 785216 | Avg Loss (last 1024 ex): 0.2117
2026-07-24 19:57:06,735 - INFO: [transformer] Epoch 14/20 | Global examples: 786240 | Avg Loss (last 1024 ex): 0.2138
2026-07-24 19:57:19,185 - INFO: [transformer] Epoch 14/20 | Global examples: 787264 | Avg Loss (last 1024 ex): 0.1941
2026-07-24 19:57:31,396 - INFO: [transformer] Epoch 14/20 | Global examples: 788288 | Avg Loss (last 1024 ex): 0.2169
2026-07-24 19:57:43,665 - INFO: [transformer] Epoch 14/20 | Global examples: 789312 | Avg Loss (last 1024 ex): 0.2121
2026-07-24 19:57:55,948 - INFO: [transformer] Epoch 14/20 | Global examples: 790336 | Avg Loss (last 1024 ex): 0.2071
2026-07-24 19:58:08,204 - INFO: [transformer] Epoch 14/20 | Global examples: 791360 | Avg Loss (last 1024 ex): 0.2206
2026-07-24 19:58:20,627 - INFO: [transformer] Epoch 14/20 | Global examples: 792384 | Avg Loss (last 1024 ex): 0.2046
2026-07-24 19:58:32,853 - INFO: [transformer] Epoch 14/20 | Global examples: 793408 | Avg Loss (last 1024 ex): 0.2045
2026-07-24 19:58:44,969 - INFO: [transformer] Epoch 14/20 | Global examples: 794432 | Avg Loss (last 1024 ex): 0.2277
2026-07-24 19:58:57,523 - INFO: [transformer] Epoch 14/20 | Global examples: 795456 | Avg Loss (last 1024 ex): 0.2048
2026-07-24 19:59:09,696 - INFO: [transformer] Epoch 14/20 | Global examples: 796480 | Avg Loss (last 1024 ex): 0.2159
2026-07-24 19:59:21,924 - INFO: [transformer] Epoch 14/20 | Global examples: 797504 | Avg Loss (last 1024 ex): 0.2145
2026-07-24 19:59:34,106 - INFO: [transformer] Epoch 14/20 | Global examples: 798528 | Avg Loss (last 1024 ex): 0.2114
2026-07-24 19:59:46,079 - INFO: [transformer] Epoch 14/20 | Global examples: 799552 | Avg Loss (last 1024 ex): 0.2019
2026-07-24 19:59:58,580 - INFO: [transformer] Epoch 14/20 | Global examples: 800576 | Avg Loss (last 1024 ex): 0.2057
2026-07-24 20:00:10,632 - INFO: [transformer] Epoch 14/20 | Global examples: 801600 | Avg Loss (last 1024 ex): 0.2056
2026-07-24 20:00:22,605 - INFO: [transformer] Epoch 14/20 | Global examples: 802624 | Avg Loss (last 1024 ex): 0.2163
2026-07-24 20:00:35,125 - INFO: [transformer] Epoch 14/20 | Global examples: 803648 | Avg Loss (last 1024 ex): 0.1969
2026-07-24 20:00:47,629 - INFO: [transformer] Epoch 14/20 | Global examples: 804672 | Avg Loss (last 1024 ex): 0.1932
2026-07-24 20:01:00,015 - INFO: [transformer] Epoch 14/20 | Global examples: 805696 | Avg Loss (last 1024 ex): 0.2048
2026-07-24 20:01:11,952 - INFO: [transformer] Epoch 14/20 | Global examples: 806720 | Avg Loss (last 1024 ex): 0.2078
2026-07-24 20:01:24,045 - INFO: [transformer] Epoch 14/20 | Global examples: 807744 | Avg Loss (last 1024 ex): 0.2157
2026-07-24 20:01:36,391 - INFO: [transformer] Epoch 14/20 | Global examples: 808768 | Avg Loss (last 1024 ex): 0.2179
2026-07-24 20:01:48,541 - INFO: [transformer] Epoch 14/20 | Global examples: 809792 | Avg Loss (last 1024 ex): 0.2058
2026-07-24 20:02:00,666 - INFO: [transformer] Epoch 14/20 | Global examples: 810816 | Avg Loss (last 1024 ex): 0.2116
2026-07-24 20:02:12,747 - INFO: [transformer] Epoch 14/20 | Global examples: 811840 | Avg Loss (last 1024 ex): 0.2019
2026-07-24 20:02:24,894 - INFO: [transformer] Epoch 14/20 | Global examples: 812864 | Avg Loss (last 1024 ex): 0.2068
2026-07-24 20:02:37,317 - INFO: [transformer] Epoch 14/20 | Global examples: 813888 | Avg Loss (last 1024 ex): 0.2112
2026-07-24 20:02:49,419 - INFO: [transformer] Epoch 14/20 | Global examples: 814912 | Avg Loss (last 1024 ex): 0.2093
2026-07-24 20:03:01,768 - INFO: [transformer] Epoch 14/20 | Global examples: 815936 | Avg Loss (last 1024 ex): 0.2043
2026-07-24 20:03:14,090 - INFO: [transformer] Epoch 14/20 | Global examples: 816960 | Avg Loss (last 1024 ex): 0.2088
2026-07-24 20:03:26,391 - INFO: [transformer] Epoch 14/20 | Global examples: 817984 | Avg Loss (last 1024 ex): 0.2119
2026-07-24 20:03:27,160 - INFO: [transformer] Epoch 14/20 | Global examples: 818048 | Avg Loss (last 64 ex): 0.1907
2026-07-24 20:03:29,174 - INFO: [transformer] Epoch 14 Val | Examples: 1024 | Avg Loss (last 1024 ex): 0.1799
2026-07-24 20:03:31,275 - INFO: [transformer] Epoch 14 Val | Examples: 2048 | Avg Loss (last 1024 ex): 0.1828
2026-07-24 20:03:33,432 - INFO: [transformer] Epoch 14 Val | Examples: 3072 | Avg Loss (last 1024 ex): 0.1719
2026-07-24 20:03:35,505 - INFO: [transformer] Epoch 14 Val | Examples: 4096 | Avg Loss (last 1024 ex): 0.1635
2026-07-24 20:03:37,673 - INFO: [transformer] Epoch 14 Val | Examples: 5120 | Avg Loss (last 1024 ex): 0.1716
2026-07-24 20:03:37,673 - INFO: [transformer] === Epoch 14 done | Train Loss: 0.2083 | Val Loss: 0.1748 | Time: 705.6s ===
2026-07-24 20:03:37,736 - INFO: [transformer] Model saved to ../model/transformer_epoch14.pth
2026-07-24 20:03:51,702 - INFO: [transformer] Epoch 15/20 | Global examples: 819072 | Avg Loss (last 1024 ex): 0.1854
2026-07-24 20:04:04,196 - INFO: [transformer] Epoch 15/20 | Global examples: 820096 | Avg Loss (last 1024 ex): 0.1963
2026-07-24 20:04:17,351 - INFO: [transformer] Epoch 15/20 | Global examples: 821120 | Avg Loss (last 1024 ex): 0.1877
2026-07-24 20:04:29,994 - INFO: [transformer] Epoch 15/20 | Global examples: 822144 | Avg Loss (last 1024 ex): 0.1893
2026-07-24 20:04:43,352 - INFO: [transformer] Epoch 15/20 | Global examples: 823168 | Avg Loss (last 1024 ex): 0.1921
2026-07-24 20:04:57,147 - INFO: [transformer] Epoch 15/20 | Global examples: 824192 | Avg Loss (last 1024 ex): 0.1887
2026-07-24 20:05:10,299 - INFO: [transformer] Epoch 15/20 | Global examples: 825216 | Avg Loss (last 1024 ex): 0.1940
2026-07-24 20:05:23,094 - INFO: [transformer] Epoch 15/20 | Global examples: 826240 | Avg Loss (last 1024 ex): 0.2026
2026-07-24 20:05:35,485 - INFO: [transformer] Epoch 15/20 | Global examples: 827264 | Avg Loss (last 1024 ex): 0.2101
2026-07-24 20:05:48,029 - INFO: [transformer] Epoch 15/20 | Global examples: 828288 | Avg Loss (last 1024 ex): 0.1979
2026-07-24 20:06:00,714 - INFO: [transformer] Epoch 15/20 | Global examples: 829312 | Avg Loss (last 1024 ex): 0.1923
2026-07-24 20:06:13,633 - INFO: [transformer] Epoch 15/20 | Global examples: 830336 | Avg Loss (last 1024 ex): 0.2022
2026-07-24 20:06:26,255 - INFO: [transformer] Epoch 15/20 | Global examples: 831360 | Avg Loss (last 1024 ex): 0.1921
2026-07-24 20:06:38,538 - INFO: [transformer] Epoch 15/20 | Global examples: 832384 | Avg Loss (last 1024 ex): 0.2146
2026-07-24 20:06:51,212 - INFO: [transformer] Epoch 15/20 | Global examples: 833408 | Avg Loss (last 1024 ex): 0.2043
2026-07-24 20:07:03,782 - INFO: [transformer] Epoch 15/20 | Global examples: 834432 | Avg Loss (last 1024 ex): 0.1978
2026-07-24 20:07:16,020 - INFO: [transformer] Epoch 15/20 | Global examples: 835456 | Avg Loss (last 1024 ex): 0.2072
2026-07-24 20:07:28,638 - INFO: [transformer] Epoch 15/20 | Global examples: 836480 | Avg Loss (last 1024 ex): 0.2111
2026-07-24 20:07:41,111 - INFO: [transformer] Epoch 15/20 | Global examples: 837504 | Avg Loss (last 1024 ex): 0.2082
2026-07-24 20:07:53,626 - INFO: [transformer] Epoch 15/20 | Global examples: 838528 | Avg Loss (last 1024 ex): 0.1955
2026-07-24 20:08:05,839 - INFO: [transformer] Epoch 15/20 | Global examples: 839552 | Avg Loss (last 1024 ex): 0.1879
2026-07-24 20:08:18,073 - INFO: [transformer] Epoch 15/20 | Global examples: 840576 | Avg Loss (last 1024 ex): 0.2108
2026-07-24 20:08:30,480 - INFO: [transformer] Epoch 15/20 | Global examples: 841600 | Avg Loss (last 1024 ex): 0.2063
2026-07-24 20:08:42,847 - INFO: [transformer] Epoch 15/20 | Global examples: 842624 | Avg Loss (last 1024 ex): 0.1968
2026-07-24 20:08:55,133 - INFO: [transformer] Epoch 15/20 | Global examples: 843648 | Avg Loss (last 1024 ex): 0.2090
2026-07-24 20:09:07,756 - INFO: [transformer] Epoch 15/20 | Global examples: 844672 | Avg Loss (last 1024 ex): 0.2050
2026-07-24 20:09:20,055 - INFO: [transformer] Epoch 15/20 | Global examples: 845696 | Avg Loss (last 1024 ex): 0.2141
2026-07-24 20:09:32,799 - INFO: [transformer] Epoch 15/20 | Global examples: 846720 | Avg Loss (last 1024 ex): 0.2168
2026-07-24 20:09:45,375 - INFO: [transformer] Epoch 15/20 | Global examples: 847744 | Avg Loss (last 1024 ex): 0.2222
2026-07-24 20:10:02,215 - INFO: [transformer] Epoch 15/20 | Global examples: 848768 | Avg Loss (last 1024 ex): 0.2056
2026-07-24 20:10:16,883 - INFO: [transformer] Epoch 15/20 | Global examples: 849792 | Avg Loss (last 1024 ex): 0.1911
2026-07-24 20:10:29,375 - INFO: [transformer] Epoch 15/20 | Global examples: 850816 | Avg Loss (last 1024 ex): 0.1959
2026-07-24 20:10:41,612 - INFO: [transformer] Epoch 15/20 | Global examples: 851840 | Avg Loss (last 1024 ex): 0.2048
2026-07-24 20:10:53,928 - INFO: [transformer] Epoch 15/20 | Global examples: 852864 | Avg Loss (last 1024 ex): 0.2110
2026-07-24 20:11:06,730 - INFO: [transformer] Epoch 15/20 | Global examples: 853888 | Avg Loss (last 1024 ex): 0.1980
2026-07-24 20:11:19,208 - INFO: [transformer] Epoch 15/20 | Global examples: 854912 | Avg Loss (last 1024 ex): 0.2028
2026-07-24 20:11:31,720 - INFO: [transformer] Epoch 15/20 | Global examples: 855936 | Avg Loss (last 1024 ex): 0.2106
2026-07-24 20:11:43,928 - INFO: [transformer] Epoch 15/20 | Global examples: 856960 | Avg Loss (last 1024 ex): 0.2022
2026-07-24 20:11:56,316 - INFO: [transformer] Epoch 15/20 | Global examples: 857984 | Avg Loss (last 1024 ex): 0.1973
2026-07-24 20:12:09,083 - INFO: [transformer] Epoch 15/20 | Global examples: 859008 | Avg Loss (last 1024 ex): 0.2056
2026-07-24 20:12:21,290 - INFO: [transformer] Epoch 15/20 | Global examples: 860032 | Avg Loss (last 1024 ex): 0.1986
2026-07-24 20:12:33,710 - INFO: [transformer] Epoch 15/20 | Global examples: 861056 | Avg Loss (last 1024 ex): 0.2035
2026-07-24 20:12:46,394 - INFO: [transformer] Epoch 15/20 | Global examples: 862080 | Avg Loss (last 1024 ex): 0.2037
2026-07-24 20:12:58,837 - INFO: [transformer] Epoch 15/20 | Global examples: 863104 | Avg Loss (last 1024 ex): 0.2036
2026-07-24 20:13:11,261 - INFO: [transformer] Epoch 15/20 | Global examples: 864128 | Avg Loss (last 1024 ex): 0.1905
2026-07-24 20:13:23,551 - INFO: [transformer] Epoch 15/20 | Global examples: 865152 | Avg Loss (last 1024 ex): 0.1991
2026-07-24 20:13:36,174 - INFO: [transformer] Epoch 15/20 | Global examples: 866176 | Avg Loss (last 1024 ex): 0.1982
2026-07-24 20:13:48,933 - INFO: [transformer] Epoch 15/20 | Global examples: 867200 | Avg Loss (last 1024 ex): 0.1998
2026-07-24 20:14:01,317 - INFO: [transformer] Epoch 15/20 | Global examples: 868224 | Avg Loss (last 1024 ex): 0.2092
2026-07-24 20:14:13,706 - INFO: [transformer] Epoch 15/20 | Global examples: 869248 | Avg Loss (last 1024 ex): 0.2097
2026-07-24 20:14:26,330 - INFO: [transformer] Epoch 15/20 | Global examples: 870272 | Avg Loss (last 1024 ex): 0.1973
2026-07-24 20:14:38,908 - INFO: [transformer] Epoch 15/20 | Global examples: 871296 | Avg Loss (last 1024 ex): 0.1962
2026-07-24 20:14:51,422 - INFO: [transformer] Epoch 15/20 | Global examples: 872320 | Avg Loss (last 1024 ex): 0.1864
2026-07-24 20:15:04,046 - INFO: [transformer] Epoch 15/20 | Global examples: 873344 | Avg Loss (last 1024 ex): 0.1980
2026-07-24 20:15:16,446 - INFO: [transformer] Epoch 15/20 | Global examples: 874368 | Avg Loss (last 1024 ex): 0.1989
2026-07-24 20:15:29,064 - INFO: [transformer] Epoch 15/20 | Global examples: 875392 | Avg Loss (last 1024 ex): 0.1892
2026-07-24 20:15:41,415 - INFO: [transformer] Epoch 15/20 | Global examples: 876416 | Avg Loss (last 1024 ex): 0.1863
2026-07-24 20:15:42,258 - INFO: [transformer] Epoch 15/20 | Global examples: 876480 | Avg Loss (last 64 ex): 0.2235
2026-07-24 20:15:44,327 - INFO: [transformer] Epoch 15 Val | Examples: 1024 | Avg Loss (last 1024 ex): 0.1733
2026-07-24 20:15:46,407 - INFO: [transformer] Epoch 15 Val | Examples: 2048 | Avg Loss (last 1024 ex): 0.1748
2026-07-24 20:15:48,402 - INFO: [transformer] Epoch 15 Val | Examples: 3072 | Avg Loss (last 1024 ex): 0.1639
2026-07-24 20:15:50,387 - INFO: [transformer] Epoch 15 Val | Examples: 4096 | Avg Loss (last 1024 ex): 0.1638
2026-07-24 20:15:52,406 - INFO: [transformer] Epoch 15 Val | Examples: 5120 | Avg Loss (last 1024 ex): 0.1723
2026-07-24 20:15:52,406 - INFO: [transformer] === Epoch 15 done | Train Loss: 0.2006 | Val Loss: 0.1696 | Time: 724.5s ===
2026-07-24 20:15:52,470 - INFO: [transformer] Model saved to ../model/transformer_epoch15.pth
2026-07-24 20:16:05,243 - INFO: [transformer] Epoch 16/20 | Global examples: 877504 | Avg Loss (last 1024 ex): 0.1725
2026-07-24 20:16:20,026 - INFO: [transformer] Epoch 16/20 | Global examples: 878528 | Avg Loss (last 1024 ex): 0.1904
2026-07-24 20:16:33,455 - INFO: [transformer] Epoch 16/20 | Global examples: 879552 | Avg Loss (last 1024 ex): 0.1921
2026-07-24 20:16:46,057 - INFO: [transformer] Epoch 16/20 | Global examples: 880576 | Avg Loss (last 1024 ex): 0.1711
2026-07-24 20:16:58,688 - INFO: [transformer] Epoch 16/20 | Global examples: 881600 | Avg Loss (last 1024 ex): 0.1861
2026-07-24 20:17:11,887 - INFO: [transformer] Epoch 16/20 | Global examples: 882624 | Avg Loss (last 1024 ex): 0.1801
2026-07-24 20:17:24,798 - INFO: [transformer] Epoch 16/20 | Global examples: 883648 | Avg Loss (last 1024 ex): 0.1903
2026-07-24 20:17:37,400 - INFO: [transformer] Epoch 16/20 | Global examples: 884672 | Avg Loss (last 1024 ex): 0.1903
2026-07-24 20:17:49,922 - INFO: [transformer] Epoch 16/20 | Global examples: 885696 | Avg Loss (last 1024 ex): 0.1940
2026-07-24 20:18:02,718 - INFO: [transformer] Epoch 16/20 | Global examples: 886720 | Avg Loss (last 1024 ex): 0.2035
2026-07-24 20:18:15,248 - INFO: [transformer] Epoch 16/20 | Global examples: 887744 | Avg Loss (last 1024 ex): 0.1995
2026-07-24 20:18:27,616 - INFO: [transformer] Epoch 16/20 | Global examples: 888768 | Avg Loss (last 1024 ex): 0.2017
2026-07-24 20:18:40,199 - INFO: [transformer] Epoch 16/20 | Global examples: 889792 | Avg Loss (last 1024 ex): 0.1981
2026-07-24 20:18:53,020 - INFO: [transformer] Epoch 16/20 | Global examples: 890816 | Avg Loss (last 1024 ex): 0.1869
2026-07-24 20:19:06,192 - INFO: [transformer] Epoch 16/20 | Global examples: 891840 | Avg Loss (last 1024 ex): 0.1930
2026-07-24 20:19:18,643 - INFO: [transformer] Epoch 16/20 | Global examples: 892864 | Avg Loss (last 1024 ex): 0.1986
2026-07-24 20:19:31,170 - INFO: [transformer] Epoch 16/20 | Global examples: 893888 | Avg Loss (last 1024 ex): 0.1953
2026-07-24 20:19:44,166 - INFO: [transformer] Epoch 16/20 | Global examples: 894912 | Avg Loss (last 1024 ex): 0.1991
2026-07-24 20:19:56,604 - INFO: [transformer] Epoch 16/20 | Global examples: 895936 | Avg Loss (last 1024 ex): 0.1968
2026-07-24 20:20:09,287 - INFO: [transformer] Epoch 16/20 | Global examples: 896960 | Avg Loss (last 1024 ex): 0.1996
2026-07-24 20:20:22,020 - INFO: [transformer] Epoch 16/20 | Global examples: 897984 | Avg Loss (last 1024 ex): 0.2057
2026-07-24 20:20:34,461 - INFO: [transformer] Epoch 16/20 | Global examples: 899008 | Avg Loss (last 1024 ex): 0.1910
2026-07-24 20:20:47,064 - INFO: [transformer] Epoch 16/20 | Global examples: 900032 | Avg Loss (last 1024 ex): 0.2175
2026-07-24 20:20:59,531 - INFO: [transformer] Epoch 16/20 | Global examples: 901056 | Avg Loss (last 1024 ex): 0.2031
2026-07-24 20:21:12,101 - INFO: [transformer] Epoch 16/20 | Global examples: 902080 | Avg Loss (last 1024 ex): 0.1914
2026-07-24 20:21:24,808 - INFO: [transformer] Epoch 16/20 | Global examples: 903104 | Avg Loss (last 1024 ex): 0.2069
2026-07-24 20:21:37,364 - INFO: [transformer] Epoch 16/20 | Global examples: 904128 | Avg Loss (last 1024 ex): 0.2004
2026-07-24 20:21:49,941 - INFO: [transformer] Epoch 16/20 | Global examples: 905152 | Avg Loss (last 1024 ex): 0.2038
2026-07-24 20:22:02,693 - INFO: [transformer] Epoch 16/20 | Global examples: 906176 | Avg Loss (last 1024 ex): 0.1957
2026-07-24 20:22:15,237 - INFO: [transformer] Epoch 16/20 | Global examples: 907200 | Avg Loss (last 1024 ex): 0.2019
2026-07-24 20:22:27,856 - INFO: [transformer] Epoch 16/20 | Global examples: 908224 | Avg Loss (last 1024 ex): 0.1984
2026-07-24 20:22:40,385 - INFO: [transformer] Epoch 16/20 | Global examples: 909248 | Avg Loss (last 1024 ex): 0.1911
2026-07-24 20:22:52,745 - INFO: [transformer] Epoch 16/20 | Global examples: 910272 | Avg Loss (last 1024 ex): 0.2009
2026-07-24 20:23:05,477 - INFO: [transformer] Epoch 16/20 | Global examples: 911296 | Avg Loss (last 1024 ex): 0.2058
2026-07-24 20:23:18,029 - INFO: [transformer] Epoch 16/20 | Global examples: 912320 | Avg Loss (last 1024 ex): 0.2086
2026-07-24 20:23:30,682 - INFO: [transformer] Epoch 16/20 | Global examples: 913344 | Avg Loss (last 1024 ex): 0.1889
2026-07-24 20:23:42,950 - INFO: [transformer] Epoch 16/20 | Global examples: 914368 | Avg Loss (last 1024 ex): 0.1892
2026-07-24 20:23:55,608 - INFO: [transformer] Epoch 16/20 | Global examples: 915392 | Avg Loss (last 1024 ex): 0.2072
2026-07-24 20:24:08,323 - INFO: [transformer] Epoch 16/20 | Global examples: 916416 | Avg Loss (last 1024 ex): 0.2070
2026-07-24 20:24:20,977 - INFO: [transformer] Epoch 16/20 | Global examples: 917440 | Avg Loss (last 1024 ex): 0.2087
2026-07-24 20:24:33,355 - INFO: [transformer] Epoch 16/20 | Global examples: 918464 | Avg Loss (last 1024 ex): 0.2128
2026-07-24 20:24:46,263 - INFO: [transformer] Epoch 16/20 | Global examples: 919488 | Avg Loss (last 1024 ex): 0.2028
2026-07-24 20:24:59,138 - INFO: [transformer] Epoch 16/20 | Global examples: 920512 | Avg Loss (last 1024 ex): 0.1874
2026-07-24 20:25:11,484 - INFO: [transformer] Epoch 16/20 | Global examples: 921536 | Avg Loss (last 1024 ex): 0.1830
2026-07-24 20:25:23,866 - INFO: [transformer] Epoch 16/20 | Global examples: 922560 | Avg Loss (last 1024 ex): 0.2087
2026-07-24 20:25:36,375 - INFO: [transformer] Epoch 16/20 | Global examples: 923584 | Avg Loss (last 1024 ex): 0.1868
2026-07-24 20:25:48,961 - INFO: [transformer] Epoch 16/20 | Global examples: 924608 | Avg Loss (last 1024 ex): 0.1957
2026-07-24 20:26:01,582 - INFO: [transformer] Epoch 16/20 | Global examples: 925632 | Avg Loss (last 1024 ex): 0.2100
2026-07-24 20:26:14,149 - INFO: [transformer] Epoch 16/20 | Global examples: 926656 | Avg Loss (last 1024 ex): 0.2061
2026-07-24 20:26:26,766 - INFO: [transformer] Epoch 16/20 | Global examples: 927680 | Avg Loss (last 1024 ex): 0.1925
2026-07-24 20:26:39,431 - INFO: [transformer] Epoch 16/20 | Global examples: 928704 | Avg Loss (last 1024 ex): 0.2002
2026-07-24 20:26:51,831 - INFO: [transformer] Epoch 16/20 | Global examples: 929728 | Avg Loss (last 1024 ex): 0.1922
2026-07-24 20:27:04,543 - INFO: [transformer] Epoch 16/20 | Global examples: 930752 | Avg Loss (last 1024 ex): 0.1937
2026-07-24 20:27:17,316 - INFO: [transformer] Epoch 16/20 | Global examples: 931776 | Avg Loss (last 1024 ex): 0.2007
2026-07-24 20:27:29,902 - INFO: [transformer] Epoch 16/20 | Global examples: 932800 | Avg Loss (last 1024 ex): 0.2125
2026-07-24 20:27:42,461 - INFO: [transformer] Epoch 16/20 | Global examples: 933824 | Avg Loss (last 1024 ex): 0.1924
2026-07-24 20:27:54,934 - INFO: [transformer] Epoch 16/20 | Global examples: 934848 | Avg Loss (last 1024 ex): 0.1965
2026-07-24 20:27:55,708 - INFO: [transformer] Epoch 16/20 | Global examples: 934912 | Avg Loss (last 64 ex): 0.1617
2026-07-24 20:27:57,929 - INFO: [transformer] Epoch 16 Val | Examples: 1024 | Avg Loss (last 1024 ex): 0.1773
2026-07-24 20:27:59,961 - INFO: [transformer] Epoch 16 Val | Examples: 2048 | Avg Loss (last 1024 ex): 0.1686
2026-07-24 20:28:01,942 - INFO: [transformer] Epoch 16 Val | Examples: 3072 | Avg Loss (last 1024 ex): 0.1653
2026-07-24 20:28:03,905 - INFO: [transformer] Epoch 16 Val | Examples: 4096 | Avg Loss (last 1024 ex): 0.1667
2026-07-24 20:28:05,835 - INFO: [transformer] Epoch 16 Val | Examples: 5120 | Avg Loss (last 1024 ex): 0.1645
2026-07-24 20:28:05,835 - INFO: [transformer] === Epoch 16 done | Train Loss: 0.1971 | Val Loss: 0.1670 | Time: 723.2s ===
2026-07-24 20:28:05,890 - INFO: [transformer] Model saved to ../model/transformer_epoch16.pth
2026-07-24 20:28:17,949 - INFO: [transformer] Epoch 17/20 | Global examples: 935936 | Avg Loss (last 1024 ex): 0.1828
2026-07-24 20:28:30,025 - INFO: [transformer] Epoch 17/20 | Global examples: 936960 | Avg Loss (last 1024 ex): 0.1930
2026-07-24 20:28:42,152 - INFO: [transformer] Epoch 17/20 | Global examples: 937984 | Avg Loss (last 1024 ex): 0.1816
2026-07-24 20:28:54,193 - INFO: [transformer] Epoch 17/20 | Global examples: 939008 | Avg Loss (last 1024 ex): 0.1924
2026-07-24 20:29:06,396 - INFO: [transformer] Epoch 17/20 | Global examples: 940032 | Avg Loss (last 1024 ex): 0.1963
2026-07-24 20:29:18,563 - INFO: [transformer] Epoch 17/20 | Global examples: 941056 | Avg Loss (last 1024 ex): 0.1855
2026-07-24 20:29:30,511 - INFO: [transformer] Epoch 17/20 | Global examples: 942080 | Avg Loss (last 1024 ex): 0.1908
2026-07-24 20:29:42,315 - INFO: [transformer] Epoch 17/20 | Global examples: 943104 | Avg Loss (last 1024 ex): 0.1834
2026-07-24 20:29:54,255 - INFO: [transformer] Epoch 17/20 | Global examples: 944128 | Avg Loss (last 1024 ex): 0.1903
2026-07-24 20:30:06,172 - INFO: [transformer] Epoch 17/20 | Global examples: 945152 | Avg Loss (last 1024 ex): 0.1946
2026-07-24 20:30:18,201 - INFO: [transformer] Epoch 17/20 | Global examples: 946176 | Avg Loss (last 1024 ex): 0.1938
2026-07-24 20:30:30,145 - INFO: [transformer] Epoch 17/20 | Global examples: 947200 | Avg Loss (last 1024 ex): 0.1941
2026-07-24 20:30:42,047 - INFO: [transformer] Epoch 17/20 | Global examples: 948224 | Avg Loss (last 1024 ex): 0.1990
2026-07-24 20:30:54,078 - INFO: [transformer] Epoch 17/20 | Global examples: 949248 | Avg Loss (last 1024 ex): 0.1868
2026-07-24 20:31:06,123 - INFO: [transformer] Epoch 17/20 | Global examples: 950272 | Avg Loss (last 1024 ex): 0.1889
2026-07-24 20:31:18,149 - INFO: [transformer] Epoch 17/20 | Global examples: 951296 | Avg Loss (last 1024 ex): 0.1916
2026-07-24 20:31:30,291 - INFO: [transformer] Epoch 17/20 | Global examples: 952320 | Avg Loss (last 1024 ex): 0.1863
2026-07-24 20:31:42,832 - INFO: [transformer] Epoch 17/20 | Global examples: 953344 | Avg Loss (last 1024 ex): 0.1959
2026-07-24 20:31:54,909 - INFO: [transformer] Epoch 17/20 | Global examples: 954368 | Avg Loss (last 1024 ex): 0.1902
2026-07-24 20:32:06,800 - INFO: [transformer] Epoch 17/20 | Global examples: 955392 | Avg Loss (last 1024 ex): 0.1888
2026-07-24 20:32:18,985 - INFO: [transformer] Epoch 17/20 | Global examples: 956416 | Avg Loss (last 1024 ex): 0.1927
2026-07-24 20:32:30,748 - INFO: [transformer] Epoch 17/20 | Global examples: 957440 | Avg Loss (last 1024 ex): 0.1725
2026-07-24 20:32:42,591 - INFO: [transformer] Epoch 17/20 | Global examples: 958464 | Avg Loss (last 1024 ex): 0.1938
2026-07-24 20:32:54,575 - INFO: [transformer] Epoch 17/20 | Global examples: 959488 | Avg Loss (last 1024 ex): 0.1847
2026-07-24 20:33:06,499 - INFO: [transformer] Epoch 17/20 | Global examples: 960512 | Avg Loss (last 1024 ex): 0.1973
2026-07-24 20:33:18,322 - INFO: [transformer] Epoch 17/20 | Global examples: 961536 | Avg Loss (last 1024 ex): 0.1892
2026-07-24 20:33:30,238 - INFO: [transformer] Epoch 17/20 | Global examples: 962560 | Avg Loss (last 1024 ex): 0.1883
2026-07-24 20:33:42,215 - INFO: [transformer] Epoch 17/20 | Global examples: 963584 | Avg Loss (last 1024 ex): 0.1937
2026-07-24 20:33:53,945 - INFO: [transformer] Epoch 17/20 | Global examples: 964608 | Avg Loss (last 1024 ex): 0.1919
2026-07-24 20:34:05,740 - INFO: [transformer] Epoch 17/20 | Global examples: 965632 | Avg Loss (last 1024 ex): 0.1861
2026-07-24 20:34:17,458 - INFO: [transformer] Epoch 17/20 | Global examples: 966656 | Avg Loss (last 1024 ex): 0.1991
2026-07-24 20:34:29,450 - INFO: [transformer] Epoch 17/20 | Global examples: 967680 | Avg Loss (last 1024 ex): 0.1864
2026-07-24 20:34:41,659 - INFO: [transformer] Epoch 17/20 | Global examples: 968704 | Avg Loss (last 1024 ex): 0.1802
2026-07-24 20:34:53,282 - INFO: [transformer] Epoch 17/20 | Global examples: 969728 | Avg Loss (last 1024 ex): 0.1954
2026-07-24 20:35:05,350 - INFO: [transformer] Epoch 17/20 | Global examples: 970752 | Avg Loss (last 1024 ex): 0.1870
2026-07-24 20:35:17,374 - INFO: [transformer] Epoch 17/20 | Global examples: 971776 | Avg Loss (last 1024 ex): 0.1813
2026-07-24 20:35:29,273 - INFO: [transformer] Epoch 17/20 | Global examples: 972800 | Avg Loss (last 1024 ex): 0.1896
2026-07-24 20:35:41,176 - INFO: [transformer] Epoch 17/20 | Global examples: 973824 | Avg Loss (last 1024 ex): 0.1979
2026-07-24 20:35:52,999 - INFO: [transformer] Epoch 17/20 | Global examples: 974848 | Avg Loss (last 1024 ex): 0.1811
2026-07-24 20:36:04,758 - INFO: [transformer] Epoch 17/20 | Global examples: 975872 | Avg Loss (last 1024 ex): 0.1878
2026-07-24 20:36:16,803 - INFO: [transformer] Epoch 17/20 | Global examples: 976896 | Avg Loss (last 1024 ex): 0.1978
2026-07-24 20:36:28,560 - INFO: [transformer] Epoch 17/20 | Global examples: 977920 | Avg Loss (last 1024 ex): 0.1808
2026-07-24 20:36:40,427 - INFO: [transformer] Epoch 17/20 | Global examples: 978944 | Avg Loss (last 1024 ex): 0.1984
2026-07-24 20:36:52,504 - INFO: [transformer] Epoch 17/20 | Global examples: 979968 | Avg Loss (last 1024 ex): 0.1939
2026-07-24 20:37:04,366 - INFO: [transformer] Epoch 17/20 | Global examples: 980992 | Avg Loss (last 1024 ex): 0.1804
2026-07-24 20:37:16,132 - INFO: [transformer] Epoch 17/20 | Global examples: 982016 | Avg Loss (last 1024 ex): 0.1870
2026-07-24 20:37:28,016 - INFO: [transformer] Epoch 17/20 | Global examples: 983040 | Avg Loss (last 1024 ex): 0.1970
2026-07-24 20:37:39,878 - INFO: [transformer] Epoch 17/20 | Global examples: 984064 | Avg Loss (last 1024 ex): 0.1793
2026-07-24 20:37:51,879 - INFO: [transformer] Epoch 17/20 | Global examples: 985088 | Avg Loss (last 1024 ex): 0.1934
2026-07-24 20:38:03,909 - INFO: [transformer] Epoch 17/20 | Global examples: 986112 | Avg Loss (last 1024 ex): 0.1952
2026-07-24 20:38:15,639 - INFO: [transformer] Epoch 17/20 | Global examples: 987136 | Avg Loss (last 1024 ex): 0.1942
2026-07-24 20:38:27,439 - INFO: [transformer] Epoch 17/20 | Global examples: 988160 | Avg Loss (last 1024 ex): 0.1941
2026-07-24 20:38:39,500 - INFO: [transformer] Epoch 17/20 | Global examples: 989184 | Avg Loss (last 1024 ex): 0.1879
2026-07-24 20:38:51,347 - INFO: [transformer] Epoch 17/20 | Global examples: 990208 | Avg Loss (last 1024 ex): 0.1921
2026-07-24 20:39:03,146 - INFO: [transformer] Epoch 17/20 | Global examples: 991232 | Avg Loss (last 1024 ex): 0.2019
2026-07-24 20:39:15,127 - INFO: [transformer] Epoch 17/20 | Global examples: 992256 | Avg Loss (last 1024 ex): 0.2081
2026-07-24 20:39:26,777 - INFO: [transformer] Epoch 17/20 | Global examples: 993280 | Avg Loss (last 1024 ex): 0.1914
2026-07-24 20:39:27,535 - INFO: [transformer] Epoch 17/20 | Global examples: 993344 | Avg Loss (last 64 ex): 0.1957
2026-07-24 20:39:29,531 - INFO: [transformer] Epoch 17 Val | Examples: 1024 | Avg Loss (last 1024 ex): 0.1736
2026-07-24 20:39:31,534 - INFO: [transformer] Epoch 17 Val | Examples: 2048 | Avg Loss (last 1024 ex): 0.1763
2026-07-24 20:39:33,510 - INFO: [transformer] Epoch 17 Val | Examples: 3072 | Avg Loss (last 1024 ex): 0.1706
2026-07-24 20:39:35,499 - INFO: [transformer] Epoch 17 Val | Examples: 4096 | Avg Loss (last 1024 ex): 0.1580
2026-07-24 20:39:37,487 - INFO: [transformer] Epoch 17 Val | Examples: 5120 | Avg Loss (last 1024 ex): 0.1671
2026-07-24 20:39:37,487 - INFO: [transformer] === Epoch 17 done | Train Loss: 0.1904 | Val Loss: 0.1609 | Time: 681.6s ===
2026-07-24 20:39:37,550 - INFO: [transformer] Model saved to ../model/transformer_epoch17.pth
2026-07-24 20:39:49,575 - INFO: [transformer] Epoch 18/20 | Global examples: 994368 | Avg Loss (last 1024 ex): 0.1658
2026-07-24 20:40:01,499 - INFO: [transformer] Epoch 18/20 | Global examples: 995392 | Avg Loss (last 1024 ex): 0.1706
2026-07-24 20:40:13,372 - INFO: [transformer] Epoch 18/20 | Global examples: 996416 | Avg Loss (last 1024 ex): 0.1627
2026-07-24 20:40:25,268 - INFO: [transformer] Epoch 18/20 | Global examples: 997440 | Avg Loss (last 1024 ex): 0.1798
2026-07-24 20:40:37,313 - INFO: [transformer] Epoch 18/20 | Global examples: 998464 | Avg Loss (last 1024 ex): 0.1803
2026-07-24 20:40:48,942 - INFO: [transformer] Epoch 18/20 | Global examples: 999488 | Avg Loss (last 1024 ex): 0.1779
2026-07-24 20:41:00,636 - INFO: [transformer] Epoch 18/20 | Global examples: 1000512 | Avg Loss (last 1024 ex): 0.1973
2026-07-24 20:41:12,559 - INFO: [transformer] Epoch 18/20 | Global examples: 1001536 | Avg Loss (last 1024 ex): 0.1719
2026-07-24 20:41:24,546 - INFO: [transformer] Epoch 18/20 | Global examples: 1002560 | Avg Loss (last 1024 ex): 0.1969
2026-07-24 20:41:36,415 - INFO: [transformer] Epoch 18/20 | Global examples: 1003584 | Avg Loss (last 1024 ex): 0.1773
2026-07-24 20:41:48,146 - INFO: [transformer] Epoch 18/20 | Global examples: 1004608 | Avg Loss (last 1024 ex): 0.1791
2026-07-24 20:42:00,320 - INFO: [transformer] Epoch 18/20 | Global examples: 1005632 | Avg Loss (last 1024 ex): 0.1959
2026-07-24 20:42:12,314 - INFO: [transformer] Epoch 18/20 | Global examples: 1006656 | Avg Loss (last 1024 ex): 0.1788
2026-07-24 20:42:24,178 - INFO: [transformer] Epoch 18/20 | Global examples: 1007680 | Avg Loss (last 1024 ex): 0.1792
2026-07-24 20:42:36,189 - INFO: [transformer] Epoch 18/20 | Global examples: 1008704 | Avg Loss (last 1024 ex): 0.1896
2026-07-24 20:42:48,079 - INFO: [transformer] Epoch 18/20 | Global examples: 1009728 | Avg Loss (last 1024 ex): 0.1941
2026-07-24 20:42:59,721 - INFO: [transformer] Epoch 18/20 | Global examples: 1010752 | Avg Loss (last 1024 ex): 0.1774
2026-07-24 20:43:11,543 - INFO: [transformer] Epoch 18/20 | Global examples: 1011776 | Avg Loss (last 1024 ex): 0.1944
2026-07-24 20:43:23,439 - INFO: [transformer] Epoch 18/20 | Global examples: 1012800 | Avg Loss (last 1024 ex): 0.1767
2026-07-24 20:43:35,276 - INFO: [transformer] Epoch 18/20 | Global examples: 1013824 | Avg Loss (last 1024 ex): 0.1826
2026-07-24 20:43:46,959 - INFO: [transformer] Epoch 18/20 | Global examples: 1014848 | Avg Loss (last 1024 ex): 0.1932
2026-07-24 20:43:58,793 - INFO: [transformer] Epoch 18/20 | Global examples: 1015872 | Avg Loss (last 1024 ex): 0.2058
2026-07-24 20:44:10,739 - INFO: [transformer] Epoch 18/20 | Global examples: 1016896 | Avg Loss (last 1024 ex): 0.1868
2026-07-24 20:44:22,592 - INFO: [transformer] Epoch 18/20 | Global examples: 1017920 | Avg Loss (last 1024 ex): 0.1890
2026-07-24 20:44:34,677 - INFO: [transformer] Epoch 18/20 | Global examples: 1018944 | Avg Loss (last 1024 ex): 0.1922
2026-07-24 20:44:46,572 - INFO: [transformer] Epoch 18/20 | Global examples: 1019968 | Avg Loss (last 1024 ex): 0.1815
2026-07-24 20:44:58,679 - INFO: [transformer] Epoch 18/20 | Global examples: 1020992 | Avg Loss (last 1024 ex): 0.1778
2026-07-24 20:45:10,501 - INFO: [transformer] Epoch 18/20 | Global examples: 1022016 | Avg Loss (last 1024 ex): 0.1933
2026-07-24 20:45:22,209 - INFO: [transformer] Epoch 18/20 | Global examples: 1023040 | Avg Loss (last 1024 ex): 0.1876
2026-07-24 20:45:34,282 - INFO: [transformer] Epoch 18/20 | Global examples: 1024064 | Avg Loss (last 1024 ex): 0.1891
2026-07-24 20:45:46,188 - INFO: [transformer] Epoch 18/20 | Global examples: 1025088 | Avg Loss (last 1024 ex): 0.1928
2026-07-24 20:45:58,065 - INFO: [transformer] Epoch 18/20 | Global examples: 1026112 | Avg Loss (last 1024 ex): 0.1852
2026-07-24 20:46:09,844 - INFO: [transformer] Epoch 18/20 | Global examples: 1027136 | Avg Loss (last 1024 ex): 0.1856
2026-07-24 20:46:21,880 - INFO: [transformer] Epoch 18/20 | Global examples: 1028160 | Avg Loss (last 1024 ex): 0.1878
2026-07-24 20:46:34,115 - INFO: [transformer] Epoch 18/20 | Global examples: 1029184 | Avg Loss (last 1024 ex): 0.1962
2026-07-24 20:46:45,932 - INFO: [transformer] Epoch 18/20 | Global examples: 1030208 | Avg Loss (last 1024 ex): 0.1753
2026-07-24 20:46:57,787 - INFO: [transformer] Epoch 18/20 | Global examples: 1031232 | Avg Loss (last 1024 ex): 0.1858
2026-07-24 20:47:09,756 - INFO: [transformer] Epoch 18/20 | Global examples: 1032256 | Avg Loss (last 1024 ex): 0.1757
2026-07-24 20:47:21,696 - INFO: [transformer] Epoch 18/20 | Global examples: 1033280 | Avg Loss (last 1024 ex): 0.1930
2026-07-24 20:47:33,476 - INFO: [transformer] Epoch 18/20 | Global examples: 1034304 | Avg Loss (last 1024 ex): 0.1784
2026-07-24 20:47:45,353 - INFO: [transformer] Epoch 18/20 | Global examples: 1035328 | Avg Loss (last 1024 ex): 0.1799
2026-07-24 20:47:57,087 - INFO: [transformer] Epoch 18/20 | Global examples: 1036352 | Avg Loss (last 1024 ex): 0.1855
2026-07-24 20:48:09,110 - INFO: [transformer] Epoch 18/20 | Global examples: 1037376 | Avg Loss (last 1024 ex): 0.1948
2026-07-24 20:48:20,929 - INFO: [transformer] Epoch 18/20 | Global examples: 1038400 | Avg Loss (last 1024 ex): 0.1818
2026-07-24 20:48:32,830 - INFO: [transformer] Epoch 18/20 | Global examples: 1039424 | Avg Loss (last 1024 ex): 0.1980
2026-07-24 20:48:44,916 - INFO: [transformer] Epoch 18/20 | Global examples: 1040448 | Avg Loss (last 1024 ex): 0.1898
2026-07-24 20:48:56,627 - INFO: [transformer] Epoch 18/20 | Global examples: 1041472 | Avg Loss (last 1024 ex): 0.1866
2026-07-24 20:49:08,519 - INFO: [transformer] Epoch 18/20 | Global examples: 1042496 | Avg Loss (last 1024 ex): 0.1893
2026-07-24 20:49:20,370 - INFO: [transformer] Epoch 18/20 | Global examples: 1043520 | Avg Loss (last 1024 ex): 0.1905
2026-07-24 20:49:32,215 - INFO: [transformer] Epoch 18/20 | Global examples: 1044544 | Avg Loss (last 1024 ex): 0.1791
2026-07-24 20:49:43,987 - INFO: [transformer] Epoch 18/20 | Global examples: 1045568 | Avg Loss (last 1024 ex): 0.1881
2026-07-24 20:49:55,869 - INFO: [transformer] Epoch 18/20 | Global examples: 1046592 | Avg Loss (last 1024 ex): 0.1863
2026-07-24 20:50:07,832 - INFO: [transformer] Epoch 18/20 | Global examples: 1047616 | Avg Loss (last 1024 ex): 0.1861
2026-07-24 20:50:19,492 - INFO: [transformer] Epoch 18/20 | Global examples: 1048640 | Avg Loss (last 1024 ex): 0.1817
2026-07-24 20:50:31,442 - INFO: [transformer] Epoch 18/20 | Global examples: 1049664 | Avg Loss (last 1024 ex): 0.1765
2026-07-24 20:50:43,198 - INFO: [transformer] Epoch 18/20 | Global examples: 1050688 | Avg Loss (last 1024 ex): 0.1835
2026-07-24 20:50:55,270 - INFO: [transformer] Epoch 18/20 | Global examples: 1051712 | Avg Loss (last 1024 ex): 0.1986
2026-07-24 20:50:56,042 - INFO: [transformer] Epoch 18/20 | Global examples: 1051776 | Avg Loss (last 64 ex): 0.1977
2026-07-24 20:50:58,031 - INFO: [transformer] Epoch 18 Val | Examples: 1024 | Avg Loss (last 1024 ex): 0.1644
2026-07-24 20:50:59,970 - INFO: [transformer] Epoch 18 Val | Examples: 2048 | Avg Loss (last 1024 ex): 0.1671
2026-07-24 20:51:01,982 - INFO: [transformer] Epoch 18 Val | Examples: 3072 | Avg Loss (last 1024 ex): 0.1612
2026-07-24 20:51:04,014 - INFO: [transformer] Epoch 18 Val | Examples: 4096 | Avg Loss (last 1024 ex): 0.1657
2026-07-24 20:51:05,992 - INFO: [transformer] Epoch 18 Val | Examples: 5120 | Avg Loss (last 1024 ex): 0.1629
2026-07-24 20:51:05,992 - INFO: [transformer] === Epoch 18 done | Train Loss: 0.1852 | Val Loss: 0.1616 | Time: 678.5s ===
2026-07-24 20:51:06,052 - INFO: [transformer] Model saved to ../model/transformer_epoch18.pth
2026-07-24 20:51:18,014 - INFO: [transformer] Epoch 19/20 | Global examples: 1052800 | Avg Loss (last 1024 ex): 0.1761
2026-07-24 20:51:30,066 - INFO: [transformer] Epoch 19/20 | Global examples: 1053824 | Avg Loss (last 1024 ex): 0.1658
2026-07-24 20:51:42,044 - INFO: [transformer] Epoch 19/20 | Global examples: 1054848 | Avg Loss (last 1024 ex): 0.1730
2026-07-24 20:51:54,065 - INFO: [transformer] Epoch 19/20 | Global examples: 1055872 | Avg Loss (last 1024 ex): 0.1714
2026-07-24 20:52:05,826 - INFO: [transformer] Epoch 19/20 | Global examples: 1056896 | Avg Loss (last 1024 ex): 0.1822
2026-07-24 20:52:17,829 - INFO: [transformer] Epoch 19/20 | Global examples: 1057920 | Avg Loss (last 1024 ex): 0.1753
2026-07-24 20:52:29,920 - INFO: [transformer] Epoch 19/20 | Global examples: 1058944 | Avg Loss (last 1024 ex): 0.1721
2026-07-24 20:52:41,868 - INFO: [transformer] Epoch 19/20 | Global examples: 1059968 | Avg Loss (last 1024 ex): 0.1837
2026-07-24 20:52:53,945 - INFO: [transformer] Epoch 19/20 | Global examples: 1060992 | Avg Loss (last 1024 ex): 0.1708
2026-07-24 20:53:05,880 - INFO: [transformer] Epoch 19/20 | Global examples: 1062016 | Avg Loss (last 1024 ex): 0.1844
2026-07-24 20:53:17,678 - INFO: [transformer] Epoch 19/20 | Global examples: 1063040 | Avg Loss (last 1024 ex): 0.1777
2026-07-24 20:53:29,853 - INFO: [transformer] Epoch 19/20 | Global examples: 1064064 | Avg Loss (last 1024 ex): 0.1848
2026-07-24 20:53:41,812 - INFO: [transformer] Epoch 19/20 | Global examples: 1065088 | Avg Loss (last 1024 ex): 0.1760
2026-07-24 20:53:53,640 - INFO: [transformer] Epoch 19/20 | Global examples: 1066112 | Avg Loss (last 1024 ex): 0.1728
2026-07-24 20:54:05,739 - INFO: [transformer] Epoch 19/20 | Global examples: 1067136 | Avg Loss (last 1024 ex): 0.1819
2026-07-24 20:54:17,666 - INFO: [transformer] Epoch 19/20 | Global examples: 1068160 | Avg Loss (last 1024 ex): 0.1788
2026-07-24 20:54:29,524 - INFO: [transformer] Epoch 19/20 | Global examples: 1069184 | Avg Loss (last 1024 ex): 0.1849
2026-07-24 20:54:41,584 - INFO: [transformer] Epoch 19/20 | Global examples: 1070208 | Avg Loss (last 1024 ex): 0.1785
2026-07-24 20:54:53,622 - INFO: [transformer] Epoch 19/20 | Global examples: 1071232 | Avg Loss (last 1024 ex): 0.1717
2026-07-24 20:55:05,669 - INFO: [transformer] Epoch 19/20 | Global examples: 1072256 | Avg Loss (last 1024 ex): 0.1814
2026-07-24 20:55:17,519 - INFO: [transformer] Epoch 19/20 | Global examples: 1073280 | Avg Loss (last 1024 ex): 0.1832
2026-07-24 20:55:29,429 - INFO: [transformer] Epoch 19/20 | Global examples: 1074304 | Avg Loss (last 1024 ex): 0.1834
2026-07-24 20:55:41,300 - INFO: [transformer] Epoch 19/20 | Global examples: 1075328 | Avg Loss (last 1024 ex): 0.1797
2026-07-24 20:55:53,230 - INFO: [transformer] Epoch 19/20 | Global examples: 1076352 | Avg Loss (last 1024 ex): 0.1858
2026-07-24 20:56:05,237 - INFO: [transformer] Epoch 19/20 | Global examples: 1077376 | Avg Loss (last 1024 ex): 0.1839
2026-07-24 20:56:17,072 - INFO: [transformer] Epoch 19/20 | Global examples: 1078400 | Avg Loss (last 1024 ex): 0.1801
2026-07-24 20:56:28,947 - INFO: [transformer] Epoch 19/20 | Global examples: 1079424 | Avg Loss (last 1024 ex): 0.1815
2026-07-24 20:56:41,186 - INFO: [transformer] Epoch 19/20 | Global examples: 1080448 | Avg Loss (last 1024 ex): 0.1814
2026-07-24 20:56:53,428 - INFO: [transformer] Epoch 19/20 | Global examples: 1081472 | Avg Loss (last 1024 ex): 0.1705
2026-07-24 20:57:05,595 - INFO: [transformer] Epoch 19/20 | Global examples: 1082496 | Avg Loss (last 1024 ex): 0.1846
2026-07-24 20:57:17,477 - INFO: [transformer] Epoch 19/20 | Global examples: 1083520 | Avg Loss (last 1024 ex): 0.1804
2026-07-24 20:57:29,751 - INFO: [transformer] Epoch 19/20 | Global examples: 1084544 | Avg Loss (last 1024 ex): 0.1886
2026-07-24 20:57:41,735 - INFO: [transformer] Epoch 19/20 | Global examples: 1085568 | Avg Loss (last 1024 ex): 0.1860
2026-07-24 20:57:53,870 - INFO: [transformer] Epoch 19/20 | Global examples: 1086592 | Avg Loss (last 1024 ex): 0.1726
2026-07-24 20:58:06,111 - INFO: [transformer] Epoch 19/20 | Global examples: 1087616 | Avg Loss (last 1024 ex): 0.1909
2026-07-24 20:58:18,218 - INFO: [transformer] Epoch 19/20 | Global examples: 1088640 | Avg Loss (last 1024 ex): 0.1792
2026-07-24 20:58:30,572 - INFO: [transformer] Epoch 19/20 | Global examples: 1089664 | Avg Loss (last 1024 ex): 0.1823
2026-07-24 20:58:42,866 - INFO: [transformer] Epoch 19/20 | Global examples: 1090688 | Avg Loss (last 1024 ex): 0.1930
2026-07-24 20:58:54,973 - INFO: [transformer] Epoch 19/20 | Global examples: 1091712 | Avg Loss (last 1024 ex): 0.1789
2026-07-24 20:59:06,971 - INFO: [transformer] Epoch 19/20 | Global examples: 1092736 | Avg Loss (last 1024 ex): 0.1820
2026-07-24 20:59:19,128 - INFO: [transformer] Epoch 19/20 | Global examples: 1093760 | Avg Loss (last 1024 ex): 0.1992
2026-07-24 20:59:31,172 - INFO: [transformer] Epoch 19/20 | Global examples: 1094784 | Avg Loss (last 1024 ex): 0.1902
2026-07-24 20:59:43,151 - INFO: [transformer] Epoch 19/20 | Global examples: 1095808 | Avg Loss (last 1024 ex): 0.1817
2026-07-24 20:59:55,240 - INFO: [transformer] Epoch 19/20 | Global examples: 1096832 | Avg Loss (last 1024 ex): 0.1905
2026-07-24 21:00:07,364 - INFO: [transformer] Epoch 19/20 | Global examples: 1097856 | Avg Loss (last 1024 ex): 0.1883
2026-07-24 21:00:19,528 - INFO: [transformer] Epoch 19/20 | Global examples: 1098880 | Avg Loss (last 1024 ex): 0.1817
2026-07-24 21:00:31,608 - INFO: [transformer] Epoch 19/20 | Global examples: 1099904 | Avg Loss (last 1024 ex): 0.1834
2026-07-24 21:00:43,395 - INFO: [transformer] Epoch 19/20 | Global examples: 1100928 | Avg Loss (last 1024 ex): 0.1805
2026-07-24 21:00:55,464 - INFO: [transformer] Epoch 19/20 | Global examples: 1101952 | Avg Loss (last 1024 ex): 0.1819
2026-07-24 21:01:08,367 - INFO: [transformer] Epoch 19/20 | Global examples: 1102976 | Avg Loss (last 1024 ex): 0.1794
2026-07-24 21:01:21,049 - INFO: [transformer] Epoch 19/20 | Global examples: 1104000 | Avg Loss (last 1024 ex): 0.1633
2026-07-24 21:01:34,915 - INFO: [transformer] Epoch 19/20 | Global examples: 1105024 | Avg Loss (last 1024 ex): 0.1979
2026-07-24 21:01:48,519 - INFO: [transformer] Epoch 19/20 | Global examples: 1106048 | Avg Loss (last 1024 ex): 0.1840
2026-07-24 21:02:01,740 - INFO: [transformer] Epoch 19/20 | Global examples: 1107072 | Avg Loss (last 1024 ex): 0.1866
2026-07-24 21:02:13,740 - INFO: [transformer] Epoch 19/20 | Global examples: 1108096 | Avg Loss (last 1024 ex): 0.1968
2026-07-24 21:02:25,758 - INFO: [transformer] Epoch 19/20 | Global examples: 1109120 | Avg Loss (last 1024 ex): 0.1949
2026-07-24 21:02:37,863 - INFO: [transformer] Epoch 19/20 | Global examples: 1110144 | Avg Loss (last 1024 ex): 0.2037
2026-07-24 21:02:38,608 - INFO: [transformer] Epoch 19/20 | Global examples: 1110208 | Avg Loss (last 64 ex): 0.2395
2026-07-24 21:02:40,661 - INFO: [transformer] Epoch 19 Val | Examples: 1024 | Avg Loss (last 1024 ex): 0.1588
2026-07-24 21:02:42,694 - INFO: [transformer] Epoch 19 Val | Examples: 2048 | Avg Loss (last 1024 ex): 0.1656
2026-07-24 21:02:44,718 - INFO: [transformer] Epoch 19 Val | Examples: 3072 | Avg Loss (last 1024 ex): 0.1662
2026-07-24 21:02:46,688 - INFO: [transformer] Epoch 19 Val | Examples: 4096 | Avg Loss (last 1024 ex): 0.1529
2026-07-24 21:02:48,717 - INFO: [transformer] Epoch 19 Val | Examples: 5120 | Avg Loss (last 1024 ex): 0.1533
2026-07-24 21:02:48,717 - INFO: [transformer] === Epoch 19 done | Train Loss: 0.1821 | Val Loss: 0.1590 | Time: 692.6s ===
2026-07-24 21:02:48,775 - INFO: [transformer] Model saved to ../model/transformer_epoch19.pth
2026-07-24 21:03:00,834 - INFO: [transformer] Epoch 20/20 | Global examples: 1111232 | Avg Loss (last 1024 ex): 0.1672
2026-07-24 21:03:12,737 - INFO: [transformer] Epoch 20/20 | Global examples: 1112256 | Avg Loss (last 1024 ex): 0.1644
2026-07-24 21:03:24,621 - INFO: [transformer] Epoch 20/20 | Global examples: 1113280 | Avg Loss (last 1024 ex): 0.1652
2026-07-24 21:03:36,684 - INFO: [transformer] Epoch 20/20 | Global examples: 1114304 | Avg Loss (last 1024 ex): 0.1779
2026-07-24 21:03:48,992 - INFO: [transformer] Epoch 20/20 | Global examples: 1115328 | Avg Loss (last 1024 ex): 0.1791
2026-07-24 21:04:01,063 - INFO: [transformer] Epoch 20/20 | Global examples: 1116352 | Avg Loss (last 1024 ex): 0.1738
2026-07-24 21:04:13,059 - INFO: [transformer] Epoch 20/20 | Global examples: 1117376 | Avg Loss (last 1024 ex): 0.1663
2026-07-24 21:04:25,219 - INFO: [transformer] Epoch 20/20 | Global examples: 1118400 | Avg Loss (last 1024 ex): 0.1600
2026-07-24 21:04:37,790 - INFO: [transformer] Epoch 20/20 | Global examples: 1119424 | Avg Loss (last 1024 ex): 0.1714
2026-07-24 21:04:49,993 - INFO: [transformer] Epoch 20/20 | Global examples: 1120448 | Avg Loss (last 1024 ex): 0.1775
2026-07-24 21:05:02,135 - INFO: [transformer] Epoch 20/20 | Global examples: 1121472 | Avg Loss (last 1024 ex): 0.1835
2026-07-24 21:05:14,297 - INFO: [transformer] Epoch 20/20 | Global examples: 1122496 | Avg Loss (last 1024 ex): 0.1831
2026-07-24 21:05:26,504 - INFO: [transformer] Epoch 20/20 | Global examples: 1123520 | Avg Loss (last 1024 ex): 0.1670
2026-07-24 21:05:38,701 - INFO: [transformer] Epoch 20/20 | Global examples: 1124544 | Avg Loss (last 1024 ex): 0.1830
2026-07-24 21:05:51,007 - INFO: [transformer] Epoch 20/20 | Global examples: 1125568 | Avg Loss (last 1024 ex): 0.1705
2026-07-24 21:06:03,377 - INFO: [transformer] Epoch 20/20 | Global examples: 1126592 | Avg Loss (last 1024 ex): 0.1711
2026-07-24 21:06:15,358 - INFO: [transformer] Epoch 20/20 | Global examples: 1127616 | Avg Loss (last 1024 ex): 0.1742
2026-07-24 21:06:27,549 - INFO: [transformer] Epoch 20/20 | Global examples: 1128640 | Avg Loss (last 1024 ex): 0.1880
2026-07-24 21:06:39,694 - INFO: [transformer] Epoch 20/20 | Global examples: 1129664 | Avg Loss (last 1024 ex): 0.1756
2026-07-24 21:06:51,942 - INFO: [transformer] Epoch 20/20 | Global examples: 1130688 | Avg Loss (last 1024 ex): 0.1779
2026-07-24 21:07:04,195 - INFO: [transformer] Epoch 20/20 | Global examples: 1131712 | Avg Loss (last 1024 ex): 0.1821
2026-07-24 21:07:16,672 - INFO: [transformer] Epoch 20/20 | Global examples: 1132736 | Avg Loss (last 1024 ex): 0.1906
2026-07-24 21:07:29,111 - INFO: [transformer] Epoch 20/20 | Global examples: 1133760 | Avg Loss (last 1024 ex): 0.1770
2026-07-24 21:07:41,065 - INFO: [transformer] Epoch 20/20 | Global examples: 1134784 | Avg Loss (last 1024 ex): 0.1788
2026-07-24 21:07:53,115 - INFO: [transformer] Epoch 20/20 | Global examples: 1135808 | Avg Loss (last 1024 ex): 0.1916
2026-07-24 21:08:05,258 - INFO: [transformer] Epoch 20/20 | Global examples: 1136832 | Avg Loss (last 1024 ex): 0.1829
2026-07-24 21:08:17,625 - INFO: [transformer] Epoch 20/20 | Global examples: 1137856 | Avg Loss (last 1024 ex): 0.1866
2026-07-24 21:08:29,700 - INFO: [transformer] Epoch 20/20 | Global examples: 1138880 | Avg Loss (last 1024 ex): 0.1750
2026-07-24 21:08:42,202 - INFO: [transformer] Epoch 20/20 | Global examples: 1139904 | Avg Loss (last 1024 ex): 0.1755
2026-07-24 21:08:54,289 - INFO: [transformer] Epoch 20/20 | Global examples: 1140928 | Avg Loss (last 1024 ex): 0.1727
2026-07-24 21:09:06,432 - INFO: [transformer] Epoch 20/20 | Global examples: 1141952 | Avg Loss (last 1024 ex): 0.1695
2026-07-24 21:09:18,343 - INFO: [transformer] Epoch 20/20 | Global examples: 1142976 | Avg Loss (last 1024 ex): 0.1671
2026-07-24 21:09:30,447 - INFO: [transformer] Epoch 20/20 | Global examples: 1144000 | Avg Loss (last 1024 ex): 0.1873
2026-07-24 21:09:42,765 - INFO: [transformer] Epoch 20/20 | Global examples: 1145024 | Avg Loss (last 1024 ex): 0.1723
2026-07-24 21:09:55,035 - INFO: [transformer] Epoch 20/20 | Global examples: 1146048 | Avg Loss (last 1024 ex): 0.1911
2026-07-24 21:10:07,134 - INFO: [transformer] Epoch 20/20 | Global examples: 1147072 | Avg Loss (last 1024 ex): 0.1811
2026-07-24 21:10:19,232 - INFO: [transformer] Epoch 20/20 | Global examples: 1148096 | Avg Loss (last 1024 ex): 0.1723
2026-07-24 21:10:31,629 - INFO: [transformer] Epoch 20/20 | Global examples: 1149120 | Avg Loss (last 1024 ex): 0.1635
2026-07-24 21:10:43,863 - INFO: [transformer] Epoch 20/20 | Global examples: 1150144 | Avg Loss (last 1024 ex): 0.1890
2026-07-24 21:10:56,068 - INFO: [transformer] Epoch 20/20 | Global examples: 1151168 | Avg Loss (last 1024 ex): 0.1667
2026-07-24 21:11:08,321 - INFO: [transformer] Epoch 20/20 | Global examples: 1152192 | Avg Loss (last 1024 ex): 0.1838
2026-07-24 21:11:20,673 - INFO: [transformer] Epoch 20/20 | Global examples: 1153216 | Avg Loss (last 1024 ex): 0.1837
2026-07-24 21:11:33,051 - INFO: [transformer] Epoch 20/20 | Global examples: 1154240 | Avg Loss (last 1024 ex): 0.1794
2026-07-24 21:11:45,318 - INFO: [transformer] Epoch 20/20 | Global examples: 1155264 | Avg Loss (last 1024 ex): 0.1843
2026-07-24 21:11:57,658 - INFO: [transformer] Epoch 20/20 | Global examples: 1156288 | Avg Loss (last 1024 ex): 0.1759
2026-07-24 21:12:09,850 - INFO: [transformer] Epoch 20/20 | Global examples: 1157312 | Avg Loss (last 1024 ex): 0.1826
2026-07-24 21:12:22,223 - INFO: [transformer] Epoch 20/20 | Global examples: 1158336 | Avg Loss (last 1024 ex): 0.1776
2026-07-24 21:12:34,583 - INFO: [transformer] Epoch 20/20 | Global examples: 1159360 | Avg Loss (last 1024 ex): 0.1728
2026-07-24 21:12:46,786 - INFO: [transformer] Epoch 20/20 | Global examples: 1160384 | Avg Loss (last 1024 ex): 0.1761
2026-07-24 21:12:59,141 - INFO: [transformer] Epoch 20/20 | Global examples: 1161408 | Avg Loss (last 1024 ex): 0.1862
2026-07-24 21:13:11,441 - INFO: [transformer] Epoch 20/20 | Global examples: 1162432 | Avg Loss (last 1024 ex): 0.1669
2026-07-24 21:13:24,064 - INFO: [transformer] Epoch 20/20 | Global examples: 1163456 | Avg Loss (last 1024 ex): 0.1789
2026-07-24 21:13:36,296 - INFO: [transformer] Epoch 20/20 | Global examples: 1164480 | Avg Loss (last 1024 ex): 0.1914
2026-07-24 21:13:48,419 - INFO: [transformer] Epoch 20/20 | Global examples: 1165504 | Avg Loss (last 1024 ex): 0.1742
2026-07-24 21:14:00,712 - INFO: [transformer] Epoch 20/20 | Global examples: 1166528 | Avg Loss (last 1024 ex): 0.1764
2026-07-24 21:14:13,064 - INFO: [transformer] Epoch 20/20 | Global examples: 1167552 | Avg Loss (last 1024 ex): 0.1787
2026-07-24 21:14:25,201 - INFO: [transformer] Epoch 20/20 | Global examples: 1168576 | Avg Loss (last 1024 ex): 0.1854
2026-07-24 21:14:25,918 - INFO: [transformer] Epoch 20/20 | Global examples: 1168640 | Avg Loss (last 64 ex): 0.1730
2026-07-24 21:14:27,897 - INFO: [transformer] Epoch 20 Val | Examples: 1024 | Avg Loss (last 1024 ex): 0.1609
2026-07-24 21:14:29,917 - INFO: [transformer] Epoch 20 Val | Examples: 2048 | Avg Loss (last 1024 ex): 0.1682
2026-07-24 21:14:31,956 - INFO: [transformer] Epoch 20 Val | Examples: 3072 | Avg Loss (last 1024 ex): 0.1578
2026-07-24 21:14:34,025 - INFO: [transformer] Epoch 20 Val | Examples: 4096 | Avg Loss (last 1024 ex): 0.1590
2026-07-24 21:14:36,105 - INFO: [transformer] Epoch 20 Val | Examples: 5120 | Avg Loss (last 1024 ex): 0.1449
2026-07-24 21:14:36,106 - INFO: [transformer] === Epoch 20 done | Train Loss: 0.1773 | Val Loss: 0.1515 | Time: 697.1s ===
2026-07-24 21:14:36,162 - INFO: [transformer] Model saved to ../model/transformer_epoch20.pth
2026-07-26 17:10:46,361 - INFO: Loading data...
2026-07-26 17:10:46,796 - INFO: Loaded 63594 sentence pairs (train: 58474, val: 5120), batch size 64, 913 batches per epoch
2026-07-26 17:10:46,797 - INFO: ============================================================
2026-07-26 17:10:46,797 - INFO: English-French Translation: Transformer vs GRU+Attention
2026-07-26 17:10:46,797 - INFO: Device: cpu | Epochs: 20 | MaxLen: 20 | Batch: 64 | Log interval: 1000 examples
2026-07-26 17:10:46,797 - INFO: ============================================================
2026-07-26 17:10:46,798 - INFO: Building GRU+Attention model...
2026-07-26 17:10:46,863 - INFO: GRU+Attention params: 8,803,953
2026-07-26 17:10:46,864 - INFO: Starting GRU+Attention training (GRU_LAYERS=1)...
2026-07-26 17:10:52,698 - INFO: [gru] Epoch 1/20 | Global examples: 1024 | Avg Loss (last 1024 ex): 5.8577
2026-07-26 17:10:57,414 - INFO: [gru] Epoch 1/20 | Global examples: 2048 | Avg Loss (last 1024 ex): 3.9491
2026-07-26 17:11:02,279 - INFO: [gru] Epoch 1/20 | Global examples: 3072 | Avg Loss (last 1024 ex): 3.6001
2026-07-26 17:11:07,195 - INFO: [gru] Epoch 1/20 | Global examples: 4096 | Avg Loss (last 1024 ex): 3.3040
2026-07-26 17:11:12,318 - INFO: [gru] Epoch 1/20 | Global examples: 5120 | Avg Loss (last 1024 ex): 3.1214
2026-07-26 17:11:17,539 - INFO: [gru] Epoch 1/20 | Global examples: 6144 | Avg Loss (last 1024 ex): 2.9192
2026-07-26 17:11:22,816 - INFO: [gru] Epoch 1/20 | Global examples: 7168 | Avg Loss (last 1024 ex): 2.8407
2026-07-26 17:11:28,032 - INFO: [gru] Epoch 1/20 | Global examples: 8192 | Avg Loss (last 1024 ex): 2.6847
2026-07-26 17:11:33,248 - INFO: [gru] Epoch 1/20 | Global examples: 9216 | Avg Loss (last 1024 ex): 2.5981
2026-07-26 17:11:38,561 - INFO: [gru] Epoch 1/20 | Global examples: 10240 | Avg Loss (last 1024 ex): 2.4441
2026-07-26 17:11:43,862 - INFO: [gru] Epoch 1/20 | Global examples: 11264 | Avg Loss (last 1024 ex): 2.3334
2026-07-26 17:11:49,147 - INFO: [gru] Epoch 1/20 | Global examples: 12288 | Avg Loss (last 1024 ex): 2.2765
2026-07-26 17:11:54,391 - INFO: [gru] Epoch 1/20 | Global examples: 13312 | Avg Loss (last 1024 ex): 2.1522
2026-07-26 17:11:59,723 - INFO: [gru] Epoch 1/20 | Global examples: 14336 | Avg Loss (last 1024 ex): 2.0928
2026-07-26 17:12:04,999 - INFO: [gru] Epoch 1/20 | Global examples: 15360 | Avg Loss (last 1024 ex): 2.0295
2026-07-26 17:12:10,336 - INFO: [gru] Epoch 1/20 | Global examples: 16384 | Avg Loss (last 1024 ex): 1.9801
2026-07-26 17:12:15,654 - INFO: [gru] Epoch 1/20 | Global examples: 17408 | Avg Loss (last 1024 ex): 1.8943
2026-07-26 17:12:21,157 - INFO: [gru] Epoch 1/20 | Global examples: 18432 | Avg Loss (last 1024 ex): 1.7874
2026-07-26 17:12:26,565 - INFO: [gru] Epoch 1/20 | Global examples: 19456 | Avg Loss (last 1024 ex): 1.8046
2026-07-26 17:12:32,031 - INFO: [gru] Epoch 1/20 | Global examples: 20480 | Avg Loss (last 1024 ex): 1.7148
2026-07-26 17:12:37,472 - INFO: [gru] Epoch 1/20 | Global examples: 21504 | Avg Loss (last 1024 ex): 1.6735
2026-07-26 17:12:42,968 - INFO: [gru] Epoch 1/20 | Global examples: 22528 | Avg Loss (last 1024 ex): 1.5719
2026-07-26 17:12:48,385 - INFO: [gru] Epoch 1/20 | Global examples: 23552 | Avg Loss (last 1024 ex): 1.5445
2026-07-26 17:12:53,853 - INFO: [gru] Epoch 1/20 | Global examples: 24576 | Avg Loss (last 1024 ex): 1.5271
2026-07-26 17:12:59,346 - INFO: [gru] Epoch 1/20 | Global examples: 25600 | Avg Loss (last 1024 ex): 1.4293
2026-07-26 17:13:04,792 - INFO: [gru] Epoch 1/20 | Global examples: 26624 | Avg Loss (last 1024 ex): 1.4047
2026-07-26 17:13:10,228 - INFO: [gru] Epoch 1/20 | Global examples: 27648 | Avg Loss (last 1024 ex): 1.3087
2026-07-26 17:13:15,717 - INFO: [gru] Epoch 1/20 | Global examples: 28672 | Avg Loss (last 1024 ex): 1.3227
2026-07-26 17:13:21,221 - INFO: [gru] Epoch 1/20 | Global examples: 29696 | Avg Loss (last 1024 ex): 1.2842
2026-07-26 17:13:26,695 - INFO: [gru] Epoch 1/20 | Global examples: 30720 | Avg Loss (last 1024 ex): 1.2294
2026-07-26 17:13:32,133 - INFO: [gru] Epoch 1/20 | Global examples: 31744 | Avg Loss (last 1024 ex): 1.2011
2026-07-26 17:13:37,575 - INFO: [gru] Epoch 1/20 | Global examples: 32768 | Avg Loss (last 1024 ex): 1.1059
2026-07-26 17:13:43,001 - INFO: [gru] Epoch 1/20 | Global examples: 33792 | Avg Loss (last 1024 ex): 1.1704
2026-07-26 17:13:48,444 - INFO: [gru] Epoch 1/20 | Global examples: 34816 | Avg Loss (last 1024 ex): 1.1308
2026-07-26 17:13:53,891 - INFO: [gru] Epoch 1/20 | Global examples: 35840 | Avg Loss (last 1024 ex): 1.0277
2026-07-26 17:13:59,339 - INFO: [gru] Epoch 1/20 | Global examples: 36864 | Avg Loss (last 1024 ex): 1.0523
2026-07-26 17:14:04,820 - INFO: [gru] Epoch 1/20 | Global examples: 37888 | Avg Loss (last 1024 ex): 0.9977
2026-07-26 17:14:10,298 - INFO: [gru] Epoch 1/20 | Global examples: 38912 | Avg Loss (last 1024 ex): 0.9663
2026-07-26 17:14:15,691 - INFO: [gru] Epoch 1/20 | Global examples: 39936 | Avg Loss (last 1024 ex): 0.9588
2026-07-26 17:14:21,176 - INFO: [gru] Epoch 1/20 | Global examples: 40960 | Avg Loss (last 1024 ex): 0.8953
2026-07-26 17:14:26,604 - INFO: [gru] Epoch 1/20 | Global examples: 41984 | Avg Loss (last 1024 ex): 0.9349
2026-07-26 17:14:32,042 - INFO: [gru] Epoch 1/20 | Global examples: 43008 | Avg Loss (last 1024 ex): 0.9462
2026-07-26 17:14:37,768 - INFO: [gru] Epoch 1/20 | Global examples: 44032 | Avg Loss (last 1024 ex): 0.8582
2026-07-26 17:14:44,344 - INFO: [gru] Epoch 1/20 | Global examples: 45056 | Avg Loss (last 1024 ex): 0.8810
2026-07-26 17:14:50,661 - INFO: [gru] Epoch 1/20 | Global examples: 46080 | Avg Loss (last 1024 ex): 0.8278
2026-07-26 17:14:56,681 - INFO: [gru] Epoch 1/20 | Global examples: 47104 | Avg Loss (last 1024 ex): 0.8006
2026-07-26 17:15:02,121 - INFO: [gru] Epoch 1/20 | Global examples: 48128 | Avg Loss (last 1024 ex): 0.7746
2026-07-26 17:15:07,657 - INFO: [gru] Epoch 1/20 | Global examples: 49152 | Avg Loss (last 1024 ex): 0.7286
2026-07-26 17:15:13,069 - INFO: [gru] Epoch 1/20 | Global examples: 50176 | Avg Loss (last 1024 ex): 0.7390
2026-07-26 17:15:18,605 - INFO: [gru] Epoch 1/20 | Global examples: 51200 | Avg Loss (last 1024 ex): 0.7337
2026-07-26 17:15:24,252 - INFO: [gru] Epoch 1/20 | Global examples: 52224 | Avg Loss (last 1024 ex): 0.7142
2026-07-26 17:15:29,696 - INFO: [gru] Epoch 1/20 | Global examples: 53248 | Avg Loss (last 1024 ex): 0.7241
2026-07-26 17:15:35,204 - INFO: [gru] Epoch 1/20 | Global examples: 54272 | Avg Loss (last 1024 ex): 0.6845
2026-07-26 17:15:40,824 - INFO: [gru] Epoch 1/20 | Global examples: 55296 | Avg Loss (last 1024 ex): 0.6792
2026-07-26 17:15:46,304 - INFO: [gru] Epoch 1/20 | Global examples: 56320 | Avg Loss (last 1024 ex): 0.6582
2026-07-26 17:15:51,799 - INFO: [gru] Epoch 1/20 | Global examples: 57344 | Avg Loss (last 1024 ex): 0.6773
2026-07-26 17:15:57,306 - INFO: [gru] Epoch 1/20 | Global examples: 58368 | Avg Loss (last 1024 ex): 0.6546
2026-07-26 17:15:57,649 - INFO: [gru] Epoch 1/20 | Global examples: 58432 | Avg Loss (last 64 ex): 0.6884
2026-07-26 17:15:59,094 - INFO: [gru] Epoch 1 Val | Examples: 1024 | Avg Loss (last 1024 ex): 0.5758
2026-07-26 17:16:00,550 - INFO: [gru] Epoch 1 Val | Examples: 2048 | Avg Loss (last 1024 ex): 0.5574
2026-07-26 17:16:02,010 - INFO: [gru] Epoch 1 Val | Examples: 3072 | Avg Loss (last 1024 ex): 0.5604
2026-07-26 17:16:03,463 - INFO: [gru] Epoch 1 Val | Examples: 4096 | Avg Loss (last 1024 ex): 0.6158
2026-07-26 17:16:04,934 - INFO: [gru] Epoch 1 Val | Examples: 5120 | Avg Loss (last 1024 ex): 0.5946
2026-07-26 17:16:04,934 - INFO: [gru] === Epoch 1 done | Train Loss: 1.5991 | Val Loss: 0.5808 | Time: 309.5s ===
2026-07-26 17:16:04,981 - INFO: [gru] Model saved to ../model/gru_epoch1.pth
2026-07-26 17:16:10,519 - INFO: [gru] Epoch 2/20 | Global examples: 59456 | Avg Loss (last 1024 ex): 0.5635
2026-07-26 17:16:16,056 - INFO: [gru] Epoch 2/20 | Global examples: 60480 | Avg Loss (last 1024 ex): 0.5687
2026-07-26 17:16:21,553 - INFO: [gru] Epoch 2/20 | Global examples: 61504 | Avg Loss (last 1024 ex): 0.5483
2026-07-26 17:16:27,077 - INFO: [gru] Epoch 2/20 | Global examples: 62528 | Avg Loss (last 1024 ex): 0.5200
2026-07-26 17:16:32,610 - INFO: [gru] Epoch 2/20 | Global examples: 63552 | Avg Loss (last 1024 ex): 0.5340
2026-07-26 17:16:38,109 - INFO: [gru] Epoch 2/20 | Global examples: 64576 | Avg Loss (last 1024 ex): 0.5278
2026-07-26 17:16:43,562 - INFO: [gru] Epoch 2/20 | Global examples: 65600 | Avg Loss (last 1024 ex): 0.5291
2026-07-26 17:16:49,059 - INFO: [gru] Epoch 2/20 | Global examples: 66624 | Avg Loss (last 1024 ex): 0.5140
2026-07-26 17:16:54,591 - INFO: [gru] Epoch 2/20 | Global examples: 67648 | Avg Loss (last 1024 ex): 0.5182
2026-07-26 17:17:00,088 - INFO: [gru] Epoch 2/20 | Global examples: 68672 | Avg Loss (last 1024 ex): 0.4857
2026-07-26 17:17:05,564 - INFO: [gru] Epoch 2/20 | Global examples: 69696 | Avg Loss (last 1024 ex): 0.4926
2026-07-26 17:17:11,031 - INFO: [gru] Epoch 2/20 | Global examples: 70720 | Avg Loss (last 1024 ex): 0.4851
2026-07-26 17:17:16,538 - INFO: [gru] Epoch 2/20 | Global examples: 71744 | Avg Loss (last 1024 ex): 0.4886
2026-07-26 17:17:22,084 - INFO: [gru] Epoch 2/20 | Global examples: 72768 | Avg Loss (last 1024 ex): 0.4717
2026-07-26 17:17:27,582 - INFO: [gru] Epoch 2/20 | Global examples: 73792 | Avg Loss (last 1024 ex): 0.4989
2026-07-26 17:17:33,043 - INFO: [gru] Epoch 2/20 | Global examples: 74816 | Avg Loss (last 1024 ex): 0.4844
2026-07-26 17:17:38,499 - INFO: [gru] Epoch 2/20 | Global examples: 75840 | Avg Loss (last 1024 ex): 0.4721
2026-07-26 17:17:43,947 - INFO: [gru] Epoch 2/20 | Global examples: 76864 | Avg Loss (last 1024 ex): 0.4788
2026-07-26 17:17:49,425 - INFO: [gru] Epoch 2/20 | Global examples: 77888 | Avg Loss (last 1024 ex): 0.4530
2026-07-26 17:17:54,883 - INFO: [gru] Epoch 2/20 | Global examples: 78912 | Avg Loss (last 1024 ex): 0.4681
2026-07-26 17:18:00,329 - INFO: [gru] Epoch 2/20 | Global examples: 79936 | Avg Loss (last 1024 ex): 0.4435
2026-07-26 17:18:05,849 - INFO: [gru] Epoch 2/20 | Global examples: 80960 | Avg Loss (last 1024 ex): 0.4492
2026-07-26 17:18:11,335 - INFO: [gru] Epoch 2/20 | Global examples: 81984 | Avg Loss (last 1024 ex): 0.4478
2026-07-26 17:18:16,824 - INFO: [gru] Epoch 2/20 | Global examples: 83008 | Avg Loss (last 1024 ex): 0.4353
2026-07-26 17:18:22,290 - INFO: [gru] Epoch 2/20 | Global examples: 84032 | Avg Loss (last 1024 ex): 0.4668
2026-07-26 17:18:27,739 - INFO: [gru] Epoch 2/20 | Global examples: 85056 | Avg Loss (last 1024 ex): 0.4529
2026-07-26 17:18:33,229 - INFO: [gru] Epoch 2/20 | Global examples: 86080 | Avg Loss (last 1024 ex): 0.4148
2026-07-26 17:18:38,659 - INFO: [gru] Epoch 2/20 | Global examples: 87104 | Avg Loss (last 1024 ex): 0.4314
2026-07-26 17:18:44,319 - INFO: [gru] Epoch 2/20 | Global examples: 88128 | Avg Loss (last 1024 ex): 0.4084
2026-07-26 17:18:49,791 - INFO: [gru] Epoch 2/20 | Global examples: 89152 | Avg Loss (last 1024 ex): 0.4238
2026-07-26 17:18:55,326 - INFO: [gru] Epoch 2/20 | Global examples: 90176 | Avg Loss (last 1024 ex): 0.4004
2026-07-26 17:19:00,848 - INFO: [gru] Epoch 2/20 | Global examples: 91200 | Avg Loss (last 1024 ex): 0.4091
2026-07-26 17:19:06,324 - INFO: [gru] Epoch 2/20 | Global examples: 92224 | Avg Loss (last 1024 ex): 0.3834
2026-07-26 17:19:11,842 - INFO: [gru] Epoch 2/20 | Global examples: 93248 | Avg Loss (last 1024 ex): 0.3965
2026-07-26 17:19:17,323 - INFO: [gru] Epoch 2/20 | Global examples: 94272 | Avg Loss (last 1024 ex): 0.3775
2026-07-26 17:19:22,799 - INFO: [gru] Epoch 2/20 | Global examples: 95296 | Avg Loss (last 1024 ex): 0.3895
2026-07-26 17:19:28,209 - INFO: [gru] Epoch 2/20 | Global examples: 96320 | Avg Loss (last 1024 ex): 0.3814
2026-07-26 17:19:33,673 - INFO: [gru] Epoch 2/20 | Global examples: 97344 | Avg Loss (last 1024 ex): 0.4008
2026-07-26 17:19:39,269 - INFO: [gru] Epoch 2/20 | Global examples: 98368 | Avg Loss (last 1024 ex): 0.3685
2026-07-26 17:19:44,757 - INFO: [gru] Epoch 2/20 | Global examples: 99392 | Avg Loss (last 1024 ex): 0.3721
2026-07-26 17:19:50,256 - INFO: [gru] Epoch 2/20 | Global examples: 100416 | Avg Loss (last 1024 ex): 0.3556
2026-07-26 17:19:55,745 - INFO: [gru] Epoch 2/20 | Global examples: 101440 | Avg Loss (last 1024 ex): 0.3678
2026-07-26 17:20:01,278 - INFO: [gru] Epoch 2/20 | Global examples: 102464 | Avg Loss (last 1024 ex): 0.3602
2026-07-26 17:20:06,771 - INFO: [gru] Epoch 2/20 | Global examples: 103488 | Avg Loss (last 1024 ex): 0.3583
2026-07-26 17:20:12,227 - INFO: [gru] Epoch 2/20 | Global examples: 104512 | Avg Loss (last 1024 ex): 0.3491
2026-07-26 17:20:17,728 - INFO: [gru] Epoch 2/20 | Global examples: 105536 | Avg Loss (last 1024 ex): 0.3377
2026-07-26 17:20:23,258 - INFO: [gru] Epoch 2/20 | Global examples: 106560 | Avg Loss (last 1024 ex): 0.3513
2026-07-26 17:20:28,769 - INFO: [gru] Epoch 2/20 | Global examples: 107584 | Avg Loss (last 1024 ex): 0.3484
2026-07-26 17:20:34,218 - INFO: [gru] Epoch 2/20 | Global examples: 108608 | Avg Loss (last 1024 ex): 0.3681
2026-07-26 17:20:39,698 - INFO: [gru] Epoch 2/20 | Global examples: 109632 | Avg Loss (last 1024 ex): 0.3483
2026-07-26 17:20:45,224 - INFO: [gru] Epoch 2/20 | Global examples: 110656 | Avg Loss (last 1024 ex): 0.3462
2026-07-26 17:20:50,710 - INFO: [gru] Epoch 2/20 | Global examples: 111680 | Avg Loss (last 1024 ex): 0.3266
2026-07-26 17:20:56,223 - INFO: [gru] Epoch 2/20 | Global examples: 112704 | Avg Loss (last 1024 ex): 0.3420
2026-07-26 17:21:01,795 - INFO: [gru] Epoch 2/20 | Global examples: 113728 | Avg Loss (last 1024 ex): 0.3422
2026-07-26 17:21:07,240 - INFO: [gru] Epoch 2/20 | Global examples: 114752 | Avg Loss (last 1024 ex): 0.3217
2026-07-26 17:21:12,736 - INFO: [gru] Epoch 2/20 | Global examples: 115776 | Avg Loss (last 1024 ex): 0.3249
2026-07-26 17:21:18,282 - INFO: [gru] Epoch 2/20 | Global examples: 116800 | Avg Loss (last 1024 ex): 0.3298
2026-07-26 17:21:18,631 - INFO: [gru] Epoch 2/20 | Global examples: 116864 | Avg Loss (last 64 ex): 0.2891
2026-07-26 17:21:20,086 - INFO: [gru] Epoch 2 Val | Examples: 1024 | Avg Loss (last 1024 ex): 0.2913
2026-07-26 17:21:21,538 - INFO: [gru] Epoch 2 Val | Examples: 2048 | Avg Loss (last 1024 ex): 0.2907
2026-07-26 17:21:23,025 - INFO: [gru] Epoch 2 Val | Examples: 3072 | Avg Loss (last 1024 ex): 0.2968
2026-07-26 17:21:24,485 - INFO: [gru] Epoch 2 Val | Examples: 4096 | Avg Loss (last 1024 ex): 0.2964
2026-07-26 17:21:25,924 - INFO: [gru] Epoch 2 Val | Examples: 5120 | Avg Loss (last 1024 ex): 0.2880
2026-07-26 17:21:25,924 - INFO: [gru] === Epoch 2 done | Train Loss: 0.4250 | Val Loss: 0.2926 | Time: 313.6s ===
2026-07-26 17:21:25,957 - INFO: [gru] Model saved to ../model/gru_epoch2.pth
2026-07-26 17:21:31,483 - INFO: [gru] Epoch 3/20 | Global examples: 117888 | Avg Loss (last 1024 ex): 0.2889
2026-07-26 17:21:37,060 - INFO: [gru] Epoch 3/20 | Global examples: 118912 | Avg Loss (last 1024 ex): 0.2956
2026-07-26 17:21:42,640 - INFO: [gru] Epoch 3/20 | Global examples: 119936 | Avg Loss (last 1024 ex): 0.2810
2026-07-26 17:21:48,108 - INFO: [gru] Epoch 3/20 | Global examples: 120960 | Avg Loss (last 1024 ex): 0.2783
2026-07-26 17:21:53,536 - INFO: [gru] Epoch 3/20 | Global examples: 121984 | Avg Loss (last 1024 ex): 0.2933
2026-07-26 17:21:59,004 - INFO: [gru] Epoch 3/20 | Global examples: 123008 | Avg Loss (last 1024 ex): 0.2868
2026-07-26 17:22:04,517 - INFO: [gru] Epoch 3/20 | Global examples: 124032 | Avg Loss (last 1024 ex): 0.2947
2026-07-26 17:22:10,024 - INFO: [gru] Epoch 3/20 | Global examples: 125056 | Avg Loss (last 1024 ex): 0.2948
2026-07-26 17:22:15,511 - INFO: [gru] Epoch 3/20 | Global examples: 126080 | Avg Loss (last 1024 ex): 0.2984
2026-07-26 17:22:21,010 - INFO: [gru] Epoch 3/20 | Global examples: 127104 | Avg Loss (last 1024 ex): 0.2951
2026-07-26 17:22:26,451 - INFO: [gru] Epoch 3/20 | Global examples: 128128 | Avg Loss (last 1024 ex): 0.2960
2026-07-26 17:22:32,023 - INFO: [gru] Epoch 3/20 | Global examples: 129152 | Avg Loss (last 1024 ex): 0.2946
2026-07-26 17:22:37,546 - INFO: [gru] Epoch 3/20 | Global examples: 130176 | Avg Loss (last 1024 ex): 0.2852
2026-07-26 17:22:43,379 - INFO: [gru] Epoch 3/20 | Global examples: 131200 | Avg Loss (last 1024 ex): 0.3034
2026-07-26 17:22:49,244 - INFO: [gru] Epoch 3/20 | Global examples: 132224 | Avg Loss (last 1024 ex): 0.2888
2026-07-26 17:22:54,740 - INFO: [gru] Epoch 3/20 | Global examples: 133248 | Avg Loss (last 1024 ex): 0.2661
2026-07-26 17:23:00,241 - INFO: [gru] Epoch 3/20 | Global examples: 134272 | Avg Loss (last 1024 ex): 0.2699
2026-07-26 17:23:05,764 - INFO: [gru] Epoch 3/20 | Global examples: 135296 | Avg Loss (last 1024 ex): 0.3092
2026-07-26 17:23:11,217 - INFO: [gru] Epoch 3/20 | Global examples: 136320 | Avg Loss (last 1024 ex): 0.2869
2026-07-26 17:23:16,737 - INFO: [gru] Epoch 3/20 | Global examples: 137344 | Avg Loss (last 1024 ex): 0.2886
2026-07-26 17:23:22,366 - INFO: [gru] Epoch 3/20 | Global examples: 138368 | Avg Loss (last 1024 ex): 0.2808
2026-07-26 17:23:27,954 - INFO: [gru] Epoch 3/20 | Global examples: 139392 | Avg Loss (last 1024 ex): 0.2768
2026-07-26 17:23:33,422 - INFO: [gru] Epoch 3/20 | Global examples: 140416 | Avg Loss (last 1024 ex): 0.2796
2026-07-26 17:23:38,900 - INFO: [gru] Epoch 3/20 | Global examples: 141440 | Avg Loss (last 1024 ex): 0.2521
2026-07-26 17:23:44,396 - INFO: [gru] Epoch 3/20 | Global examples: 142464 | Avg Loss (last 1024 ex): 0.2763
2026-07-26 17:23:49,886 - INFO: [gru] Epoch 3/20 | Global examples: 143488 | Avg Loss (last 1024 ex): 0.2765
2026-07-26 17:23:55,353 - INFO: [gru] Epoch 3/20 | Global examples: 144512 | Avg Loss (last 1024 ex): 0.2702
2026-07-26 17:24:00,841 - INFO: [gru] Epoch 3/20 | Global examples: 145536 | Avg Loss (last 1024 ex): 0.2747
2026-07-26 17:24:06,458 - INFO: [gru] Epoch 3/20 | Global examples: 146560 | Avg Loss (last 1024 ex): 0.2644
2026-07-26 17:24:12,073 - INFO: [gru] Epoch 3/20 | Global examples: 147584 | Avg Loss (last 1024 ex): 0.2710
2026-07-26 17:24:17,586 - INFO: [gru] Epoch 3/20 | Global examples: 148608 | Avg Loss (last 1024 ex): 0.2642
2026-07-26 17:24:23,074 - INFO: [gru] Epoch 3/20 | Global examples: 149632 | Avg Loss (last 1024 ex): 0.2618
2026-07-26 17:24:28,526 - INFO: [gru] Epoch 3/20 | Global examples: 150656 | Avg Loss (last 1024 ex): 0.2662
2026-07-26 17:24:33,991 - INFO: [gru] Epoch 3/20 | Global examples: 151680 | Avg Loss (last 1024 ex): 0.2703
2026-07-26 17:24:39,454 - INFO: [gru] Epoch 3/20 | Global examples: 152704 | Avg Loss (last 1024 ex): 0.2687
2026-07-26 17:24:44,897 - INFO: [gru] Epoch 3/20 | Global examples: 153728 | Avg Loss (last 1024 ex): 0.2622
2026-07-26 17:24:50,363 - INFO: [gru] Epoch 3/20 | Global examples: 154752 | Avg Loss (last 1024 ex): 0.2806
2026-07-26 17:24:55,868 - INFO: [gru] Epoch 3/20 | Global examples: 155776 | Avg Loss (last 1024 ex): 0.2590
2026-07-26 17:25:01,363 - INFO: [gru] Epoch 3/20 | Global examples: 156800 | Avg Loss (last 1024 ex): 0.2625
2026-07-26 17:25:06,880 - INFO: [gru] Epoch 3/20 | Global examples: 157824 | Avg Loss (last 1024 ex): 0.2837
2026-07-26 17:25:12,435 - INFO: [gru] Epoch 3/20 | Global examples: 158848 | Avg Loss (last 1024 ex): 0.2628
2026-07-26 17:25:17,907 - INFO: [gru] Epoch 3/20 | Global examples: 159872 | Avg Loss (last 1024 ex): 0.2724
2026-07-26 17:25:23,399 - INFO: [gru] Epoch 3/20 | Global examples: 160896 | Avg Loss (last 1024 ex): 0.2545
2026-07-26 17:25:28,902 - INFO: [gru] Epoch 3/20 | Global examples: 161920 | Avg Loss (last 1024 ex): 0.2548
2026-07-26 17:25:34,354 - INFO: [gru] Epoch 3/20 | Global examples: 162944 | Avg Loss (last 1024 ex): 0.2709
2026-07-26 17:25:39,859 - INFO: [gru] Epoch 3/20 | Global examples: 163968 | Avg Loss (last 1024 ex): 0.2655
2026-07-26 17:25:45,344 - INFO: [gru] Epoch 3/20 | Global examples: 164992 | Avg Loss (last 1024 ex): 0.2458
2026-07-26 17:25:50,877 - INFO: [gru] Epoch 3/20 | Global examples: 166016 | Avg Loss (last 1024 ex): 0.2507
2026-07-26 17:25:56,336 - INFO: [gru] Epoch 3/20 | Global examples: 167040 | Avg Loss (last 1024 ex): 0.2536
2026-07-26 17:26:01,883 - INFO: [gru] Epoch 3/20 | Global examples: 168064 | Avg Loss (last 1024 ex): 0.2628
2026-07-26 17:26:07,378 - INFO: [gru] Epoch 3/20 | Global examples: 169088 | Avg Loss (last 1024 ex): 0.2514
2026-07-26 17:26:12,906 - INFO: [gru] Epoch 3/20 | Global examples: 170112 | Avg Loss (last 1024 ex): 0.2544
2026-07-26 17:26:18,468 - INFO: [gru] Epoch 3/20 | Global examples: 171136 | Avg Loss (last 1024 ex): 0.2554
2026-07-26 17:26:23,982 - INFO: [gru] Epoch 3/20 | Global examples: 172160 | Avg Loss (last 1024 ex): 0.2507
2026-07-26 17:26:29,482 - INFO: [gru] Epoch 3/20 | Global examples: 173184 | Avg Loss (last 1024 ex): 0.2509
2026-07-26 17:26:34,918 - INFO: [gru] Epoch 3/20 | Global examples: 174208 | Avg Loss (last 1024 ex): 0.2574
2026-07-26 17:26:40,426 - INFO: [gru] Epoch 3/20 | Global examples: 175232 | Avg Loss (last 1024 ex): 0.2527
2026-07-26 17:26:40,762 - INFO: [gru] Epoch 3/20 | Global examples: 175296 | Avg Loss (last 64 ex): 0.3146
2026-07-26 17:26:42,297 - INFO: [gru] Epoch 3 Val | Examples: 1024 | Avg Loss (last 1024 ex): 0.2312
2026-07-26 17:26:43,823 - INFO: [gru] Epoch 3 Val | Examples: 2048 | Avg Loss (last 1024 ex): 0.2223
2026-07-26 17:26:45,261 - INFO: [gru] Epoch 3 Val | Examples: 3072 | Avg Loss (last 1024 ex): 0.2311
2026-07-26 17:26:46,745 - INFO: [gru] Epoch 3 Val | Examples: 4096 | Avg Loss (last 1024 ex): 0.2287
2026-07-26 17:26:48,195 - INFO: [gru] Epoch 3 Val | Examples: 5120 | Avg Loss (last 1024 ex): 0.2443
2026-07-26 17:26:48,196 - INFO: [gru] === Epoch 3 done | Train Loss: 0.2731 | Val Loss: 0.2315 | Time: 314.8s ===
2026-07-26 17:26:48,239 - INFO: [gru] Model saved to ../model/gru_epoch3.pth
2026-07-26 17:26:53,776 - INFO: [gru] Epoch 4/20 | Global examples: 176320 | Avg Loss (last 1024 ex): 0.2375
2026-07-26 17:26:59,396 - INFO: [gru] Epoch 4/20 | Global examples: 177344 | Avg Loss (last 1024 ex): 0.2238
2026-07-26 17:27:04,858 - INFO: [gru] Epoch 4/20 | Global examples: 178368 | Avg Loss (last 1024 ex): 0.2339
2026-07-26 17:27:10,308 - INFO: [gru] Epoch 4/20 | Global examples: 179392 | Avg Loss (last 1024 ex): 0.2294
2026-07-26 17:27:15,818 - INFO: [gru] Epoch 4/20 | Global examples: 180416 | Avg Loss (last 1024 ex): 0.2428
2026-07-26 17:27:21,359 - INFO: [gru] Epoch 4/20 | Global examples: 181440 | Avg Loss (last 1024 ex): 0.2189
2026-07-26 17:27:26,733 - INFO: [gru] Epoch 4/20 | Global examples: 182464 | Avg Loss (last 1024 ex): 0.2394
2026-07-26 17:27:32,239 - INFO: [gru] Epoch 4/20 | Global examples: 183488 | Avg Loss (last 1024 ex): 0.2434
2026-07-26 17:27:37,786 - INFO: [gru] Epoch 4/20 | Global examples: 184512 | Avg Loss (last 1024 ex): 0.2391
2026-07-26 17:27:43,228 - INFO: [gru] Epoch 4/20 | Global examples: 185536 | Avg Loss (last 1024 ex): 0.2428
2026-07-26 17:27:48,708 - INFO: [gru] Epoch 4/20 | Global examples: 186560 | Avg Loss (last 1024 ex): 0.2421
2026-07-26 17:27:54,162 - INFO: [gru] Epoch 4/20 | Global examples: 187584 | Avg Loss (last 1024 ex): 0.2347
2026-07-26 17:27:59,568 - INFO: [gru] Epoch 4/20 | Global examples: 188608 | Avg Loss (last 1024 ex): 0.2320
2026-07-26 17:28:05,123 - INFO: [gru] Epoch 4/20 | Global examples: 189632 | Avg Loss (last 1024 ex): 0.2406
2026-07-26 17:28:10,587 - INFO: [gru] Epoch 4/20 | Global examples: 190656 | Avg Loss (last 1024 ex): 0.2297
2026-07-26 17:28:16,073 - INFO: [gru] Epoch 4/20 | Global examples: 191680 | Avg Loss (last 1024 ex): 0.2376
2026-07-26 17:28:21,686 - INFO: [gru] Epoch 4/20 | Global examples: 192704 | Avg Loss (last 1024 ex): 0.2290
2026-07-26 17:28:27,179 - INFO: [gru] Epoch 4/20 | Global examples: 193728 | Avg Loss (last 1024 ex): 0.2267
2026-07-26 17:28:32,589 - INFO: [gru] Epoch 4/20 | Global examples: 194752 | Avg Loss (last 1024 ex): 0.2397
2026-07-26 17:28:38,112 - INFO: [gru] Epoch 4/20 | Global examples: 195776 | Avg Loss (last 1024 ex): 0.2563
2026-07-26 17:28:43,692 - INFO: [gru] Epoch 4/20 | Global examples: 196800 | Avg Loss (last 1024 ex): 0.2420
2026-07-26 17:28:49,120 - INFO: [gru] Epoch 4/20 | Global examples: 197824 | Avg Loss (last 1024 ex): 0.2374
2026-07-26 17:28:54,600 - INFO: [gru] Epoch 4/20 | Global examples: 198848 | Avg Loss (last 1024 ex): 0.2343
2026-07-26 17:29:00,089 - INFO: [gru] Epoch 4/20 | Global examples: 199872 | Avg Loss (last 1024 ex): 0.2357
2026-07-26 17:29:05,578 - INFO: [gru] Epoch 4/20 | Global examples: 200896 | Avg Loss (last 1024 ex): 0.2364
2026-07-26 17:29:11,085 - INFO: [gru] Epoch 4/20 | Global examples: 201920 | Avg Loss (last 1024 ex): 0.2355
2026-07-26 17:29:16,540 - INFO: [gru] Epoch 4/20 | Global examples: 202944 | Avg Loss (last 1024 ex): 0.2498
2026-07-26 17:29:22,051 - INFO: [gru] Epoch 4/20 | Global examples: 203968 | Avg Loss (last 1024 ex): 0.2408
2026-07-26 17:29:27,534 - INFO: [gru] Epoch 4/20 | Global examples: 204992 | Avg Loss (last 1024 ex): 0.2385
2026-07-26 17:29:32,887 - INFO: [gru] Epoch 4/20 | Global examples: 206016 | Avg Loss (last 1024 ex): 0.2366
2026-07-26 17:29:38,373 - INFO: [gru] Epoch 4/20 | Global examples: 207040 | Avg Loss (last 1024 ex): 0.2233
2026-07-26 17:29:43,780 - INFO: [gru] Epoch 4/20 | Global examples: 208064 | Avg Loss (last 1024 ex): 0.2265
2026-07-26 17:29:49,221 - INFO: [gru] Epoch 4/20 | Global examples: 209088 | Avg Loss (last 1024 ex): 0.2415
2026-07-26 17:29:54,753 - INFO: [gru] Epoch 4/20 | Global examples: 210112 | Avg Loss (last 1024 ex): 0.2394
2026-07-26 17:30:00,210 - INFO: [gru] Epoch 4/20 | Global examples: 211136 | Avg Loss (last 1024 ex): 0.2452
2026-07-26 17:30:05,688 - INFO: [gru] Epoch 4/20 | Global examples: 212160 | Avg Loss (last 1024 ex): 0.2440
2026-07-26 17:30:11,154 - INFO: [gru] Epoch 4/20 | Global examples: 213184 | Avg Loss (last 1024 ex): 0.2257
2026-07-26 17:30:16,629 - INFO: [gru] Epoch 4/20 | Global examples: 214208 | Avg Loss (last 1024 ex): 0.2120
2026-07-26 17:30:22,063 - INFO: [gru] Epoch 4/20 | Global examples: 215232 | Avg Loss (last 1024 ex): 0.2370
2026-07-26 17:30:27,557 - INFO: [gru] Epoch 4/20 | Global examples: 216256 | Avg Loss (last 1024 ex): 0.2234
2026-07-26 17:30:33,034 - INFO: [gru] Epoch 4/20 | Global examples: 217280 | Avg Loss (last 1024 ex): 0.2409
2026-07-26 17:30:38,507 - INFO: [gru] Epoch 4/20 | Global examples: 218304 | Avg Loss (last 1024 ex): 0.2388
2026-07-26 17:30:44,108 - INFO: [gru] Epoch 4/20 | Global examples: 219328 | Avg Loss (last 1024 ex): 0.2224
2026-07-26 17:30:49,539 - INFO: [gru] Epoch 4/20 | Global examples: 220352 | Avg Loss (last 1024 ex): 0.2194
2026-07-26 17:30:55,082 - INFO: [gru] Epoch 4/20 | Global examples: 221376 | Avg Loss (last 1024 ex): 0.2306
2026-07-26 17:31:00,551 - INFO: [gru] Epoch 4/20 | Global examples: 222400 | Avg Loss (last 1024 ex): 0.2304
2026-07-26 17:31:06,098 - INFO: [gru] Epoch 4/20 | Global examples: 223424 | Avg Loss (last 1024 ex): 0.2413
2026-07-26 17:31:11,581 - INFO: [gru] Epoch 4/20 | Global examples: 224448 | Avg Loss (last 1024 ex): 0.2236
2026-07-26 17:31:17,058 - INFO: [gru] Epoch 4/20 | Global examples: 225472 | Avg Loss (last 1024 ex): 0.2257
2026-07-26 17:31:22,560 - INFO: [gru] Epoch 4/20 | Global examples: 226496 | Avg Loss (last 1024 ex): 0.2272
2026-07-26 17:31:28,038 - INFO: [gru] Epoch 4/20 | Global examples: 227520 | Avg Loss (last 1024 ex): 0.2256
2026-07-26 17:31:33,557 - INFO: [gru] Epoch 4/20 | Global examples: 228544 | Avg Loss (last 1024 ex): 0.2340
2026-07-26 17:31:39,037 - INFO: [gru] Epoch 4/20 | Global examples: 229568 | Avg Loss (last 1024 ex): 0.2201
2026-07-26 17:31:44,499 - INFO: [gru] Epoch 4/20 | Global examples: 230592 | Avg Loss (last 1024 ex): 0.2293
2026-07-26 17:31:50,040 - INFO: [gru] Epoch 4/20 | Global examples: 231616 | Avg Loss (last 1024 ex): 0.2224
2026-07-26 17:31:55,548 - INFO: [gru] Epoch 4/20 | Global examples: 232640 | Avg Loss (last 1024 ex): 0.2203
2026-07-26 17:32:01,011 - INFO: [gru] Epoch 4/20 | Global examples: 233664 | Avg Loss (last 1024 ex): 0.2232
2026-07-26 17:32:01,348 - INFO: [gru] Epoch 4/20 | Global examples: 233728 | Avg Loss (last 64 ex): 0.1776
2026-07-26 17:32:02,829 - INFO: [gru] Epoch 4 Val | Examples: 1024 | Avg Loss (last 1024 ex): 0.2097
2026-07-26 17:32:04,290 - INFO: [gru] Epoch 4 Val | Examples: 2048 | Avg Loss (last 1024 ex): 0.2078
2026-07-26 17:32:05,735 - INFO: [gru] Epoch 4 Val | Examples: 3072 | Avg Loss (last 1024 ex): 0.2094
2026-07-26 17:32:07,202 - INFO: [gru] Epoch 4 Val | Examples: 4096 | Avg Loss (last 1024 ex): 0.2112
2026-07-26 17:32:08,631 - INFO: [gru] Epoch 4 Val | Examples: 5120 | Avg Loss (last 1024 ex): 0.2096
2026-07-26 17:32:08,631 - INFO: [gru] === Epoch 4 done | Train Loss: 0.2333 | Val Loss: 0.2095 | Time: 313.1s ===
2026-07-26 17:32:08,671 - INFO: [gru] Model saved to ../model/gru_epoch4.pth
2026-07-26 17:32:14,330 - INFO: [gru] Epoch 5/20 | Global examples: 234752 | Avg Loss (last 1024 ex): 0.2039
2026-07-26 17:32:19,887 - INFO: [gru] Epoch 5/20 | Global examples: 235776 | Avg Loss (last 1024 ex): 0.2190
2026-07-26 17:32:25,292 - INFO: [gru] Epoch 5/20 | Global examples: 236800 | Avg Loss (last 1024 ex): 0.2057
2026-07-26 17:32:30,777 - INFO: [gru] Epoch 5/20 | Global examples: 237824 | Avg Loss (last 1024 ex): 0.2295
2026-07-26 17:32:36,201 - INFO: [gru] Epoch 5/20 | Global examples: 238848 | Avg Loss (last 1024 ex): 0.2098
2026-07-26 17:32:41,612 - INFO: [gru] Epoch 5/20 | Global examples: 239872 | Avg Loss (last 1024 ex): 0.2162
2026-07-26 17:32:47,106 - INFO: [gru] Epoch 5/20 | Global examples: 240896 | Avg Loss (last 1024 ex): 0.2194
2026-07-26 17:32:52,579 - INFO: [gru] Epoch 5/20 | Global examples: 241920 | Avg Loss (last 1024 ex): 0.2200
2026-07-26 17:32:58,018 - INFO: [gru] Epoch 5/20 | Global examples: 242944 | Avg Loss (last 1024 ex): 0.2075
2026-07-26 17:33:03,475 - INFO: [gru] Epoch 5/20 | Global examples: 243968 | Avg Loss (last 1024 ex): 0.2194
2026-07-26 17:33:09,001 - INFO: [gru] Epoch 5/20 | Global examples: 244992 | Avg Loss (last 1024 ex): 0.2211
2026-07-26 17:33:14,473 - INFO: [gru] Epoch 5/20 | Global examples: 246016 | Avg Loss (last 1024 ex): 0.2182
2026-07-26 17:33:19,883 - INFO: [gru] Epoch 5/20 | Global examples: 247040 | Avg Loss (last 1024 ex): 0.2144
2026-07-26 17:33:25,372 - INFO: [gru] Epoch 5/20 | Global examples: 248064 | Avg Loss (last 1024 ex): 0.2108
2026-07-26 17:33:30,829 - INFO: [gru] Epoch 5/20 | Global examples: 249088 | Avg Loss (last 1024 ex): 0.2269
2026-07-26 17:33:36,255 - INFO: [gru] Epoch 5/20 | Global examples: 250112 | Avg Loss (last 1024 ex): 0.2343
2026-07-26 17:33:41,700 - INFO: [gru] Epoch 5/20 | Global examples: 251136 | Avg Loss (last 1024 ex): 0.2066
2026-07-26 17:33:47,158 - INFO: [gru] Epoch 5/20 | Global examples: 252160 | Avg Loss (last 1024 ex): 0.2318
2026-07-26 17:33:52,730 - INFO: [gru] Epoch 5/20 | Global examples: 253184 | Avg Loss (last 1024 ex): 0.2172
2026-07-26 17:33:58,188 - INFO: [gru] Epoch 5/20 | Global examples: 254208 | Avg Loss (last 1024 ex): 0.2292
2026-07-26 17:34:03,669 - INFO: [gru] Epoch 5/20 | Global examples: 255232 | Avg Loss (last 1024 ex): 0.2147
2026-07-26 17:34:09,152 - INFO: [gru] Epoch 5/20 | Global examples: 256256 | Avg Loss (last 1024 ex): 0.2033
2026-07-26 17:34:14,568 - INFO: [gru] Epoch 5/20 | Global examples: 257280 | Avg Loss (last 1024 ex): 0.2268
2026-07-26 17:34:20,055 - INFO: [gru] Epoch 5/20 | Global examples: 258304 | Avg Loss (last 1024 ex): 0.2064
2026-07-26 17:34:25,563 - INFO: [gru] Epoch 5/20 | Global examples: 259328 | Avg Loss (last 1024 ex): 0.2261
2026-07-26 17:34:31,042 - INFO: [gru] Epoch 5/20 | Global examples: 260352 | Avg Loss (last 1024 ex): 0.2236
2026-07-26 17:34:36,509 - INFO: [gru] Epoch 5/20 | Global examples: 261376 | Avg Loss (last 1024 ex): 0.2146
2026-07-26 17:34:41,946 - INFO: [gru] Epoch 5/20 | Global examples: 262400 | Avg Loss (last 1024 ex): 0.2173
2026-07-26 17:34:47,450 - INFO: [gru] Epoch 5/20 | Global examples: 263424 | Avg Loss (last 1024 ex): 0.2130
2026-07-26 17:34:52,948 - INFO: [gru] Epoch 5/20 | Global examples: 264448 | Avg Loss (last 1024 ex): 0.2163
2026-07-26 17:34:58,408 - INFO: [gru] Epoch 5/20 | Global examples: 265472 | Avg Loss (last 1024 ex): 0.2173
2026-07-26 17:35:03,848 - INFO: [gru] Epoch 5/20 | Global examples: 266496 | Avg Loss (last 1024 ex): 0.2080
2026-07-26 17:35:09,287 - INFO: [gru] Epoch 5/20 | Global examples: 267520 | Avg Loss (last 1024 ex): 0.2191
2026-07-26 17:35:14,770 - INFO: [gru] Epoch 5/20 | Global examples: 268544 | Avg Loss (last 1024 ex): 0.2100
2026-07-26 17:35:20,219 - INFO: [gru] Epoch 5/20 | Global examples: 269568 | Avg Loss (last 1024 ex): 0.2186
2026-07-26 17:35:25,678 - INFO: [gru] Epoch 5/20 | Global examples: 270592 | Avg Loss (last 1024 ex): 0.2313
2026-07-26 17:35:31,200 - INFO: [gru] Epoch 5/20 | Global examples: 271616 | Avg Loss (last 1024 ex): 0.2209
2026-07-26 17:35:36,700 - INFO: [gru] Epoch 5/20 | Global examples: 272640 | Avg Loss (last 1024 ex): 0.2249
2026-07-26 17:35:42,088 - INFO: [gru] Epoch 5/20 | Global examples: 273664 | Avg Loss (last 1024 ex): 0.2307
2026-07-26 17:35:47,525 - INFO: [gru] Epoch 5/20 | Global examples: 274688 | Avg Loss (last 1024 ex): 0.2289
2026-07-26 17:35:53,024 - INFO: [gru] Epoch 5/20 | Global examples: 275712 | Avg Loss (last 1024 ex): 0.2084
2026-07-26 17:35:58,514 - INFO: [gru] Epoch 5/20 | Global examples: 276736 | Avg Loss (last 1024 ex): 0.2053
2026-07-26 17:36:04,000 - INFO: [gru] Epoch 5/20 | Global examples: 277760 | Avg Loss (last 1024 ex): 0.2131
2026-07-26 17:36:09,521 - INFO: [gru] Epoch 5/20 | Global examples: 278784 | Avg Loss (last 1024 ex): 0.2146
2026-07-26 17:36:15,042 - INFO: [gru] Epoch 5/20 | Global examples: 279808 | Avg Loss (last 1024 ex): 0.2154
2026-07-26 17:36:20,472 - INFO: [gru] Epoch 5/20 | Global examples: 280832 | Avg Loss (last 1024 ex): 0.2366
2026-07-26 17:36:26,023 - INFO: [gru] Epoch 5/20 | Global examples: 281856 | Avg Loss (last 1024 ex): 0.2085
2026-07-26 17:36:31,485 - INFO: [gru] Epoch 5/20 | Global examples: 282880 | Avg Loss (last 1024 ex): 0.2189
2026-07-26 17:36:37,014 - INFO: [gru] Epoch 5/20 | Global examples: 283904 | Avg Loss (last 1024 ex): 0.2289
2026-07-26 17:36:42,436 - INFO: [gru] Epoch 5/20 | Global examples: 284928 | Avg Loss (last 1024 ex): 0.2136
2026-07-26 17:36:47,841 - INFO: [gru] Epoch 5/20 | Global examples: 285952 | Avg Loss (last 1024 ex): 0.2154
2026-07-26 17:36:53,349 - INFO: [gru] Epoch 5/20 | Global examples: 286976 | Avg Loss (last 1024 ex): 0.2116
2026-07-26 17:36:58,793 - INFO: [gru] Epoch 5/20 | Global examples: 288000 | Avg Loss (last 1024 ex): 0.2262
2026-07-26 17:37:04,330 - INFO: [gru] Epoch 5/20 | Global examples: 289024 | Avg Loss (last 1024 ex): 0.2215
2026-07-26 17:37:09,756 - INFO: [gru] Epoch 5/20 | Global examples: 290048 | Avg Loss (last 1024 ex): 0.2020
2026-07-26 17:37:15,248 - INFO: [gru] Epoch 5/20 | Global examples: 291072 | Avg Loss (last 1024 ex): 0.2014
2026-07-26 17:37:20,766 - INFO: [gru] Epoch 5/20 | Global examples: 292096 | Avg Loss (last 1024 ex): 0.2028
2026-07-26 17:37:21,159 - INFO: [gru] Epoch 5/20 | Global examples: 292160 | Avg Loss (last 64 ex): 0.1996
2026-07-26 17:37:22,631 - INFO: [gru] Epoch 5 Val | Examples: 1024 | Avg Loss (last 1024 ex): 0.2046
2026-07-26 17:37:24,086 - INFO: [gru] Epoch 5 Val | Examples: 2048 | Avg Loss (last 1024 ex): 0.2043
2026-07-26 17:37:25,544 - INFO: [gru] Epoch 5 Val | Examples: 3072 | Avg Loss (last 1024 ex): 0.2069
2026-07-26 17:37:27,003 - INFO: [gru] Epoch 5 Val | Examples: 4096 | Avg Loss (last 1024 ex): 0.1998
2026-07-26 17:37:28,455 - INFO: [gru] Epoch 5 Val | Examples: 5120 | Avg Loss (last 1024 ex): 0.2016
2026-07-26 17:37:28,455 - INFO: [gru] === Epoch 5 done | Train Loss: 0.2171 | Val Loss: 0.2034 | Time: 312.5s ===
2026-07-26 17:37:28,491 - INFO: [gru] Model saved to ../model/gru_epoch5.pth
2026-07-26 17:37:34,031 - INFO: [gru] Epoch 6/20 | Global examples: 293184 | Avg Loss (last 1024 ex): 0.2061
2026-07-26 17:37:39,521 - INFO: [gru] Epoch 6/20 | Global examples: 294208 | Avg Loss (last 1024 ex): 0.1902
2026-07-26 17:37:44,981 - INFO: [gru] Epoch 6/20 | Global examples: 295232 | Avg Loss (last 1024 ex): 0.2199
2026-07-26 17:37:50,517 - INFO: [gru] Epoch 6/20 | Global examples: 296256 | Avg Loss (last 1024 ex): 0.1946
2026-07-26 17:37:56,013 - INFO: [gru] Epoch 6/20 | Global examples: 297280 | Avg Loss (last 1024 ex): 0.2103
2026-07-26 17:38:01,525 - INFO: [gru] Epoch 6/20 | Global examples: 298304 | Avg Loss (last 1024 ex): 0.2094
2026-07-26 17:38:06,982 - INFO: [gru] Epoch 6/20 | Global examples: 299328 | Avg Loss (last 1024 ex): 0.1901
2026-07-26 17:38:12,479 - INFO: [gru] Epoch 6/20 | Global examples: 300352 | Avg Loss (last 1024 ex): 0.1958
2026-07-26 17:38:17,995 - INFO: [gru] Epoch 6/20 | Global examples: 301376 | Avg Loss (last 1024 ex): 0.2192
2026-07-26 17:38:23,415 - INFO: [gru] Epoch 6/20 | Global examples: 302400 | Avg Loss (last 1024 ex): 0.2025
2026-07-26 17:38:28,925 - INFO: [gru] Epoch 6/20 | Global examples: 303424 | Avg Loss (last 1024 ex): 0.2050
2026-07-26 17:38:34,466 - INFO: [gru] Epoch 6/20 | Global examples: 304448 | Avg Loss (last 1024 ex): 0.2005
2026-07-26 17:38:40,351 - INFO: [gru] Epoch 6/20 | Global examples: 305472 | Avg Loss (last 1024 ex): 0.2155
2026-07-26 17:38:46,185 - INFO: [gru] Epoch 6/20 | Global examples: 306496 | Avg Loss (last 1024 ex): 0.2145
2026-07-26 17:38:51,743 - INFO: [gru] Epoch 6/20 | Global examples: 307520 | Avg Loss (last 1024 ex): 0.2067
2026-07-26 17:38:57,294 - INFO: [gru] Epoch 6/20 | Global examples: 308544 | Avg Loss (last 1024 ex): 0.2112
2026-07-26 17:39:02,782 - INFO: [gru] Epoch 6/20 | Global examples: 309568 | Avg Loss (last 1024 ex): 0.2086
2026-07-26 17:39:08,301 - INFO: [gru] Epoch 6/20 | Global examples: 310592 | Avg Loss (last 1024 ex): 0.1929
2026-07-26 17:39:13,792 - INFO: [gru] Epoch 6/20 | Global examples: 311616 | Avg Loss (last 1024 ex): 0.2093
2026-07-26 17:39:19,375 - INFO: [gru] Epoch 6/20 | Global examples: 312640 | Avg Loss (last 1024 ex): 0.2048
2026-07-26 17:39:24,822 - INFO: [gru] Epoch 6/20 | Global examples: 313664 | Avg Loss (last 1024 ex): 0.2015
2026-07-26 17:39:30,271 - INFO: [gru] Epoch 6/20 | Global examples: 314688 | Avg Loss (last 1024 ex): 0.2064
2026-07-26 17:39:35,764 - INFO: [gru] Epoch 6/20 | Global examples: 315712 | Avg Loss (last 1024 ex): 0.2131
2026-07-26 17:39:41,300 - INFO: [gru] Epoch 6/20 | Global examples: 316736 | Avg Loss (last 1024 ex): 0.1998
2026-07-26 17:39:46,762 - INFO: [gru] Epoch 6/20 | Global examples: 317760 | Avg Loss (last 1024 ex): 0.2048
2026-07-26 17:39:52,220 - INFO: [gru] Epoch 6/20 | Global examples: 318784 | Avg Loss (last 1024 ex): 0.1995
2026-07-26 17:39:57,686 - INFO: [gru] Epoch 6/20 | Global examples: 319808 | Avg Loss (last 1024 ex): 0.2058
2026-07-26 17:40:03,082 - INFO: [gru] Epoch 6/20 | Global examples: 320832 | Avg Loss (last 1024 ex): 0.2229
2026-07-26 17:40:08,606 - INFO: [gru] Epoch 6/20 | Global examples: 321856 | Avg Loss (last 1024 ex): 0.2147
2026-07-26 17:40:14,063 - INFO: [gru] Epoch 6/20 | Global examples: 322880 | Avg Loss (last 1024 ex): 0.2071
2026-07-26 17:40:19,545 - INFO: [gru] Epoch 6/20 | Global examples: 323904 | Avg Loss (last 1024 ex): 0.2278
2026-07-26 17:40:25,093 - INFO: [gru] Epoch 6/20 | Global examples: 324928 | Avg Loss (last 1024 ex): 0.2082
2026-07-26 17:40:30,537 - INFO: [gru] Epoch 6/20 | Global examples: 325952 | Avg Loss (last 1024 ex): 0.1969
2026-07-26 17:40:36,112 - INFO: [gru] Epoch 6/20 | Global examples: 326976 | Avg Loss (last 1024 ex): 0.2039
2026-07-26 17:40:41,564 - INFO: [gru] Epoch 6/20 | Global examples: 328000 | Avg Loss (last 1024 ex): 0.1981
2026-07-26 17:40:46,978 - INFO: [gru] Epoch 6/20 | Global examples: 329024 | Avg Loss (last 1024 ex): 0.2084
2026-07-26 17:40:52,501 - INFO: [gru] Epoch 6/20 | Global examples: 330048 | Avg Loss (last 1024 ex): 0.2093
2026-07-26 17:40:57,952 - INFO: [gru] Epoch 6/20 | Global examples: 331072 | Avg Loss (last 1024 ex): 0.2148
2026-07-26 17:41:03,381 - INFO: [gru] Epoch 6/20 | Global examples: 332096 | Avg Loss (last 1024 ex): 0.2007
2026-07-26 17:41:08,886 - INFO: [gru] Epoch 6/20 | Global examples: 333120 | Avg Loss (last 1024 ex): 0.2127
2026-07-26 17:41:14,542 - INFO: [gru] Epoch 6/20 | Global examples: 334144 | Avg Loss (last 1024 ex): 0.2211
2026-07-26 17:41:19,974 - INFO: [gru] Epoch 6/20 | Global examples: 335168 | Avg Loss (last 1024 ex): 0.2094
2026-07-26 17:41:25,506 - INFO: [gru] Epoch 6/20 | Global examples: 336192 | Avg Loss (last 1024 ex): 0.2062
2026-07-26 17:41:31,041 - INFO: [gru] Epoch 6/20 | Global examples: 337216 | Avg Loss (last 1024 ex): 0.2106
2026-07-26 17:41:36,513 - INFO: [gru] Epoch 6/20 | Global examples: 338240 | Avg Loss (last 1024 ex): 0.2136
2026-07-26 17:41:41,934 - INFO: [gru] Epoch 6/20 | Global examples: 339264 | Avg Loss (last 1024 ex): 0.2051
2026-07-26 17:41:47,417 - INFO: [gru] Epoch 6/20 | Global examples: 340288 | Avg Loss (last 1024 ex): 0.2090
2026-07-26 17:41:53,006 - INFO: [gru] Epoch 6/20 | Global examples: 341312 | Avg Loss (last 1024 ex): 0.2159
2026-07-26 17:41:58,641 - INFO: [gru] Epoch 6/20 | Global examples: 342336 | Avg Loss (last 1024 ex): 0.2023
2026-07-26 17:42:04,170 - INFO: [gru] Epoch 6/20 | Global examples: 343360 | Avg Loss (last 1024 ex): 0.1975
2026-07-26 17:42:09,610 - INFO: [gru] Epoch 6/20 | Global examples: 344384 | Avg Loss (last 1024 ex): 0.2277
2026-07-26 17:42:15,062 - INFO: [gru] Epoch 6/20 | Global examples: 345408 | Avg Loss (last 1024 ex): 0.2080
2026-07-26 17:42:20,498 - INFO: [gru] Epoch 6/20 | Global examples: 346432 | Avg Loss (last 1024 ex): 0.2103
2026-07-26 17:42:25,989 - INFO: [gru] Epoch 6/20 | Global examples: 347456 | Avg Loss (last 1024 ex): 0.2016
2026-07-26 17:42:31,431 - INFO: [gru] Epoch 6/20 | Global examples: 348480 | Avg Loss (last 1024 ex): 0.2147
2026-07-26 17:42:37,004 - INFO: [gru] Epoch 6/20 | Global examples: 349504 | Avg Loss (last 1024 ex): 0.2073
2026-07-26 17:42:42,602 - INFO: [gru] Epoch 6/20 | Global examples: 350528 | Avg Loss (last 1024 ex): 0.2053
2026-07-26 17:42:42,929 - INFO: [gru] Epoch 6/20 | Global examples: 350592 | Avg Loss (last 64 ex): 0.1391
2026-07-26 17:42:44,388 - INFO: [gru] Epoch 6 Val | Examples: 1024 | Avg Loss (last 1024 ex): 0.2077
2026-07-26 17:42:45,849 - INFO: [gru] Epoch 6 Val | Examples: 2048 | Avg Loss (last 1024 ex): 0.1994
2026-07-26 17:42:47,327 - INFO: [gru] Epoch 6 Val | Examples: 3072 | Avg Loss (last 1024 ex): 0.2154
2026-07-26 17:42:48,798 - INFO: [gru] Epoch 6 Val | Examples: 4096 | Avg Loss (last 1024 ex): 0.1866
2026-07-26 17:42:50,261 - INFO: [gru] Epoch 6 Val | Examples: 5120 | Avg Loss (last 1024 ex): 0.1933
2026-07-26 17:42:50,261 - INFO: [gru] === Epoch 6 done | Train Loss: 0.2075 | Val Loss: 0.2005 | Time: 314.4s ===
2026-07-26 17:42:50,305 - INFO: [gru] Model saved to ../model/gru_epoch6.pth
2026-07-26 17:42:55,871 - INFO: [gru] Epoch 7/20 | Global examples: 351616 | Avg Loss (last 1024 ex): 0.1983
2026-07-26 17:43:01,319 - INFO: [gru] Epoch 7/20 | Global examples: 352640 | Avg Loss (last 1024 ex): 0.1970
2026-07-26 17:43:06,841 - INFO: [gru] Epoch 7/20 | Global examples: 353664 | Avg Loss (last 1024 ex): 0.1895
2026-07-26 17:43:12,368 - INFO: [gru] Epoch 7/20 | Global examples: 354688 | Avg Loss (last 1024 ex): 0.1979
2026-07-26 17:43:17,919 - INFO: [gru] Epoch 7/20 | Global examples: 355712 | Avg Loss (last 1024 ex): 0.2143
2026-07-26 17:43:23,448 - INFO: [gru] Epoch 7/20 | Global examples: 356736 | Avg Loss (last 1024 ex): 0.1971
2026-07-26 17:43:28,910 - INFO: [gru] Epoch 7/20 | Global examples: 357760 | Avg Loss (last 1024 ex): 0.2038
2026-07-26 17:43:34,367 - INFO: [gru] Epoch 7/20 | Global examples: 358784 | Avg Loss (last 1024 ex): 0.1829
2026-07-26 17:43:39,811 - INFO: [gru] Epoch 7/20 | Global examples: 359808 | Avg Loss (last 1024 ex): 0.2015
2026-07-26 17:43:45,244 - INFO: [gru] Epoch 7/20 | Global examples: 360832 | Avg Loss (last 1024 ex): 0.1959
2026-07-26 17:43:50,731 - INFO: [gru] Epoch 7/20 | Global examples: 361856 | Avg Loss (last 1024 ex): 0.1896
2026-07-26 17:43:56,170 - INFO: [gru] Epoch 7/20 | Global examples: 362880 | Avg Loss (last 1024 ex): 0.2070
2026-07-26 17:44:01,718 - INFO: [gru] Epoch 7/20 | Global examples: 363904 | Avg Loss (last 1024 ex): 0.1961
2026-07-26 17:44:07,207 - INFO: [gru] Epoch 7/20 | Global examples: 364928 | Avg Loss (last 1024 ex): 0.2014
2026-07-26 17:44:12,690 - INFO: [gru] Epoch 7/20 | Global examples: 365952 | Avg Loss (last 1024 ex): 0.2057
2026-07-26 17:44:18,168 - INFO: [gru] Epoch 7/20 | Global examples: 366976 | Avg Loss (last 1024 ex): 0.2007
2026-07-26 17:44:23,695 - INFO: [gru] Epoch 7/20 | Global examples: 368000 | Avg Loss (last 1024 ex): 0.2032
2026-07-26 17:44:29,167 - INFO: [gru] Epoch 7/20 | Global examples: 369024 | Avg Loss (last 1024 ex): 0.2072
2026-07-26 17:44:34,695 - INFO: [gru] Epoch 7/20 | Global examples: 370048 | Avg Loss (last 1024 ex): 0.1961
2026-07-26 17:44:40,222 - INFO: [gru] Epoch 7/20 | Global examples: 371072 | Avg Loss (last 1024 ex): 0.1999
2026-07-26 17:44:45,829 - INFO: [gru] Epoch 7/20 | Global examples: 372096 | Avg Loss (last 1024 ex): 0.2002
2026-07-26 17:44:51,329 - INFO: [gru] Epoch 7/20 | Global examples: 373120 | Avg Loss (last 1024 ex): 0.1887
2026-07-26 17:44:56,796 - INFO: [gru] Epoch 7/20 | Global examples: 374144 | Avg Loss (last 1024 ex): 0.2044
2026-07-26 17:45:02,290 - INFO: [gru] Epoch 7/20 | Global examples: 375168 | Avg Loss (last 1024 ex): 0.2078
2026-07-26 17:45:07,780 - INFO: [gru] Epoch 7/20 | Global examples: 376192 | Avg Loss (last 1024 ex): 0.2116
2026-07-26 17:45:13,279 - INFO: [gru] Epoch 7/20 | Global examples: 377216 | Avg Loss (last 1024 ex): 0.1920
2026-07-26 17:45:18,811 - INFO: [gru] Epoch 7/20 | Global examples: 378240 | Avg Loss (last 1024 ex): 0.2033
2026-07-26 17:45:24,287 - INFO: [gru] Epoch 7/20 | Global examples: 379264 | Avg Loss (last 1024 ex): 0.2180
2026-07-26 17:45:29,826 - INFO: [gru] Epoch 7/20 | Global examples: 380288 | Avg Loss (last 1024 ex): 0.2046
2026-07-26 17:45:35,320 - INFO: [gru] Epoch 7/20 | Global examples: 381312 | Avg Loss (last 1024 ex): 0.2223
2026-07-26 17:45:40,831 - INFO: [gru] Epoch 7/20 | Global examples: 382336 | Avg Loss (last 1024 ex): 0.2026
2026-07-26 17:45:46,428 - INFO: [gru] Epoch 7/20 | Global examples: 383360 | Avg Loss (last 1024 ex): 0.2198
2026-07-26 17:45:51,929 - INFO: [gru] Epoch 7/20 | Global examples: 384384 | Avg Loss (last 1024 ex): 0.2086
2026-07-26 17:45:57,430 - INFO: [gru] Epoch 7/20 | Global examples: 385408 | Avg Loss (last 1024 ex): 0.1979
2026-07-26 17:46:02,913 - INFO: [gru] Epoch 7/20 | Global examples: 386432 | Avg Loss (last 1024 ex): 0.2070
2026-07-26 17:46:08,365 - INFO: [gru] Epoch 7/20 | Global examples: 387456 | Avg Loss (last 1024 ex): 0.2040
2026-07-26 17:46:13,811 - INFO: [gru] Epoch 7/20 | Global examples: 388480 | Avg Loss (last 1024 ex): 0.2035
2026-07-26 17:46:19,326 - INFO: [gru] Epoch 7/20 | Global examples: 389504 | Avg Loss (last 1024 ex): 0.1959
2026-07-26 17:46:24,884 - INFO: [gru] Epoch 7/20 | Global examples: 390528 | Avg Loss (last 1024 ex): 0.2214
2026-07-26 17:46:30,414 - INFO: [gru] Epoch 7/20 | Global examples: 391552 | Avg Loss (last 1024 ex): 0.2121
2026-07-26 17:46:35,857 - INFO: [gru] Epoch 7/20 | Global examples: 392576 | Avg Loss (last 1024 ex): 0.2041
2026-07-26 17:46:41,274 - INFO: [gru] Epoch 7/20 | Global examples: 393600 | Avg Loss (last 1024 ex): 0.2056
2026-07-26 17:46:46,729 - INFO: [gru] Epoch 7/20 | Global examples: 394624 | Avg Loss (last 1024 ex): 0.1994
2026-07-26 17:46:52,117 - INFO: [gru] Epoch 7/20 | Global examples: 395648 | Avg Loss (last 1024 ex): 0.2235
2026-07-26 17:46:57,630 - INFO: [gru] Epoch 7/20 | Global examples: 396672 | Avg Loss (last 1024 ex): 0.1968
2026-07-26 17:47:03,088 - INFO: [gru] Epoch 7/20 | Global examples: 397696 | Avg Loss (last 1024 ex): 0.1775
2026-07-26 17:47:08,541 - INFO: [gru] Epoch 7/20 | Global examples: 398720 | Avg Loss (last 1024 ex): 0.2004
2026-07-26 17:47:14,019 - INFO: [gru] Epoch 7/20 | Global examples: 399744 | Avg Loss (last 1024 ex): 0.2207
2026-07-26 17:47:19,422 - INFO: [gru] Epoch 7/20 | Global examples: 400768 | Avg Loss (last 1024 ex): 0.1946
2026-07-26 17:47:24,890 - INFO: [gru] Epoch 7/20 | Global examples: 401792 | Avg Loss (last 1024 ex): 0.2145
2026-07-26 17:47:30,384 - INFO: [gru] Epoch 7/20 | Global examples: 402816 | Avg Loss (last 1024 ex): 0.1909
2026-07-26 17:47:35,879 - INFO: [gru] Epoch 7/20 | Global examples: 403840 | Avg Loss (last 1024 ex): 0.1916
2026-07-26 17:47:41,393 - INFO: [gru] Epoch 7/20 | Global examples: 404864 | Avg Loss (last 1024 ex): 0.2038
2026-07-26 17:47:46,896 - INFO: [gru] Epoch 7/20 | Global examples: 405888 | Avg Loss (last 1024 ex): 0.1953
2026-07-26 17:47:52,371 - INFO: [gru] Epoch 7/20 | Global examples: 406912 | Avg Loss (last 1024 ex): 0.1941
2026-07-26 17:47:57,859 - INFO: [gru] Epoch 7/20 | Global examples: 407936 | Avg Loss (last 1024 ex): 0.2061
2026-07-26 17:48:03,337 - INFO: [gru] Epoch 7/20 | Global examples: 408960 | Avg Loss (last 1024 ex): 0.2058
2026-07-26 17:48:03,689 - INFO: [gru] Epoch 7/20 | Global examples: 409024 | Avg Loss (last 64 ex): 0.1560
2026-07-26 17:48:05,124 - INFO: [gru] Epoch 7 Val | Examples: 1024 | Avg Loss (last 1024 ex): 0.1851
2026-07-26 17:48:06,551 - INFO: [gru] Epoch 7 Val | Examples: 2048 | Avg Loss (last 1024 ex): 0.1972
2026-07-26 17:48:07,993 - INFO: [gru] Epoch 7 Val | Examples: 3072 | Avg Loss (last 1024 ex): 0.2044
2026-07-26 17:48:09,428 - INFO: [gru] Epoch 7 Val | Examples: 4096 | Avg Loss (last 1024 ex): 0.1952
2026-07-26 17:48:10,878 - INFO: [gru] Epoch 7 Val | Examples: 5120 | Avg Loss (last 1024 ex): 0.1943
2026-07-26 17:48:10,879 - INFO: [gru] === Epoch 7 done | Train Loss: 0.2023 | Val Loss: 0.1952 | Time: 313.4s ===
2026-07-26 17:48:10,912 - INFO: [gru] Model saved to ../model/gru_epoch7.pth
2026-07-26 17:48:16,407 - INFO: [gru] Epoch 8/20 | Global examples: 410048 | Avg Loss (last 1024 ex): 0.1932
2026-07-26 17:48:21,923 - INFO: [gru] Epoch 8/20 | Global examples: 411072 | Avg Loss (last 1024 ex): 0.1921
2026-07-26 17:48:27,310 - INFO: [gru] Epoch 8/20 | Global examples: 412096 | Avg Loss (last 1024 ex): 0.1993
2026-07-26 17:48:32,765 - INFO: [gru] Epoch 8/20 | Global examples: 413120 | Avg Loss (last 1024 ex): 0.1987
2026-07-26 17:48:38,180 - INFO: [gru] Epoch 8/20 | Global examples: 414144 | Avg Loss (last 1024 ex): 0.1987
2026-07-26 17:48:43,762 - INFO: [gru] Epoch 8/20 | Global examples: 415168 | Avg Loss (last 1024 ex): 0.1904
2026-07-26 17:48:49,239 - INFO: [gru] Epoch 8/20 | Global examples: 416192 | Avg Loss (last 1024 ex): 0.1939
2026-07-26 17:48:54,681 - INFO: [gru] Epoch 8/20 | Global examples: 417216 | Avg Loss (last 1024 ex): 0.2032
2026-07-26 17:49:00,185 - INFO: [gru] Epoch 8/20 | Global examples: 418240 | Avg Loss (last 1024 ex): 0.1915
2026-07-26 17:49:05,742 - INFO: [gru] Epoch 8/20 | Global examples: 419264 | Avg Loss (last 1024 ex): 0.2069
2026-07-26 17:49:11,260 - INFO: [gru] Epoch 8/20 | Global examples: 420288 | Avg Loss (last 1024 ex): 0.1746
2026-07-26 17:49:16,791 - INFO: [gru] Epoch 8/20 | Global examples: 421312 | Avg Loss (last 1024 ex): 0.2109
2026-07-26 17:49:22,247 - INFO: [gru] Epoch 8/20 | Global examples: 422336 | Avg Loss (last 1024 ex): 0.1891
2026-07-26 17:49:27,726 - INFO: [gru] Epoch 8/20 | Global examples: 423360 | Avg Loss (last 1024 ex): 0.1978
2026-07-26 17:49:33,153 - INFO: [gru] Epoch 8/20 | Global examples: 424384 | Avg Loss (last 1024 ex): 0.1992
2026-07-26 17:49:38,623 - INFO: [gru] Epoch 8/20 | Global examples: 425408 | Avg Loss (last 1024 ex): 0.1976
2026-07-26 17:49:44,050 - INFO: [gru] Epoch 8/20 | Global examples: 426432 | Avg Loss (last 1024 ex): 0.2086
2026-07-26 17:49:49,646 - INFO: [gru] Epoch 8/20 | Global examples: 427456 | Avg Loss (last 1024 ex): 0.1972
2026-07-26 17:49:55,210 - INFO: [gru] Epoch 8/20 | Global examples: 428480 | Avg Loss (last 1024 ex): 0.2103
2026-07-26 17:50:00,719 - INFO: [gru] Epoch 8/20 | Global examples: 429504 | Avg Loss (last 1024 ex): 0.1988
2026-07-26 17:50:06,161 - INFO: [gru] Epoch 8/20 | Global examples: 430528 | Avg Loss (last 1024 ex): 0.2139
2026-07-26 17:50:11,594 - INFO: [gru] Epoch 8/20 | Global examples: 431552 | Avg Loss (last 1024 ex): 0.1966
2026-07-26 17:50:17,052 - INFO: [gru] Epoch 8/20 | Global examples: 432576 | Avg Loss (last 1024 ex): 0.1839
2026-07-26 17:50:22,548 - INFO: [gru] Epoch 8/20 | Global examples: 433600 | Avg Loss (last 1024 ex): 0.1873
2026-07-26 17:50:28,050 - INFO: [gru] Epoch 8/20 | Global examples: 434624 | Avg Loss (last 1024 ex): 0.2034
2026-07-26 17:50:33,590 - INFO: [gru] Epoch 8/20 | Global examples: 435648 | Avg Loss (last 1024 ex): 0.2068
2026-07-26 17:50:39,072 - INFO: [gru] Epoch 8/20 | Global examples: 436672 | Avg Loss (last 1024 ex): 0.2131
2026-07-26 17:50:44,626 - INFO: [gru] Epoch 8/20 | Global examples: 437696 | Avg Loss (last 1024 ex): 0.1940
2026-07-26 17:50:50,142 - INFO: [gru] Epoch 8/20 | Global examples: 438720 | Avg Loss (last 1024 ex): 0.2037
2026-07-26 17:50:55,575 - INFO: [gru] Epoch 8/20 | Global examples: 439744 | Avg Loss (last 1024 ex): 0.2011
2026-07-26 17:51:01,051 - INFO: [gru] Epoch 8/20 | Global examples: 440768 | Avg Loss (last 1024 ex): 0.1947
2026-07-26 17:51:06,508 - INFO: [gru] Epoch 8/20 | Global examples: 441792 | Avg Loss (last 1024 ex): 0.1938
2026-07-26 17:51:12,034 - INFO: [gru] Epoch 8/20 | Global examples: 442816 | Avg Loss (last 1024 ex): 0.1900
2026-07-26 17:51:17,474 - INFO: [gru] Epoch 8/20 | Global examples: 443840 | Avg Loss (last 1024 ex): 0.1905
2026-07-26 17:51:23,084 - INFO: [gru] Epoch 8/20 | Global examples: 444864 | Avg Loss (last 1024 ex): 0.1789
2026-07-26 17:51:28,599 - INFO: [gru] Epoch 8/20 | Global examples: 445888 | Avg Loss (last 1024 ex): 0.1986
2026-07-26 17:51:34,053 - INFO: [gru] Epoch 8/20 | Global examples: 446912 | Avg Loss (last 1024 ex): 0.1932
2026-07-26 17:51:39,560 - INFO: [gru] Epoch 8/20 | Global examples: 447936 | Avg Loss (last 1024 ex): 0.2142
2026-07-26 17:51:45,090 - INFO: [gru] Epoch 8/20 | Global examples: 448960 | Avg Loss (last 1024 ex): 0.1992
2026-07-26 17:51:50,594 - INFO: [gru] Epoch 8/20 | Global examples: 449984 | Avg Loss (last 1024 ex): 0.2035
2026-07-26 17:51:56,034 - INFO: [gru] Epoch 8/20 | Global examples: 451008 | Avg Loss (last 1024 ex): 0.2055
2026-07-26 17:52:01,492 - INFO: [gru] Epoch 8/20 | Global examples: 452032 | Avg Loss (last 1024 ex): 0.2022
2026-07-26 17:52:07,050 - INFO: [gru] Epoch 8/20 | Global examples: 453056 | Avg Loss (last 1024 ex): 0.2161
2026-07-26 17:52:12,557 - INFO: [gru] Epoch 8/20 | Global examples: 454080 | Avg Loss (last 1024 ex): 0.1977
2026-07-26 17:52:17,985 - INFO: [gru] Epoch 8/20 | Global examples: 455104 | Avg Loss (last 1024 ex): 0.1889
2026-07-26 17:52:23,518 - INFO: [gru] Epoch 8/20 | Global examples: 456128 | Avg Loss (last 1024 ex): 0.1878
2026-07-26 17:52:29,007 - INFO: [gru] Epoch 8/20 | Global examples: 457152 | Avg Loss (last 1024 ex): 0.2017
2026-07-26 17:52:34,511 - INFO: [gru] Epoch 8/20 | Global examples: 458176 | Avg Loss (last 1024 ex): 0.2012
2026-07-26 17:52:40,037 - INFO: [gru] Epoch 8/20 | Global examples: 459200 | Avg Loss (last 1024 ex): 0.1959
2026-07-26 17:52:45,502 - INFO: [gru] Epoch 8/20 | Global examples: 460224 | Avg Loss (last 1024 ex): 0.1959
2026-07-26 17:52:51,021 - INFO: [gru] Epoch 8/20 | Global examples: 461248 | Avg Loss (last 1024 ex): 0.1991
2026-07-26 17:52:56,495 - INFO: [gru] Epoch 8/20 | Global examples: 462272 | Avg Loss (last 1024 ex): 0.2069
2026-07-26 17:53:02,012 - INFO: [gru] Epoch 8/20 | Global examples: 463296 | Avg Loss (last 1024 ex): 0.2101
2026-07-26 17:53:07,516 - INFO: [gru] Epoch 8/20 | Global examples: 464320 | Avg Loss (last 1024 ex): 0.2115
2026-07-26 17:53:13,041 - INFO: [gru] Epoch 8/20 | Global examples: 465344 | Avg Loss (last 1024 ex): 0.1996
2026-07-26 17:53:18,538 - INFO: [gru] Epoch 8/20 | Global examples: 466368 | Avg Loss (last 1024 ex): 0.1867
2026-07-26 17:53:24,124 - INFO: [gru] Epoch 8/20 | Global examples: 467392 | Avg Loss (last 1024 ex): 0.1916
2026-07-26 17:53:24,475 - INFO: [gru] Epoch 8/20 | Global examples: 467456 | Avg Loss (last 64 ex): 0.2315
2026-07-26 17:53:25,925 - INFO: [gru] Epoch 8 Val | Examples: 1024 | Avg Loss (last 1024 ex): 0.1991
2026-07-26 17:53:27,369 - INFO: [gru] Epoch 8 Val | Examples: 2048 | Avg Loss (last 1024 ex): 0.2055
2026-07-26 17:53:28,848 - INFO: [gru] Epoch 8 Val | Examples: 3072 | Avg Loss (last 1024 ex): 0.2005
2026-07-26 17:53:30,313 - INFO: [gru] Epoch 8 Val | Examples: 4096 | Avg Loss (last 1024 ex): 0.1853
2026-07-26 17:53:31,770 - INFO: [gru] Epoch 8 Val | Examples: 5120 | Avg Loss (last 1024 ex): 0.1941
2026-07-26 17:53:31,771 - INFO: [gru] === Epoch 8 done | Train Loss: 0.1985 | Val Loss: 0.1969 | Time: 313.6s ===
2026-07-26 17:53:31,814 - INFO: [gru] Model saved to ../model/gru_epoch8.pth
2026-07-26 17:53:37,314 - INFO: [gru] Epoch 9/20 | Global examples: 468480 | Avg Loss (last 1024 ex): 0.1806
2026-07-26 17:53:42,772 - INFO: [gru] Epoch 9/20 | Global examples: 469504 | Avg Loss (last 1024 ex): 0.1916
2026-07-26 17:53:48,301 - INFO: [gru] Epoch 9/20 | Global examples: 470528 | Avg Loss (last 1024 ex): 0.1729
2026-07-26 17:53:53,804 - INFO: [gru] Epoch 9/20 | Global examples: 471552 | Avg Loss (last 1024 ex): 0.1809
2026-07-26 17:53:59,373 - INFO: [gru] Epoch 9/20 | Global examples: 472576 | Avg Loss (last 1024 ex): 0.2082
2026-07-26 17:54:04,934 - INFO: [gru] Epoch 9/20 | Global examples: 473600 | Avg Loss (last 1024 ex): 0.1901
2026-07-26 17:54:10,413 - INFO: [gru] Epoch 9/20 | Global examples: 474624 | Avg Loss (last 1024 ex): 0.1839
2026-07-26 17:54:15,925 - INFO: [gru] Epoch 9/20 | Global examples: 475648 | Avg Loss (last 1024 ex): 0.1747
2026-07-26 17:54:21,366 - INFO: [gru] Epoch 9/20 | Global examples: 476672 | Avg Loss (last 1024 ex): 0.1833
2026-07-26 17:54:26,864 - INFO: [gru] Epoch 9/20 | Global examples: 477696 | Avg Loss (last 1024 ex): 0.1898
2026-07-26 17:54:32,338 - INFO: [gru] Epoch 9/20 | Global examples: 478720 | Avg Loss (last 1024 ex): 0.1824
2026-07-26 17:54:37,760 - INFO: [gru] Epoch 9/20 | Global examples: 479744 | Avg Loss (last 1024 ex): 0.1883
2026-07-26 17:54:43,263 - INFO: [gru] Epoch 9/20 | Global examples: 480768 | Avg Loss (last 1024 ex): 0.2045
2026-07-26 17:54:48,761 - INFO: [gru] Epoch 9/20 | Global examples: 481792 | Avg Loss (last 1024 ex): 0.1790
2026-07-26 17:54:54,222 - INFO: [gru] Epoch 9/20 | Global examples: 482816 | Avg Loss (last 1024 ex): 0.1878
2026-07-26 17:54:59,720 - INFO: [gru] Epoch 9/20 | Global examples: 483840 | Avg Loss (last 1024 ex): 0.1828
2026-07-26 17:55:05,193 - INFO: [gru] Epoch 9/20 | Global examples: 484864 | Avg Loss (last 1024 ex): 0.1906
2026-07-26 17:55:10,638 - INFO: [gru] Epoch 9/20 | Global examples: 485888 | Avg Loss (last 1024 ex): 0.1970
2026-07-26 17:55:16,155 - INFO: [gru] Epoch 9/20 | Global examples: 486912 | Avg Loss (last 1024 ex): 0.2031
2026-07-26 17:55:21,663 - INFO: [gru] Epoch 9/20 | Global examples: 487936 | Avg Loss (last 1024 ex): 0.1819
2026-07-26 17:55:27,255 - INFO: [gru] Epoch 9/20 | Global examples: 488960 | Avg Loss (last 1024 ex): 0.2040
2026-07-26 17:55:32,753 - INFO: [gru] Epoch 9/20 | Global examples: 489984 | Avg Loss (last 1024 ex): 0.1990
2026-07-26 17:55:38,292 - INFO: [gru] Epoch 9/20 | Global examples: 491008 | Avg Loss (last 1024 ex): 0.1943
2026-07-26 17:55:43,790 - INFO: [gru] Epoch 9/20 | Global examples: 492032 | Avg Loss (last 1024 ex): 0.1808
2026-07-26 17:55:49,282 - INFO: [gru] Epoch 9/20 | Global examples: 493056 | Avg Loss (last 1024 ex): 0.1932
2026-07-26 17:55:54,766 - INFO: [gru] Epoch 9/20 | Global examples: 494080 | Avg Loss (last 1024 ex): 0.1927
2026-07-26 17:56:00,294 - INFO: [gru] Epoch 9/20 | Global examples: 495104 | Avg Loss (last 1024 ex): 0.1917
2026-07-26 17:56:05,740 - INFO: [gru] Epoch 9/20 | Global examples: 496128 | Avg Loss (last 1024 ex): 0.2056
2026-07-26 17:56:11,270 - INFO: [gru] Epoch 9/20 | Global examples: 497152 | Avg Loss (last 1024 ex): 0.1975
2026-07-26 17:56:16,669 - INFO: [gru] Epoch 9/20 | Global examples: 498176 | Avg Loss (last 1024 ex): 0.2072
2026-07-26 17:56:22,197 - INFO: [gru] Epoch 9/20 | Global examples: 499200 | Avg Loss (last 1024 ex): 0.2012
2026-07-26 17:56:27,674 - INFO: [gru] Epoch 9/20 | Global examples: 500224 | Avg Loss (last 1024 ex): 0.1908
2026-07-26 17:56:33,196 - INFO: [gru] Epoch 9/20 | Global examples: 501248 | Avg Loss (last 1024 ex): 0.2117
2026-07-26 17:56:38,724 - INFO: [gru] Epoch 9/20 | Global examples: 502272 | Avg Loss (last 1024 ex): 0.1992
2026-07-26 17:56:44,198 - INFO: [gru] Epoch 9/20 | Global examples: 503296 | Avg Loss (last 1024 ex): 0.1942
2026-07-26 17:56:49,695 - INFO: [gru] Epoch 9/20 | Global examples: 504320 | Avg Loss (last 1024 ex): 0.1973
2026-07-26 17:56:55,190 - INFO: [gru] Epoch 9/20 | Global examples: 505344 | Avg Loss (last 1024 ex): 0.2093
2026-07-26 17:57:00,672 - INFO: [gru] Epoch 9/20 | Global examples: 506368 | Avg Loss (last 1024 ex): 0.1992
2026-07-26 17:57:06,137 - INFO: [gru] Epoch 9/20 | Global examples: 507392 | Avg Loss (last 1024 ex): 0.1876
2026-07-26 17:57:11,677 - INFO: [gru] Epoch 9/20 | Global examples: 508416 | Avg Loss (last 1024 ex): 0.2025
2026-07-26 17:57:17,162 - INFO: [gru] Epoch 9/20 | Global examples: 509440 | Avg Loss (last 1024 ex): 0.1961
2026-07-26 17:57:22,625 - INFO: [gru] Epoch 9/20 | Global examples: 510464 | Avg Loss (last 1024 ex): 0.2019
2026-07-26 17:57:28,105 - INFO: [gru] Epoch 9/20 | Global examples: 511488 | Avg Loss (last 1024 ex): 0.1976
2026-07-26 17:57:33,566 - INFO: [gru] Epoch 9/20 | Global examples: 512512 | Avg Loss (last 1024 ex): 0.1911
2026-07-26 17:57:39,033 - INFO: [gru] Epoch 9/20 | Global examples: 513536 | Avg Loss (last 1024 ex): 0.1950
2026-07-26 17:57:44,486 - INFO: [gru] Epoch 9/20 | Global examples: 514560 | Avg Loss (last 1024 ex): 0.1898
2026-07-26 17:57:50,034 - INFO: [gru] Epoch 9/20 | Global examples: 515584 | Avg Loss (last 1024 ex): 0.2051
2026-07-26 17:57:55,550 - INFO: [gru] Epoch 9/20 | Global examples: 516608 | Avg Loss (last 1024 ex): 0.1961
2026-07-26 17:58:01,082 - INFO: [gru] Epoch 9/20 | Global examples: 517632 | Avg Loss (last 1024 ex): 0.1983
2026-07-26 17:58:06,658 - INFO: [gru] Epoch 9/20 | Global examples: 518656 | Avg Loss (last 1024 ex): 0.1939
2026-07-26 17:58:12,228 - INFO: [gru] Epoch 9/20 | Global examples: 519680 | Avg Loss (last 1024 ex): 0.2098
2026-07-26 17:58:17,695 - INFO: [gru] Epoch 9/20 | Global examples: 520704 | Avg Loss (last 1024 ex): 0.1989
2026-07-26 17:58:23,150 - INFO: [gru] Epoch 9/20 | Global examples: 521728 | Avg Loss (last 1024 ex): 0.1865
2026-07-26 17:58:28,636 - INFO: [gru] Epoch 9/20 | Global examples: 522752 | Avg Loss (last 1024 ex): 0.1924
2026-07-26 17:58:34,089 - INFO: [gru] Epoch 9/20 | Global examples: 523776 | Avg Loss (last 1024 ex): 0.1844
2026-07-26 17:58:39,620 - INFO: [gru] Epoch 9/20 | Global examples: 524800 | Avg Loss (last 1024 ex): 0.2093
2026-07-26 17:58:45,301 - INFO: [gru] Epoch 9/20 | Global examples: 525824 | Avg Loss (last 1024 ex): 0.1995
2026-07-26 17:58:45,648 - INFO: [gru] Epoch 9/20 | Global examples: 525888 | Avg Loss (last 64 ex): 0.2323
2026-07-26 17:58:47,122 - INFO: [gru] Epoch 9 Val | Examples: 1024 | Avg Loss (last 1024 ex): 0.1797
2026-07-26 17:58:48,571 - INFO: [gru] Epoch 9 Val | Examples: 2048 | Avg Loss (last 1024 ex): 0.1884
2026-07-26 17:58:50,047 - INFO: [gru] Epoch 9 Val | Examples: 3072 | Avg Loss (last 1024 ex): 0.1951
2026-07-26 17:58:51,502 - INFO: [gru] Epoch 9 Val | Examples: 4096 | Avg Loss (last 1024 ex): 0.1846
2026-07-26 17:58:52,962 - INFO: [gru] Epoch 9 Val | Examples: 5120 | Avg Loss (last 1024 ex): 0.1865
2026-07-26 17:58:52,963 - INFO: [gru] === Epoch 9 done | Train Loss: 0.1940 | Val Loss: 0.1869 | Time: 313.8s ===
2026-07-26 17:58:53,000 - INFO: [gru] Model saved to ../model/gru_epoch9.pth
2026-07-26 17:58:58,472 - INFO: [gru] Epoch 10/20 | Global examples: 526912 | Avg Loss (last 1024 ex): 0.1794
2026-07-26 17:59:03,955 - INFO: [gru] Epoch 10/20 | Global examples: 527936 | Avg Loss (last 1024 ex): 0.1871
2026-07-26 17:59:09,494 - INFO: [gru] Epoch 10/20 | Global examples: 528960 | Avg Loss (last 1024 ex): 0.1860
2026-07-26 17:59:14,991 - INFO: [gru] Epoch 10/20 | Global examples: 529984 | Avg Loss (last 1024 ex): 0.1827
2026-07-26 17:59:20,596 - INFO: [gru] Epoch 10/20 | Global examples: 531008 | Avg Loss (last 1024 ex): 0.1844
2026-07-26 17:59:26,400 - INFO: [gru] Epoch 10/20 | Global examples: 532032 | Avg Loss (last 1024 ex): 0.1825
2026-07-26 17:59:32,315 - INFO: [gru] Epoch 10/20 | Global examples: 533056 | Avg Loss (last 1024 ex): 0.1852
2026-07-26 17:59:37,781 - INFO: [gru] Epoch 10/20 | Global examples: 534080 | Avg Loss (last 1024 ex): 0.2016
2026-07-26 17:59:43,248 - INFO: [gru] Epoch 10/20 | Global examples: 535104 | Avg Loss (last 1024 ex): 0.1867
2026-07-26 17:59:48,716 - INFO: [gru] Epoch 10/20 | Global examples: 536128 | Avg Loss (last 1024 ex): 0.1845
2026-07-26 17:59:54,238 - INFO: [gru] Epoch 10/20 | Global examples: 537152 | Avg Loss (last 1024 ex): 0.1835
2026-07-26 17:59:59,743 - INFO: [gru] Epoch 10/20 | Global examples: 538176 | Avg Loss (last 1024 ex): 0.1892
2026-07-26 18:00:05,287 - INFO: [gru] Epoch 10/20 | Global examples: 539200 | Avg Loss (last 1024 ex): 0.1821
2026-07-26 18:00:10,961 - INFO: [gru] Epoch 10/20 | Global examples: 540224 | Avg Loss (last 1024 ex): 0.2016
2026-07-26 18:00:16,545 - INFO: [gru] Epoch 10/20 | Global examples: 541248 | Avg Loss (last 1024 ex): 0.1861
2026-07-26 18:00:22,015 - INFO: [gru] Epoch 10/20 | Global examples: 542272 | Avg Loss (last 1024 ex): 0.1983
2026-07-26 18:00:27,530 - INFO: [gru] Epoch 10/20 | Global examples: 543296 | Avg Loss (last 1024 ex): 0.1926
2026-07-26 18:00:33,071 - INFO: [gru] Epoch 10/20 | Global examples: 544320 | Avg Loss (last 1024 ex): 0.1877
2026-07-26 18:00:38,557 - INFO: [gru] Epoch 10/20 | Global examples: 545344 | Avg Loss (last 1024 ex): 0.1799
2026-07-26 18:00:44,040 - INFO: [gru] Epoch 10/20 | Global examples: 546368 | Avg Loss (last 1024 ex): 0.1944
2026-07-26 18:00:49,536 - INFO: [gru] Epoch 10/20 | Global examples: 547392 | Avg Loss (last 1024 ex): 0.1993
2026-07-26 18:00:55,118 - INFO: [gru] Epoch 10/20 | Global examples: 548416 | Avg Loss (last 1024 ex): 0.1831
2026-07-26 18:01:00,749 - INFO: [gru] Epoch 10/20 | Global examples: 549440 | Avg Loss (last 1024 ex): 0.1990
2026-07-26 18:01:06,204 - INFO: [gru] Epoch 10/20 | Global examples: 550464 | Avg Loss (last 1024 ex): 0.1923
2026-07-26 18:01:11,671 - INFO: [gru] Epoch 10/20 | Global examples: 551488 | Avg Loss (last 1024 ex): 0.1950
2026-07-26 18:01:17,148 - INFO: [gru] Epoch 10/20 | Global examples: 552512 | Avg Loss (last 1024 ex): 0.1897
2026-07-26 18:01:22,596 - INFO: [gru] Epoch 10/20 | Global examples: 553536 | Avg Loss (last 1024 ex): 0.1900
2026-07-26 18:01:28,136 - INFO: [gru] Epoch 10/20 | Global examples: 554560 | Avg Loss (last 1024 ex): 0.1889
2026-07-26 18:01:33,624 - INFO: [gru] Epoch 10/20 | Global examples: 555584 | Avg Loss (last 1024 ex): 0.2140
2026-07-26 18:01:39,053 - INFO: [gru] Epoch 10/20 | Global examples: 556608 | Avg Loss (last 1024 ex): 0.1906
2026-07-26 18:01:44,525 - INFO: [gru] Epoch 10/20 | Global examples: 557632 | Avg Loss (last 1024 ex): 0.1880
2026-07-26 18:01:49,946 - INFO: [gru] Epoch 10/20 | Global examples: 558656 | Avg Loss (last 1024 ex): 0.1907
2026-07-26 18:01:55,430 - INFO: [gru] Epoch 10/20 | Global examples: 559680 | Avg Loss (last 1024 ex): 0.1946
2026-07-26 18:02:00,956 - INFO: [gru] Epoch 10/20 | Global examples: 560704 | Avg Loss (last 1024 ex): 0.1943
2026-07-26 18:02:06,409 - INFO: [gru] Epoch 10/20 | Global examples: 561728 | Avg Loss (last 1024 ex): 0.1790
2026-07-26 18:02:11,879 - INFO: [gru] Epoch 10/20 | Global examples: 562752 | Avg Loss (last 1024 ex): 0.1932
2026-07-26 18:02:17,358 - INFO: [gru] Epoch 10/20 | Global examples: 563776 | Avg Loss (last 1024 ex): 0.2023
2026-07-26 18:02:22,823 - INFO: [gru] Epoch 10/20 | Global examples: 564800 | Avg Loss (last 1024 ex): 0.1896
2026-07-26 18:02:28,248 - INFO: [gru] Epoch 10/20 | Global examples: 565824 | Avg Loss (last 1024 ex): 0.1689
2026-07-26 18:02:33,750 - INFO: [gru] Epoch 10/20 | Global examples: 566848 | Avg Loss (last 1024 ex): 0.1914
2026-07-26 18:02:39,213 - INFO: [gru] Epoch 10/20 | Global examples: 567872 | Avg Loss (last 1024 ex): 0.1877
2026-07-26 18:02:44,773 - INFO: [gru] Epoch 10/20 | Global examples: 568896 | Avg Loss (last 1024 ex): 0.1733
2026-07-26 18:02:50,330 - INFO: [gru] Epoch 10/20 | Global examples: 569920 | Avg Loss (last 1024 ex): 0.1987
2026-07-26 18:02:55,802 - INFO: [gru] Epoch 10/20 | Global examples: 570944 | Avg Loss (last 1024 ex): 0.2054
2026-07-26 18:03:01,338 - INFO: [gru] Epoch 10/20 | Global examples: 571968 | Avg Loss (last 1024 ex): 0.2031
2026-07-26 18:03:06,833 - INFO: [gru] Epoch 10/20 | Global examples: 572992 | Avg Loss (last 1024 ex): 0.1864
2026-07-26 18:03:12,306 - INFO: [gru] Epoch 10/20 | Global examples: 574016 | Avg Loss (last 1024 ex): 0.1935
2026-07-26 18:03:17,777 - INFO: [gru] Epoch 10/20 | Global examples: 575040 | Avg Loss (last 1024 ex): 0.1913
2026-07-26 18:03:23,232 - INFO: [gru] Epoch 10/20 | Global examples: 576064 | Avg Loss (last 1024 ex): 0.1820
2026-07-26 18:03:28,706 - INFO: [gru] Epoch 10/20 | Global examples: 577088 | Avg Loss (last 1024 ex): 0.1840
2026-07-26 18:03:34,231 - INFO: [gru] Epoch 10/20 | Global examples: 578112 | Avg Loss (last 1024 ex): 0.1940
2026-07-26 18:03:39,703 - INFO: [gru] Epoch 10/20 | Global examples: 579136 | Avg Loss (last 1024 ex): 0.1900
2026-07-26 18:03:45,153 - INFO: [gru] Epoch 10/20 | Global examples: 580160 | Avg Loss (last 1024 ex): 0.1907
2026-07-26 18:03:50,624 - INFO: [gru] Epoch 10/20 | Global examples: 581184 | Avg Loss (last 1024 ex): 0.1863
2026-07-26 18:03:56,114 - INFO: [gru] Epoch 10/20 | Global examples: 582208 | Avg Loss (last 1024 ex): 0.2001
2026-07-26 18:04:01,618 - INFO: [gru] Epoch 10/20 | Global examples: 583232 | Avg Loss (last 1024 ex): 0.1890
2026-07-26 18:04:07,071 - INFO: [gru] Epoch 10/20 | Global examples: 584256 | Avg Loss (last 1024 ex): 0.1824
2026-07-26 18:04:07,424 - INFO: [gru] Epoch 10/20 | Global examples: 584320 | Avg Loss (last 64 ex): 0.2105
2026-07-26 18:04:08,881 - INFO: [gru] Epoch 10 Val | Examples: 1024 | Avg Loss (last 1024 ex): 0.1845
2026-07-26 18:04:10,317 - INFO: [gru] Epoch 10 Val | Examples: 2048 | Avg Loss (last 1024 ex): 0.2076
2026-07-26 18:04:11,790 - INFO: [gru] Epoch 10 Val | Examples: 3072 | Avg Loss (last 1024 ex): 0.1976
2026-07-26 18:04:13,250 - INFO: [gru] Epoch 10 Val | Examples: 4096 | Avg Loss (last 1024 ex): 0.1949
2026-07-26 18:04:14,729 - INFO: [gru] Epoch 10 Val | Examples: 5120 | Avg Loss (last 1024 ex): 0.2000
2026-07-26 18:04:14,730 - INFO: [gru] === Epoch 10 done | Train Loss: 0.1900 | Val Loss: 0.1969 | Time: 314.4s ===
2026-07-26 18:04:14,773 - INFO: [gru] Model saved to ../model/gru_epoch10.pth
2026-07-26 18:04:20,220 - INFO: [gru] Epoch 11/20 | Global examples: 585344 | Avg Loss (last 1024 ex): 0.1915
2026-07-26 18:04:25,692 - INFO: [gru] Epoch 11/20 | Global examples: 586368 | Avg Loss (last 1024 ex): 0.1821
2026-07-26 18:04:31,171 - INFO: [gru] Epoch 11/20 | Global examples: 587392 | Avg Loss (last 1024 ex): 0.1804
2026-07-26 18:04:36,615 - INFO: [gru] Epoch 11/20 | Global examples: 588416 | Avg Loss (last 1024 ex): 0.1880
2026-07-26 18:04:42,141 - INFO: [gru] Epoch 11/20 | Global examples: 589440 | Avg Loss (last 1024 ex): 0.1863
2026-07-26 18:04:47,636 - INFO: [gru] Epoch 11/20 | Global examples: 590464 | Avg Loss (last 1024 ex): 0.1724
2026-07-26 18:04:53,058 - INFO: [gru] Epoch 11/20 | Global examples: 591488 | Avg Loss (last 1024 ex): 0.1894
2026-07-26 18:04:58,651 - INFO: [gru] Epoch 11/20 | Global examples: 592512 | Avg Loss (last 1024 ex): 0.1807
2026-07-26 18:05:04,098 - INFO: [gru] Epoch 11/20 | Global examples: 593536 | Avg Loss (last 1024 ex): 0.1752
2026-07-26 18:05:09,579 - INFO: [gru] Epoch 11/20 | Global examples: 594560 | Avg Loss (last 1024 ex): 0.1761
2026-07-26 18:05:15,036 - INFO: [gru] Epoch 11/20 | Global examples: 595584 | Avg Loss (last 1024 ex): 0.1949
2026-07-26 18:05:20,488 - INFO: [gru] Epoch 11/20 | Global examples: 596608 | Avg Loss (last 1024 ex): 0.1804
2026-07-26 18:05:25,939 - INFO: [gru] Epoch 11/20 | Global examples: 597632 | Avg Loss (last 1024 ex): 0.1982
2026-07-26 18:05:31,650 - INFO: [gru] Epoch 11/20 | Global examples: 598656 | Avg Loss (last 1024 ex): 0.1756
2026-07-26 18:05:37,131 - INFO: [gru] Epoch 11/20 | Global examples: 599680 | Avg Loss (last 1024 ex): 0.1876
2026-07-26 18:05:42,588 - INFO: [gru] Epoch 11/20 | Global examples: 600704 | Avg Loss (last 1024 ex): 0.1923
2026-07-26 18:05:48,082 - INFO: [gru] Epoch 11/20 | Global examples: 601728 | Avg Loss (last 1024 ex): 0.1951
2026-07-26 18:05:53,662 - INFO: [gru] Epoch 11/20 | Global examples: 602752 | Avg Loss (last 1024 ex): 0.1783
2026-07-26 18:05:59,162 - INFO: [gru] Epoch 11/20 | Global examples: 603776 | Avg Loss (last 1024 ex): 0.1874
2026-07-26 18:06:04,697 - INFO: [gru] Epoch 11/20 | Global examples: 604800 | Avg Loss (last 1024 ex): 0.1948
2026-07-26 18:06:10,135 - INFO: [gru] Epoch 11/20 | Global examples: 605824 | Avg Loss (last 1024 ex): 0.1770
2026-07-26 18:06:15,656 - INFO: [gru] Epoch 11/20 | Global examples: 606848 | Avg Loss (last 1024 ex): 0.1789
2026-07-26 18:06:21,150 - INFO: [gru] Epoch 11/20 | Global examples: 607872 | Avg Loss (last 1024 ex): 0.1876
2026-07-26 18:06:26,676 - INFO: [gru] Epoch 11/20 | Global examples: 608896 | Avg Loss (last 1024 ex): 0.1971
2026-07-26 18:06:32,265 - INFO: [gru] Epoch 11/20 | Global examples: 609920 | Avg Loss (last 1024 ex): 0.1852
2026-07-26 18:06:37,749 - INFO: [gru] Epoch 11/20 | Global examples: 610944 | Avg Loss (last 1024 ex): 0.1902
2026-07-26 18:06:43,261 - INFO: [gru] Epoch 11/20 | Global examples: 611968 | Avg Loss (last 1024 ex): 0.1930
2026-07-26 18:06:48,708 - INFO: [gru] Epoch 11/20 | Global examples: 612992 | Avg Loss (last 1024 ex): 0.1815
2026-07-26 18:06:54,173 - INFO: [gru] Epoch 11/20 | Global examples: 614016 | Avg Loss (last 1024 ex): 0.1866
2026-07-26 18:06:59,719 - INFO: [gru] Epoch 11/20 | Global examples: 615040 | Avg Loss (last 1024 ex): 0.1909
2026-07-26 18:07:05,261 - INFO: [gru] Epoch 11/20 | Global examples: 616064 | Avg Loss (last 1024 ex): 0.1985
2026-07-26 18:07:10,743 - INFO: [gru] Epoch 11/20 | Global examples: 617088 | Avg Loss (last 1024 ex): 0.1899
2026-07-26 18:07:16,254 - INFO: [gru] Epoch 11/20 | Global examples: 618112 | Avg Loss (last 1024 ex): 0.2066
2026-07-26 18:07:21,703 - INFO: [gru] Epoch 11/20 | Global examples: 619136 | Avg Loss (last 1024 ex): 0.1693
2026-07-26 18:07:27,127 - INFO: [gru] Epoch 11/20 | Global examples: 620160 | Avg Loss (last 1024 ex): 0.1833
2026-07-26 18:07:32,625 - INFO: [gru] Epoch 11/20 | Global examples: 621184 | Avg Loss (last 1024 ex): 0.1760
2026-07-26 18:07:38,101 - INFO: [gru] Epoch 11/20 | Global examples: 622208 | Avg Loss (last 1024 ex): 0.1630
2026-07-26 18:07:43,540 - INFO: [gru] Epoch 11/20 | Global examples: 623232 | Avg Loss (last 1024 ex): 0.1894
2026-07-26 18:07:49,029 - INFO: [gru] Epoch 11/20 | Global examples: 624256 | Avg Loss (last 1024 ex): 0.1900
2026-07-26 18:07:54,522 - INFO: [gru] Epoch 11/20 | Global examples: 625280 | Avg Loss (last 1024 ex): 0.1987
2026-07-26 18:08:00,013 - INFO: [gru] Epoch 11/20 | Global examples: 626304 | Avg Loss (last 1024 ex): 0.1866
2026-07-26 18:08:05,490 - INFO: [gru] Epoch 11/20 | Global examples: 627328 | Avg Loss (last 1024 ex): 0.1949
2026-07-26 18:08:10,953 - INFO: [gru] Epoch 11/20 | Global examples: 628352 | Avg Loss (last 1024 ex): 0.1844
2026-07-26 18:08:16,428 - INFO: [gru] Epoch 11/20 | Global examples: 629376 | Avg Loss (last 1024 ex): 0.1922
2026-07-26 18:08:21,871 - INFO: [gru] Epoch 11/20 | Global examples: 630400 | Avg Loss (last 1024 ex): 0.2042
2026-07-26 18:08:27,318 - INFO: [gru] Epoch 11/20 | Global examples: 631424 | Avg Loss (last 1024 ex): 0.1994
2026-07-26 18:08:32,830 - INFO: [gru] Epoch 11/20 | Global examples: 632448 | Avg Loss (last 1024 ex): 0.1897
2026-07-26 18:08:38,330 - INFO: [gru] Epoch 11/20 | Global examples: 633472 | Avg Loss (last 1024 ex): 0.1866
2026-07-26 18:08:43,846 - INFO: [gru] Epoch 11/20 | Global examples: 634496 | Avg Loss (last 1024 ex): 0.1842
2026-07-26 18:08:49,405 - INFO: [gru] Epoch 11/20 | Global examples: 635520 | Avg Loss (last 1024 ex): 0.1757
2026-07-26 18:08:54,880 - INFO: [gru] Epoch 11/20 | Global examples: 636544 | Avg Loss (last 1024 ex): 0.1857
2026-07-26 18:09:00,335 - INFO: [gru] Epoch 11/20 | Global examples: 637568 | Avg Loss (last 1024 ex): 0.2009
2026-07-26 18:09:05,831 - INFO: [gru] Epoch 11/20 | Global examples: 638592 | Avg Loss (last 1024 ex): 0.1838
2026-07-26 18:09:11,302 - INFO: [gru] Epoch 11/20 | Global examples: 639616 | Avg Loss (last 1024 ex): 0.1861
2026-07-26 18:09:16,750 - INFO: [gru] Epoch 11/20 | Global examples: 640640 | Avg Loss (last 1024 ex): 0.1925
2026-07-26 18:09:22,189 - INFO: [gru] Epoch 11/20 | Global examples: 641664 | Avg Loss (last 1024 ex): 0.1886
2026-07-26 18:09:27,608 - INFO: [gru] Epoch 11/20 | Global examples: 642688 | Avg Loss (last 1024 ex): 0.1872
2026-07-26 18:09:27,948 - INFO: [gru] Epoch 11/20 | Global examples: 642752 | Avg Loss (last 64 ex): 0.1429
2026-07-26 18:09:29,406 - INFO: [gru] Epoch 11 Val | Examples: 1024 | Avg Loss (last 1024 ex): 0.1880
2026-07-26 18:09:30,844 - INFO: [gru] Epoch 11 Val | Examples: 2048 | Avg Loss (last 1024 ex): 0.1875
2026-07-26 18:09:32,334 - INFO: [gru] Epoch 11 Val | Examples: 3072 | Avg Loss (last 1024 ex): 0.1886
2026-07-26 18:09:33,784 - INFO: [gru] Epoch 11 Val | Examples: 4096 | Avg Loss (last 1024 ex): 0.1783
2026-07-26 18:09:35,232 - INFO: [gru] Epoch 11 Val | Examples: 5120 | Avg Loss (last 1024 ex): 0.1750
2026-07-26 18:09:35,233 - INFO: [gru] === Epoch 11 done | Train Loss: 0.1870 | Val Loss: 0.1835 | Time: 313.2s ===
2026-07-26 18:09:35,275 - INFO: [gru] Model saved to ../model/gru_epoch11.pth
2026-07-26 18:09:40,762 - INFO: [gru] Epoch 12/20 | Global examples: 643776 | Avg Loss (last 1024 ex): 0.1890
2026-07-26 18:09:46,191 - INFO: [gru] Epoch 12/20 | Global examples: 644800 | Avg Loss (last 1024 ex): 0.1776
2026-07-26 18:09:51,631 - INFO: [gru] Epoch 12/20 | Global examples: 645824 | Avg Loss (last 1024 ex): 0.1764
2026-07-26 18:09:57,148 - INFO: [gru] Epoch 12/20 | Global examples: 646848 | Avg Loss (last 1024 ex): 0.1705
2026-07-26 18:10:02,598 - INFO: [gru] Epoch 12/20 | Global examples: 647872 | Avg Loss (last 1024 ex): 0.1751
2026-07-26 18:10:08,061 - INFO: [gru] Epoch 12/20 | Global examples: 648896 | Avg Loss (last 1024 ex): 0.1748
2026-07-26 18:10:13,528 - INFO: [gru] Epoch 12/20 | Global examples: 649920 | Avg Loss (last 1024 ex): 0.1831
2026-07-26 18:10:19,015 - INFO: [gru] Epoch 12/20 | Global examples: 650944 | Avg Loss (last 1024 ex): 0.1785
2026-07-26 18:10:24,454 - INFO: [gru] Epoch 12/20 | Global examples: 651968 | Avg Loss (last 1024 ex): 0.1768
2026-07-26 18:10:29,937 - INFO: [gru] Epoch 12/20 | Global examples: 652992 | Avg Loss (last 1024 ex): 0.1684
2026-07-26 18:10:35,760 - INFO: [gru] Epoch 12/20 | Global examples: 654016 | Avg Loss (last 1024 ex): 0.1997
2026-07-26 18:10:41,280 - INFO: [gru] Epoch 12/20 | Global examples: 655040 | Avg Loss (last 1024 ex): 0.1767
2026-07-26 18:10:47,130 - INFO: [gru] Epoch 12/20 | Global examples: 656064 | Avg Loss (last 1024 ex): 0.1869
2026-07-26 18:10:52,638 - INFO: [gru] Epoch 12/20 | Global examples: 657088 | Avg Loss (last 1024 ex): 0.1775
2026-07-26 18:10:58,104 - INFO: [gru] Epoch 12/20 | Global examples: 658112 | Avg Loss (last 1024 ex): 0.1816
2026-07-26 18:11:03,515 - INFO: [gru] Epoch 12/20 | Global examples: 659136 | Avg Loss (last 1024 ex): 0.1909
2026-07-26 18:11:08,976 - INFO: [gru] Epoch 12/20 | Global examples: 660160 | Avg Loss (last 1024 ex): 0.1743
2026-07-26 18:11:14,432 - INFO: [gru] Epoch 12/20 | Global examples: 661184 | Avg Loss (last 1024 ex): 0.1740
2026-07-26 18:11:19,896 - INFO: [gru] Epoch 12/20 | Global examples: 662208 | Avg Loss (last 1024 ex): 0.1803
2026-07-26 18:11:25,381 - INFO: [gru] Epoch 12/20 | Global examples: 663232 | Avg Loss (last 1024 ex): 0.1862
2026-07-26 18:11:30,831 - INFO: [gru] Epoch 12/20 | Global examples: 664256 | Avg Loss (last 1024 ex): 0.1924
2026-07-26 18:11:36,334 - INFO: [gru] Epoch 12/20 | Global examples: 665280 | Avg Loss (last 1024 ex): 0.1742
2026-07-26 18:11:41,814 - INFO: [gru] Epoch 12/20 | Global examples: 666304 | Avg Loss (last 1024 ex): 0.1778
2026-07-26 18:11:47,329 - INFO: [gru] Epoch 12/20 | Global examples: 667328 | Avg Loss (last 1024 ex): 0.1922
2026-07-26 18:11:52,837 - INFO: [gru] Epoch 12/20 | Global examples: 668352 | Avg Loss (last 1024 ex): 0.1872
2026-07-26 18:11:58,352 - INFO: [gru] Epoch 12/20 | Global examples: 669376 | Avg Loss (last 1024 ex): 0.1747
2026-07-26 18:12:04,160 - INFO: [gru] Epoch 12/20 | Global examples: 670400 | Avg Loss (last 1024 ex): 0.1774
2026-07-26 18:12:09,874 - INFO: [gru] Epoch 12/20 | Global examples: 671424 | Avg Loss (last 1024 ex): 0.1767
2026-07-26 18:12:15,487 - INFO: [gru] Epoch 12/20 | Global examples: 672448 | Avg Loss (last 1024 ex): 0.1880
2026-07-26 18:12:21,239 - INFO: [gru] Epoch 12/20 | Global examples: 673472 | Avg Loss (last 1024 ex): 0.1672
2026-07-26 18:12:26,922 - INFO: [gru] Epoch 12/20 | Global examples: 674496 | Avg Loss (last 1024 ex): 0.1849
2026-07-26 18:12:32,400 - INFO: [gru] Epoch 12/20 | Global examples: 675520 | Avg Loss (last 1024 ex): 0.1856
2026-07-26 18:12:38,020 - INFO: [gru] Epoch 12/20 | Global examples: 676544 | Avg Loss (last 1024 ex): 0.1850
2026-07-26 18:12:43,706 - INFO: [gru] Epoch 12/20 | Global examples: 677568 | Avg Loss (last 1024 ex): 0.1869
2026-07-26 18:12:49,262 - INFO: [gru] Epoch 12/20 | Global examples: 678592 | Avg Loss (last 1024 ex): 0.1745
2026-07-26 18:12:54,926 - INFO: [gru] Epoch 12/20 | Global examples: 679616 | Avg Loss (last 1024 ex): 0.1890
2026-07-26 18:13:00,497 - INFO: [gru] Epoch 12/20 | Global examples: 680640 | Avg Loss (last 1024 ex): 0.1795
2026-07-26 18:13:06,071 - INFO: [gru] Epoch 12/20 | Global examples: 681664 | Avg Loss (last 1024 ex): 0.1840
2026-07-26 18:13:11,673 - INFO: [gru] Epoch 12/20 | Global examples: 682688 | Avg Loss (last 1024 ex): 0.1860
2026-07-26 18:13:17,250 - INFO: [gru] Epoch 12/20 | Global examples: 683712 | Avg Loss (last 1024 ex): 0.1726
2026-07-26 18:13:22,818 - INFO: [gru] Epoch 12/20 | Global examples: 684736 | Avg Loss (last 1024 ex): 0.1884
2026-07-26 18:13:28,278 - INFO: [gru] Epoch 12/20 | Global examples: 685760 | Avg Loss (last 1024 ex): 0.1993
2026-07-26 18:13:33,681 - INFO: [gru] Epoch 12/20 | Global examples: 686784 | Avg Loss (last 1024 ex): 0.1795
2026-07-26 18:13:39,151 - INFO: [gru] Epoch 12/20 | Global examples: 687808 | Avg Loss (last 1024 ex): 0.1925
2026-07-26 18:13:44,678 - INFO: [gru] Epoch 12/20 | Global examples: 688832 | Avg Loss (last 1024 ex): 0.1891
2026-07-26 18:13:50,364 - INFO: [gru] Epoch 12/20 | Global examples: 689856 | Avg Loss (last 1024 ex): 0.1932
2026-07-26 18:13:55,960 - INFO: [gru] Epoch 12/20 | Global examples: 690880 | Avg Loss (last 1024 ex): 0.1943
2026-07-26 18:14:01,559 - INFO: [gru] Epoch 12/20 | Global examples: 691904 | Avg Loss (last 1024 ex): 0.1854
2026-07-26 18:14:07,196 - INFO: [gru] Epoch 12/20 | Global examples: 692928 | Avg Loss (last 1024 ex): 0.1833
2026-07-26 18:14:12,784 - INFO: [gru] Epoch 12/20 | Global examples: 693952 | Avg Loss (last 1024 ex): 0.1856
2026-07-26 18:14:18,440 - INFO: [gru] Epoch 12/20 | Global examples: 694976 | Avg Loss (last 1024 ex): 0.1932
2026-07-26 18:14:24,101 - INFO: [gru] Epoch 12/20 | Global examples: 696000 | Avg Loss (last 1024 ex): 0.1721
2026-07-26 18:14:29,916 - INFO: [gru] Epoch 12/20 | Global examples: 697024 | Avg Loss (last 1024 ex): 0.1962
2026-07-26 18:14:35,484 - INFO: [gru] Epoch 12/20 | Global examples: 698048 | Avg Loss (last 1024 ex): 0.2010
2026-07-26 18:14:41,864 - INFO: [gru] Epoch 12/20 | Global examples: 699072 | Avg Loss (last 1024 ex): 0.1830
2026-07-26 18:14:48,128 - INFO: [gru] Epoch 12/20 | Global examples: 700096 | Avg Loss (last 1024 ex): 0.1871
2026-07-26 18:14:54,251 - INFO: [gru] Epoch 12/20 | Global examples: 701120 | Avg Loss (last 1024 ex): 0.1905
2026-07-26 18:14:54,660 - INFO: [gru] Epoch 12/20 | Global examples: 701184 | Avg Loss (last 64 ex): 0.1946
2026-07-26 18:14:56,222 - INFO: [gru] Epoch 12 Val | Examples: 1024 | Avg Loss (last 1024 ex): 0.1809
2026-07-26 18:14:57,677 - INFO: [gru] Epoch 12 Val | Examples: 2048 | Avg Loss (last 1024 ex): 0.1863
2026-07-26 18:14:59,125 - INFO: [gru] Epoch 12 Val | Examples: 3072 | Avg Loss (last 1024 ex): 0.1928
2026-07-26 18:15:00,587 - INFO: [gru] Epoch 12 Val | Examples: 4096 | Avg Loss (last 1024 ex): 0.1851
2026-07-26 18:15:02,039 - INFO: [gru] Epoch 12 Val | Examples: 5120 | Avg Loss (last 1024 ex): 0.1735
2026-07-26 18:15:02,040 - INFO: [gru] === Epoch 12 done | Train Loss: 0.1833 | Val Loss: 0.1837 | Time: 319.4s ===
2026-07-26 18:15:02,086 - INFO: [gru] Model saved to ../model/gru_epoch12.pth
2026-07-26 18:15:07,572 - INFO: [gru] Epoch 13/20 | Global examples: 702208 | Avg Loss (last 1024 ex): 0.1824
2026-07-26 18:15:13,063 - INFO: [gru] Epoch 13/20 | Global examples: 703232 | Avg Loss (last 1024 ex): 0.1639
2026-07-26 18:15:18,584 - INFO: [gru] Epoch 13/20 | Global examples: 704256 | Avg Loss (last 1024 ex): 0.1818
2026-07-26 18:15:24,072 - INFO: [gru] Epoch 13/20 | Global examples: 705280 | Avg Loss (last 1024 ex): 0.1691
2026-07-26 18:15:29,586 - INFO: [gru] Epoch 13/20 | Global examples: 706304 | Avg Loss (last 1024 ex): 0.1720
2026-07-26 18:15:35,112 - INFO: [gru] Epoch 13/20 | Global examples: 707328 | Avg Loss (last 1024 ex): 0.1633
2026-07-26 18:15:40,527 - INFO: [gru] Epoch 13/20 | Global examples: 708352 | Avg Loss (last 1024 ex): 0.1825
2026-07-26 18:15:45,950 - INFO: [gru] Epoch 13/20 | Global examples: 709376 | Avg Loss (last 1024 ex): 0.1854
2026-07-26 18:15:51,440 - INFO: [gru] Epoch 13/20 | Global examples: 710400 | Avg Loss (last 1024 ex): 0.1689
2026-07-26 18:15:56,883 - INFO: [gru] Epoch 13/20 | Global examples: 711424 | Avg Loss (last 1024 ex): 0.1651
2026-07-26 18:16:02,326 - INFO: [gru] Epoch 13/20 | Global examples: 712448 | Avg Loss (last 1024 ex): 0.1881
2026-07-26 18:16:07,826 - INFO: [gru] Epoch 13/20 | Global examples: 713472 | Avg Loss (last 1024 ex): 0.1885
2026-07-26 18:16:13,349 - INFO: [gru] Epoch 13/20 | Global examples: 714496 | Avg Loss (last 1024 ex): 0.1777
2026-07-26 18:16:18,761 - INFO: [gru] Epoch 13/20 | Global examples: 715520 | Avg Loss (last 1024 ex): 0.1840
2026-07-26 18:16:24,222 - INFO: [gru] Epoch 13/20 | Global examples: 716544 | Avg Loss (last 1024 ex): 0.1768
2026-07-26 18:16:29,761 - INFO: [gru] Epoch 13/20 | Global examples: 717568 | Avg Loss (last 1024 ex): 0.1804
2026-07-26 18:16:35,235 - INFO: [gru] Epoch 13/20 | Global examples: 718592 | Avg Loss (last 1024 ex): 0.1707
2026-07-26 18:16:40,690 - INFO: [gru] Epoch 13/20 | Global examples: 719616 | Avg Loss (last 1024 ex): 0.1925
2026-07-26 18:16:46,203 - INFO: [gru] Epoch 13/20 | Global examples: 720640 | Avg Loss (last 1024 ex): 0.1838
2026-07-26 18:16:51,640 - INFO: [gru] Epoch 13/20 | Global examples: 721664 | Avg Loss (last 1024 ex): 0.1772
2026-07-26 18:16:57,098 - INFO: [gru] Epoch 13/20 | Global examples: 722688 | Avg Loss (last 1024 ex): 0.1842
2026-07-26 18:17:02,555 - INFO: [gru] Epoch 13/20 | Global examples: 723712 | Avg Loss (last 1024 ex): 0.1712
2026-07-26 18:17:08,086 - INFO: [gru] Epoch 13/20 | Global examples: 724736 | Avg Loss (last 1024 ex): 0.1783
2026-07-26 18:17:13,568 - INFO: [gru] Epoch 13/20 | Global examples: 725760 | Avg Loss (last 1024 ex): 0.1839
2026-07-26 18:17:19,085 - INFO: [gru] Epoch 13/20 | Global examples: 726784 | Avg Loss (last 1024 ex): 0.1759
2026-07-26 18:17:24,511 - INFO: [gru] Epoch 13/20 | Global examples: 727808 | Avg Loss (last 1024 ex): 0.1936
2026-07-26 18:17:30,045 - INFO: [gru] Epoch 13/20 | Global examples: 728832 | Avg Loss (last 1024 ex): 0.1735
2026-07-26 18:17:35,534 - INFO: [gru] Epoch 13/20 | Global examples: 729856 | Avg Loss (last 1024 ex): 0.1730
2026-07-26 18:17:41,061 - INFO: [gru] Epoch 13/20 | Global examples: 730880 | Avg Loss (last 1024 ex): 0.1555
2026-07-26 18:17:46,483 - INFO: [gru] Epoch 13/20 | Global examples: 731904 | Avg Loss (last 1024 ex): 0.1871
2026-07-26 18:17:51,984 - INFO: [gru] Epoch 13/20 | Global examples: 732928 | Avg Loss (last 1024 ex): 0.1731
2026-07-26 18:17:57,463 - INFO: [gru] Epoch 13/20 | Global examples: 733952 | Avg Loss (last 1024 ex): 0.1788
2026-07-26 18:18:02,981 - INFO: [gru] Epoch 13/20 | Global examples: 734976 | Avg Loss (last 1024 ex): 0.1891
2026-07-26 18:18:08,475 - INFO: [gru] Epoch 13/20 | Global examples: 736000 | Avg Loss (last 1024 ex): 0.1966
2026-07-26 18:18:13,977 - INFO: [gru] Epoch 13/20 | Global examples: 737024 | Avg Loss (last 1024 ex): 0.1702
2026-07-26 18:18:19,420 - INFO: [gru] Epoch 13/20 | Global examples: 738048 | Avg Loss (last 1024 ex): 0.1833
2026-07-26 18:18:24,893 - INFO: [gru] Epoch 13/20 | Global examples: 739072 | Avg Loss (last 1024 ex): 0.1827
2026-07-26 18:18:30,402 - INFO: [gru] Epoch 13/20 | Global examples: 740096 | Avg Loss (last 1024 ex): 0.1795
2026-07-26 18:18:35,863 - INFO: [gru] Epoch 13/20 | Global examples: 741120 | Avg Loss (last 1024 ex): 0.1771
2026-07-26 18:18:41,298 - INFO: [gru] Epoch 13/20 | Global examples: 742144 | Avg Loss (last 1024 ex): 0.1882
2026-07-26 18:18:46,895 - INFO: [gru] Epoch 13/20 | Global examples: 743168 | Avg Loss (last 1024 ex): 0.1950
2026-07-26 18:18:52,440 - INFO: [gru] Epoch 13/20 | Global examples: 744192 | Avg Loss (last 1024 ex): 0.1802
2026-07-26 18:18:57,820 - INFO: [gru] Epoch 13/20 | Global examples: 745216 | Avg Loss (last 1024 ex): 0.1844
2026-07-26 18:19:03,355 - INFO: [gru] Epoch 13/20 | Global examples: 746240 | Avg Loss (last 1024 ex): 0.1839
2026-07-26 18:19:08,846 - INFO: [gru] Epoch 13/20 | Global examples: 747264 | Avg Loss (last 1024 ex): 0.1822
2026-07-26 18:19:14,294 - INFO: [gru] Epoch 13/20 | Global examples: 748288 | Avg Loss (last 1024 ex): 0.1896
2026-07-26 18:19:19,779 - INFO: [gru] Epoch 13/20 | Global examples: 749312 | Avg Loss (last 1024 ex): 0.1797
2026-07-26 18:19:25,191 - INFO: [gru] Epoch 13/20 | Global examples: 750336 | Avg Loss (last 1024 ex): 0.1833
2026-07-26 18:19:30,652 - INFO: [gru] Epoch 13/20 | Global examples: 751360 | Avg Loss (last 1024 ex): 0.1833
2026-07-26 18:19:36,200 - INFO: [gru] Epoch 13/20 | Global examples: 752384 | Avg Loss (last 1024 ex): 0.1751
2026-07-26 18:19:41,698 - INFO: [gru] Epoch 13/20 | Global examples: 753408 | Avg Loss (last 1024 ex): 0.1885
2026-07-26 18:19:47,123 - INFO: [gru] Epoch 13/20 | Global examples: 754432 | Avg Loss (last 1024 ex): 0.1814
2026-07-26 18:19:52,555 - INFO: [gru] Epoch 13/20 | Global examples: 755456 | Avg Loss (last 1024 ex): 0.1752
2026-07-26 18:19:58,055 - INFO: [gru] Epoch 13/20 | Global examples: 756480 | Avg Loss (last 1024 ex): 0.1839
2026-07-26 18:20:03,458 - INFO: [gru] Epoch 13/20 | Global examples: 757504 | Avg Loss (last 1024 ex): 0.1648
2026-07-26 18:20:08,885 - INFO: [gru] Epoch 13/20 | Global examples: 758528 | Avg Loss (last 1024 ex): 0.1945
2026-07-26 18:20:14,398 - INFO: [gru] Epoch 13/20 | Global examples: 759552 | Avg Loss (last 1024 ex): 0.1835
2026-07-26 18:20:14,734 - INFO: [gru] Epoch 13/20 | Global examples: 759616 | Avg Loss (last 64 ex): 0.2072
2026-07-26 18:20:16,174 - INFO: [gru] Epoch 13 Val | Examples: 1024 | Avg Loss (last 1024 ex): 0.1774
2026-07-26 18:20:17,621 - INFO: [gru] Epoch 13 Val | Examples: 2048 | Avg Loss (last 1024 ex): 0.1833
2026-07-26 18:20:19,088 - INFO: [gru] Epoch 13 Val | Examples: 3072 | Avg Loss (last 1024 ex): 0.1854
2026-07-26 18:20:20,597 - INFO: [gru] Epoch 13 Val | Examples: 4096 | Avg Loss (last 1024 ex): 0.1786
2026-07-26 18:20:22,040 - INFO: [gru] Epoch 13 Val | Examples: 5120 | Avg Loss (last 1024 ex): 0.1702
2026-07-26 18:20:22,041 - INFO: [gru] === Epoch 13 done | Train Loss: 0.1800 | Val Loss: 0.1790 | Time: 312.6s ===
2026-07-26 18:20:22,077 - INFO: [gru] Model saved to ../model/gru_epoch13.pth
2026-07-26 18:20:27,639 - INFO: [gru] Epoch 14/20 | Global examples: 760640 | Avg Loss (last 1024 ex): 0.1598
2026-07-26 18:20:33,204 - INFO: [gru] Epoch 14/20 | Global examples: 761664 | Avg Loss (last 1024 ex): 0.1735
2026-07-26 18:20:38,753 - INFO: [gru] Epoch 14/20 | Global examples: 762688 | Avg Loss (last 1024 ex): 0.1629
2026-07-26 18:20:44,312 - INFO: [gru] Epoch 14/20 | Global examples: 763712 | Avg Loss (last 1024 ex): 0.1674
2026-07-26 18:20:49,966 - INFO: [gru] Epoch 14/20 | Global examples: 764736 | Avg Loss (last 1024 ex): 0.1797
2026-07-26 18:20:55,507 - INFO: [gru] Epoch 14/20 | Global examples: 765760 | Avg Loss (last 1024 ex): 0.1638
2026-07-26 18:21:01,073 - INFO: [gru] Epoch 14/20 | Global examples: 766784 | Avg Loss (last 1024 ex): 0.1771
2026-07-26 18:21:06,602 - INFO: [gru] Epoch 14/20 | Global examples: 767808 | Avg Loss (last 1024 ex): 0.1742
2026-07-26 18:21:12,077 - INFO: [gru] Epoch 14/20 | Global examples: 768832 | Avg Loss (last 1024 ex): 0.1775
2026-07-26 18:21:17,597 - INFO: [gru] Epoch 14/20 | Global examples: 769856 | Avg Loss (last 1024 ex): 0.1672
2026-07-26 18:21:23,118 - INFO: [gru] Epoch 14/20 | Global examples: 770880 | Avg Loss (last 1024 ex): 0.1814
2026-07-26 18:21:28,599 - INFO: [gru] Epoch 14/20 | Global examples: 771904 | Avg Loss (last 1024 ex): 0.1718
2026-07-26 18:21:34,156 - INFO: [gru] Epoch 14/20 | Global examples: 772928 | Avg Loss (last 1024 ex): 0.1775
2026-07-26 18:21:39,756 - INFO: [gru] Epoch 14/20 | Global examples: 773952 | Avg Loss (last 1024 ex): 0.1794
2026-07-26 18:21:45,240 - INFO: [gru] Epoch 14/20 | Global examples: 774976 | Avg Loss (last 1024 ex): 0.1777
2026-07-26 18:21:50,662 - INFO: [gru] Epoch 14/20 | Global examples: 776000 | Avg Loss (last 1024 ex): 0.1752
2026-07-26 18:21:56,217 - INFO: [gru] Epoch 14/20 | Global examples: 777024 | Avg Loss (last 1024 ex): 0.1866
2026-07-26 18:22:01,645 - INFO: [gru] Epoch 14/20 | Global examples: 778048 | Avg Loss (last 1024 ex): 0.1806
2026-07-26 18:22:07,799 - INFO: [gru] Epoch 14/20 | Global examples: 779072 | Avg Loss (last 1024 ex): 0.1940
2026-07-26 18:22:13,399 - INFO: [gru] Epoch 14/20 | Global examples: 780096 | Avg Loss (last 1024 ex): 0.1834
2026-07-26 18:22:18,892 - INFO: [gru] Epoch 14/20 | Global examples: 781120 | Avg Loss (last 1024 ex): 0.1711
2026-07-26 18:22:24,508 - INFO: [gru] Epoch 14/20 | Global examples: 782144 | Avg Loss (last 1024 ex): 0.1750
2026-07-26 18:22:29,981 - INFO: [gru] Epoch 14/20 | Global examples: 783168 | Avg Loss (last 1024 ex): 0.1743
2026-07-26 18:22:35,471 - INFO: [gru] Epoch 14/20 | Global examples: 784192 | Avg Loss (last 1024 ex): 0.1735
2026-07-26 18:22:40,995 - INFO: [gru] Epoch 14/20 | Global examples: 785216 | Avg Loss (last 1024 ex): 0.1816
2026-07-26 18:22:46,591 - INFO: [gru] Epoch 14/20 | Global examples: 786240 | Avg Loss (last 1024 ex): 0.1785
2026-07-26 18:22:51,992 - INFO: [gru] Epoch 14/20 | Global examples: 787264 | Avg Loss (last 1024 ex): 0.1843
2026-07-26 18:22:57,458 - INFO: [gru] Epoch 14/20 | Global examples: 788288 | Avg Loss (last 1024 ex): 0.1838
2026-07-26 18:23:02,919 - INFO: [gru] Epoch 14/20 | Global examples: 789312 | Avg Loss (last 1024 ex): 0.1829
2026-07-26 18:23:08,395 - INFO: [gru] Epoch 14/20 | Global examples: 790336 | Avg Loss (last 1024 ex): 0.1784
2026-07-26 18:23:13,915 - INFO: [gru] Epoch 14/20 | Global examples: 791360 | Avg Loss (last 1024 ex): 0.1787
2026-07-26 18:23:19,442 - INFO: [gru] Epoch 14/20 | Global examples: 792384 | Avg Loss (last 1024 ex): 0.1713
2026-07-26 18:23:24,938 - INFO: [gru] Epoch 14/20 | Global examples: 793408 | Avg Loss (last 1024 ex): 0.1898
2026-07-26 18:23:30,521 - INFO: [gru] Epoch 14/20 | Global examples: 794432 | Avg Loss (last 1024 ex): 0.1741
2026-07-26 18:23:35,971 - INFO: [gru] Epoch 14/20 | Global examples: 795456 | Avg Loss (last 1024 ex): 0.1752
2026-07-26 18:23:41,402 - INFO: [gru] Epoch 14/20 | Global examples: 796480 | Avg Loss (last 1024 ex): 0.1690
2026-07-26 18:23:46,951 - INFO: [gru] Epoch 14/20 | Global examples: 797504 | Avg Loss (last 1024 ex): 0.1779
2026-07-26 18:23:52,386 - INFO: [gru] Epoch 14/20 | Global examples: 798528 | Avg Loss (last 1024 ex): 0.1755
2026-07-26 18:23:57,956 - INFO: [gru] Epoch 14/20 | Global examples: 799552 | Avg Loss (last 1024 ex): 0.1719
2026-07-26 18:24:03,407 - INFO: [gru] Epoch 14/20 | Global examples: 800576 | Avg Loss (last 1024 ex): 0.1772
2026-07-26 18:24:08,937 - INFO: [gru] Epoch 14/20 | Global examples: 801600 | Avg Loss (last 1024 ex): 0.1802
2026-07-26 18:24:14,365 - INFO: [gru] Epoch 14/20 | Global examples: 802624 | Avg Loss (last 1024 ex): 0.1767
2026-07-26 18:24:19,902 - INFO: [gru] Epoch 14/20 | Global examples: 803648 | Avg Loss (last 1024 ex): 0.1774
2026-07-26 18:24:25,386 - INFO: [gru] Epoch 14/20 | Global examples: 804672 | Avg Loss (last 1024 ex): 0.1797
2026-07-26 18:24:30,893 - INFO: [gru] Epoch 14/20 | Global examples: 805696 | Avg Loss (last 1024 ex): 0.1882
2026-07-26 18:24:36,415 - INFO: [gru] Epoch 14/20 | Global examples: 806720 | Avg Loss (last 1024 ex): 0.1744
2026-07-26 18:24:41,974 - INFO: [gru] Epoch 14/20 | Global examples: 807744 | Avg Loss (last 1024 ex): 0.1818
2026-07-26 18:24:47,433 - INFO: [gru] Epoch 14/20 | Global examples: 808768 | Avg Loss (last 1024 ex): 0.1869
2026-07-26 18:24:52,964 - INFO: [gru] Epoch 14/20 | Global examples: 809792 | Avg Loss (last 1024 ex): 0.1750
2026-07-26 18:24:58,423 - INFO: [gru] Epoch 14/20 | Global examples: 810816 | Avg Loss (last 1024 ex): 0.1925
2026-07-26 18:25:03,956 - INFO: [gru] Epoch 14/20 | Global examples: 811840 | Avg Loss (last 1024 ex): 0.1784
2026-07-26 18:25:09,448 - INFO: [gru] Epoch 14/20 | Global examples: 812864 | Avg Loss (last 1024 ex): 0.1876
2026-07-26 18:25:15,020 - INFO: [gru] Epoch 14/20 | Global examples: 813888 | Avg Loss (last 1024 ex): 0.1706
2026-07-26 18:25:20,488 - INFO: [gru] Epoch 14/20 | Global examples: 814912 | Avg Loss (last 1024 ex): 0.1645
2026-07-26 18:25:26,008 - INFO: [gru] Epoch 14/20 | Global examples: 815936 | Avg Loss (last 1024 ex): 0.1836
2026-07-26 18:25:31,554 - INFO: [gru] Epoch 14/20 | Global examples: 816960 | Avg Loss (last 1024 ex): 0.1791
2026-07-26 18:25:37,069 - INFO: [gru] Epoch 14/20 | Global examples: 817984 | Avg Loss (last 1024 ex): 0.1673
2026-07-26 18:25:37,437 - INFO: [gru] Epoch 14/20 | Global examples: 818048 | Avg Loss (last 64 ex): 0.2717
2026-07-26 18:25:38,922 - INFO: [gru] Epoch 14 Val | Examples: 1024 | Avg Loss (last 1024 ex): 0.1867
2026-07-26 18:25:40,380 - INFO: [gru] Epoch 14 Val | Examples: 2048 | Avg Loss (last 1024 ex): 0.1755
2026-07-26 18:25:41,821 - INFO: [gru] Epoch 14 Val | Examples: 3072 | Avg Loss (last 1024 ex): 0.1801
2026-07-26 18:25:43,243 - INFO: [gru] Epoch 14 Val | Examples: 4096 | Avg Loss (last 1024 ex): 0.1732
2026-07-26 18:25:44,735 - INFO: [gru] Epoch 14 Val | Examples: 5120 | Avg Loss (last 1024 ex): 0.1818
2026-07-26 18:25:44,735 - INFO: [gru] === Epoch 14 done | Train Loss: 0.1773 | Val Loss: 0.1795 | Time: 315.4s ===
2026-07-26 18:25:44,773 - INFO: [gru] Model saved to ../model/gru_epoch14.pth
2026-07-26 18:25:50,370 - INFO: [gru] Epoch 15/20 | Global examples: 819072 | Avg Loss (last 1024 ex): 0.1741
2026-07-26 18:25:56,006 - INFO: [gru] Epoch 15/20 | Global examples: 820096 | Avg Loss (last 1024 ex): 0.1774
2026-07-26 18:26:01,536 - INFO: [gru] Epoch 15/20 | Global examples: 821120 | Avg Loss (last 1024 ex): 0.1617
2026-07-26 18:26:07,093 - INFO: [gru] Epoch 15/20 | Global examples: 822144 | Avg Loss (last 1024 ex): 0.1683
2026-07-26 18:26:12,652 - INFO: [gru] Epoch 15/20 | Global examples: 823168 | Avg Loss (last 1024 ex): 0.1605
2026-07-26 18:26:18,087 - INFO: [gru] Epoch 15/20 | Global examples: 824192 | Avg Loss (last 1024 ex): 0.1611
2026-07-26 18:26:23,584 - INFO: [gru] Epoch 15/20 | Global examples: 825216 | Avg Loss (last 1024 ex): 0.1681
2026-07-26 18:26:29,106 - INFO: [gru] Epoch 15/20 | Global examples: 826240 | Avg Loss (last 1024 ex): 0.1759
2026-07-26 18:26:34,625 - INFO: [gru] Epoch 15/20 | Global examples: 827264 | Avg Loss (last 1024 ex): 0.1691
2026-07-26 18:26:40,201 - INFO: [gru] Epoch 15/20 | Global examples: 828288 | Avg Loss (last 1024 ex): 0.1746
2026-07-26 18:26:45,706 - INFO: [gru] Epoch 15/20 | Global examples: 829312 | Avg Loss (last 1024 ex): 0.1754
2026-07-26 18:26:51,220 - INFO: [gru] Epoch 15/20 | Global examples: 830336 | Avg Loss (last 1024 ex): 0.1840
2026-07-26 18:26:56,816 - INFO: [gru] Epoch 15/20 | Global examples: 831360 | Avg Loss (last 1024 ex): 0.1786
2026-07-26 18:27:02,646 - INFO: [gru] Epoch 15/20 | Global examples: 832384 | Avg Loss (last 1024 ex): 0.1767
2026-07-26 18:27:08,136 - INFO: [gru] Epoch 15/20 | Global examples: 833408 | Avg Loss (last 1024 ex): 0.1755
2026-07-26 18:27:13,617 - INFO: [gru] Epoch 15/20 | Global examples: 834432 | Avg Loss (last 1024 ex): 0.1693
2026-07-26 18:27:19,128 - INFO: [gru] Epoch 15/20 | Global examples: 835456 | Avg Loss (last 1024 ex): 0.1731
2026-07-26 18:27:24,671 - INFO: [gru] Epoch 15/20 | Global examples: 836480 | Avg Loss (last 1024 ex): 0.1745
2026-07-26 18:27:30,244 - INFO: [gru] Epoch 15/20 | Global examples: 837504 | Avg Loss (last 1024 ex): 0.1621
2026-07-26 18:27:35,826 - INFO: [gru] Epoch 15/20 | Global examples: 838528 | Avg Loss (last 1024 ex): 0.1718
2026-07-26 18:27:41,271 - INFO: [gru] Epoch 15/20 | Global examples: 839552 | Avg Loss (last 1024 ex): 0.1820
2026-07-26 18:27:46,769 - INFO: [gru] Epoch 15/20 | Global examples: 840576 | Avg Loss (last 1024 ex): 0.1691
2026-07-26 18:27:52,241 - INFO: [gru] Epoch 15/20 | Global examples: 841600 | Avg Loss (last 1024 ex): 0.1774
2026-07-26 18:27:57,661 - INFO: [gru] Epoch 15/20 | Global examples: 842624 | Avg Loss (last 1024 ex): 0.1738
2026-07-26 18:28:03,126 - INFO: [gru] Epoch 15/20 | Global examples: 843648 | Avg Loss (last 1024 ex): 0.1922
2026-07-26 18:28:08,547 - INFO: [gru] Epoch 15/20 | Global examples: 844672 | Avg Loss (last 1024 ex): 0.1757
2026-07-26 18:28:14,139 - INFO: [gru] Epoch 15/20 | Global examples: 845696 | Avg Loss (last 1024 ex): 0.1817
2026-07-26 18:28:19,603 - INFO: [gru] Epoch 15/20 | Global examples: 846720 | Avg Loss (last 1024 ex): 0.1719
2026-07-26 18:28:25,122 - INFO: [gru] Epoch 15/20 | Global examples: 847744 | Avg Loss (last 1024 ex): 0.1847
2026-07-26 18:28:30,555 - INFO: [gru] Epoch 15/20 | Global examples: 848768 | Avg Loss (last 1024 ex): 0.1809
2026-07-26 18:28:36,078 - INFO: [gru] Epoch 15/20 | Global examples: 849792 | Avg Loss (last 1024 ex): 0.1684
2026-07-26 18:28:41,543 - INFO: [gru] Epoch 15/20 | Global examples: 850816 | Avg Loss (last 1024 ex): 0.1810
2026-07-26 18:28:47,053 - INFO: [gru] Epoch 15/20 | Global examples: 851840 | Avg Loss (last 1024 ex): 0.1722
2026-07-26 18:28:52,707 - INFO: [gru] Epoch 15/20 | Global examples: 852864 | Avg Loss (last 1024 ex): 0.1751
2026-07-26 18:28:58,191 - INFO: [gru] Epoch 15/20 | Global examples: 853888 | Avg Loss (last 1024 ex): 0.1692
2026-07-26 18:29:03,713 - INFO: [gru] Epoch 15/20 | Global examples: 854912 | Avg Loss (last 1024 ex): 0.1718
2026-07-26 18:29:09,246 - INFO: [gru] Epoch 15/20 | Global examples: 855936 | Avg Loss (last 1024 ex): 0.1914
2026-07-26 18:29:14,701 - INFO: [gru] Epoch 15/20 | Global examples: 856960 | Avg Loss (last 1024 ex): 0.1643
2026-07-26 18:29:20,283 - INFO: [gru] Epoch 15/20 | Global examples: 857984 | Avg Loss (last 1024 ex): 0.1951
2026-07-26 18:29:25,755 - INFO: [gru] Epoch 15/20 | Global examples: 859008 | Avg Loss (last 1024 ex): 0.1866
2026-07-26 18:29:31,316 - INFO: [gru] Epoch 15/20 | Global examples: 860032 | Avg Loss (last 1024 ex): 0.1769
2026-07-26 18:29:36,983 - INFO: [gru] Epoch 15/20 | Global examples: 861056 | Avg Loss (last 1024 ex): 0.1697
2026-07-26 18:29:42,522 - INFO: [gru] Epoch 15/20 | Global examples: 862080 | Avg Loss (last 1024 ex): 0.1715
2026-07-26 18:29:47,990 - INFO: [gru] Epoch 15/20 | Global examples: 863104 | Avg Loss (last 1024 ex): 0.1796
2026-07-26 18:29:53,460 - INFO: [gru] Epoch 15/20 | Global examples: 864128 | Avg Loss (last 1024 ex): 0.1676
2026-07-26 18:29:58,873 - INFO: [gru] Epoch 15/20 | Global examples: 865152 | Avg Loss (last 1024 ex): 0.1788
2026-07-26 18:30:04,400 - INFO: [gru] Epoch 15/20 | Global examples: 866176 | Avg Loss (last 1024 ex): 0.1672
2026-07-26 18:30:09,915 - INFO: [gru] Epoch 15/20 | Global examples: 867200 | Avg Loss (last 1024 ex): 0.1835
2026-07-26 18:30:15,502 - INFO: [gru] Epoch 15/20 | Global examples: 868224 | Avg Loss (last 1024 ex): 0.1765
2026-07-26 18:30:20,949 - INFO: [gru] Epoch 15/20 | Global examples: 869248 | Avg Loss (last 1024 ex): 0.1768
2026-07-26 18:30:26,410 - INFO: [gru] Epoch 15/20 | Global examples: 870272 | Avg Loss (last 1024 ex): 0.1739
2026-07-26 18:30:32,022 - INFO: [gru] Epoch 15/20 | Global examples: 871296 | Avg Loss (last 1024 ex): 0.1688
2026-07-26 18:30:37,554 - INFO: [gru] Epoch 15/20 | Global examples: 872320 | Avg Loss (last 1024 ex): 0.1786
2026-07-26 18:30:43,208 - INFO: [gru] Epoch 15/20 | Global examples: 873344 | Avg Loss (last 1024 ex): 0.1795
2026-07-26 18:30:48,720 - INFO: [gru] Epoch 15/20 | Global examples: 874368 | Avg Loss (last 1024 ex): 0.1705
2026-07-26 18:30:54,460 - INFO: [gru] Epoch 15/20 | Global examples: 875392 | Avg Loss (last 1024 ex): 0.1831
2026-07-26 18:30:59,993 - INFO: [gru] Epoch 15/20 | Global examples: 876416 | Avg Loss (last 1024 ex): 0.1733
2026-07-26 18:31:00,318 - INFO: [gru] Epoch 15/20 | Global examples: 876480 | Avg Loss (last 64 ex): 0.1915
2026-07-26 18:31:01,785 - INFO: [gru] Epoch 15 Val | Examples: 1024 | Avg Loss (last 1024 ex): 0.1675
2026-07-26 18:31:03,247 - INFO: [gru] Epoch 15 Val | Examples: 2048 | Avg Loss (last 1024 ex): 0.1746
2026-07-26 18:31:04,713 - INFO: [gru] Epoch 15 Val | Examples: 3072 | Avg Loss (last 1024 ex): 0.1838
2026-07-26 18:31:06,221 - INFO: [gru] Epoch 15 Val | Examples: 4096 | Avg Loss (last 1024 ex): 0.1767
2026-07-26 18:31:07,731 - INFO: [gru] Epoch 15 Val | Examples: 5120 | Avg Loss (last 1024 ex): 0.1795
2026-07-26 18:31:07,731 - INFO: [gru] === Epoch 15 done | Train Loss: 0.1750 | Val Loss: 0.1764 | Time: 315.5s ===
2026-07-26 18:31:07,769 - INFO: [gru] Model saved to ../model/gru_epoch15.pth
2026-07-26 18:31:13,346 - INFO: [gru] Epoch 16/20 | Global examples: 877504 | Avg Loss (last 1024 ex): 0.1585
2026-07-26 18:31:19,390 - INFO: [gru] Epoch 16/20 | Global examples: 878528 | Avg Loss (last 1024 ex): 0.1706
2026-07-26 18:31:25,173 - INFO: [gru] Epoch 16/20 | Global examples: 879552 | Avg Loss (last 1024 ex): 0.1657
2026-07-26 18:31:30,877 - INFO: [gru] Epoch 16/20 | Global examples: 880576 | Avg Loss (last 1024 ex): 0.1473
2026-07-26 18:31:39,402 - INFO: [gru] Epoch 16/20 | Global examples: 881600 | Avg Loss (last 1024 ex): 0.1652
2026-07-26 18:31:48,178 - INFO: [gru] Epoch 16/20 | Global examples: 882624 | Avg Loss (last 1024 ex): 0.1651
2026-07-26 18:31:54,925 - INFO: [gru] Epoch 16/20 | Global examples: 883648 | Avg Loss (last 1024 ex): 0.1545
2026-07-26 18:32:00,965 - INFO: [gru] Epoch 16/20 | Global examples: 884672 | Avg Loss (last 1024 ex): 0.1796
2026-07-26 18:32:06,829 - INFO: [gru] Epoch 16/20 | Global examples: 885696 | Avg Loss (last 1024 ex): 0.1622
2026-07-26 18:32:12,500 - INFO: [gru] Epoch 16/20 | Global examples: 886720 | Avg Loss (last 1024 ex): 0.1872
2026-07-26 18:32:18,233 - INFO: [gru] Epoch 16/20 | Global examples: 887744 | Avg Loss (last 1024 ex): 0.1783
2026-07-26 18:32:23,914 - INFO: [gru] Epoch 16/20 | Global examples: 888768 | Avg Loss (last 1024 ex): 0.1588
2026-07-26 18:32:29,529 - INFO: [gru] Epoch 16/20 | Global examples: 889792 | Avg Loss (last 1024 ex): 0.1635
2026-07-26 18:32:35,136 - INFO: [gru] Epoch 16/20 | Global examples: 890816 | Avg Loss (last 1024 ex): 0.1626
2026-07-26 18:32:40,852 - INFO: [gru] Epoch 16/20 | Global examples: 891840 | Avg Loss (last 1024 ex): 0.1756
2026-07-26 18:32:46,501 - INFO: [gru] Epoch 16/20 | Global examples: 892864 | Avg Loss (last 1024 ex): 0.1627
2026-07-26 18:32:52,159 - INFO: [gru] Epoch 16/20 | Global examples: 893888 | Avg Loss (last 1024 ex): 0.1790
2026-07-26 18:32:57,891 - INFO: [gru] Epoch 16/20 | Global examples: 894912 | Avg Loss (last 1024 ex): 0.1622
2026-07-26 18:33:03,581 - INFO: [gru] Epoch 16/20 | Global examples: 895936 | Avg Loss (last 1024 ex): 0.1723
2026-07-26 18:33:09,231 - INFO: [gru] Epoch 16/20 | Global examples: 896960 | Avg Loss (last 1024 ex): 0.1625
2026-07-26 18:33:14,902 - INFO: [gru] Epoch 16/20 | Global examples: 897984 | Avg Loss (last 1024 ex): 0.1682
2026-07-26 18:33:20,579 - INFO: [gru] Epoch 16/20 | Global examples: 899008 | Avg Loss (last 1024 ex): 0.1885
2026-07-26 18:33:26,185 - INFO: [gru] Epoch 16/20 | Global examples: 900032 | Avg Loss (last 1024 ex): 0.1803
2026-07-26 18:33:31,806 - INFO: [gru] Epoch 16/20 | Global examples: 901056 | Avg Loss (last 1024 ex): 0.1751
2026-07-26 18:33:37,486 - INFO: [gru] Epoch 16/20 | Global examples: 902080 | Avg Loss (last 1024 ex): 0.1735
2026-07-26 18:33:43,230 - INFO: [gru] Epoch 16/20 | Global examples: 903104 | Avg Loss (last 1024 ex): 0.1717
2026-07-26 18:33:48,932 - INFO: [gru] Epoch 16/20 | Global examples: 904128 | Avg Loss (last 1024 ex): 0.1727
2026-07-26 18:33:54,629 - INFO: [gru] Epoch 16/20 | Global examples: 905152 | Avg Loss (last 1024 ex): 0.1774
2026-07-26 18:34:00,312 - INFO: [gru] Epoch 16/20 | Global examples: 906176 | Avg Loss (last 1024 ex): 0.1642
2026-07-26 18:34:05,933 - INFO: [gru] Epoch 16/20 | Global examples: 907200 | Avg Loss (last 1024 ex): 0.1830
2026-07-26 18:34:11,568 - INFO: [gru] Epoch 16/20 | Global examples: 908224 | Avg Loss (last 1024 ex): 0.1803
2026-07-26 18:34:17,253 - INFO: [gru] Epoch 16/20 | Global examples: 909248 | Avg Loss (last 1024 ex): 0.1772
2026-07-26 18:34:22,939 - INFO: [gru] Epoch 16/20 | Global examples: 910272 | Avg Loss (last 1024 ex): 0.1767
2026-07-26 18:34:28,690 - INFO: [gru] Epoch 16/20 | Global examples: 911296 | Avg Loss (last 1024 ex): 0.1769
2026-07-26 18:34:34,460 - INFO: [gru] Epoch 16/20 | Global examples: 912320 | Avg Loss (last 1024 ex): 0.1748
2026-07-26 18:34:39,989 - INFO: [gru] Epoch 16/20 | Global examples: 913344 | Avg Loss (last 1024 ex): 0.1694
2026-07-26 18:34:45,840 - INFO: [gru] Epoch 16/20 | Global examples: 914368 | Avg Loss (last 1024 ex): 0.1707
2026-07-26 18:34:51,320 - INFO: [gru] Epoch 16/20 | Global examples: 915392 | Avg Loss (last 1024 ex): 0.1812
2026-07-26 18:34:56,859 - INFO: [gru] Epoch 16/20 | Global examples: 916416 | Avg Loss (last 1024 ex): 0.1749
2026-07-26 18:35:02,352 - INFO: [gru] Epoch 16/20 | Global examples: 917440 | Avg Loss (last 1024 ex): 0.1653
2026-07-26 18:35:07,810 - INFO: [gru] Epoch 16/20 | Global examples: 918464 | Avg Loss (last 1024 ex): 0.1748
2026-07-26 18:35:13,330 - INFO: [gru] Epoch 16/20 | Global examples: 919488 | Avg Loss (last 1024 ex): 0.1656
2026-07-26 18:35:18,956 - INFO: [gru] Epoch 16/20 | Global examples: 920512 | Avg Loss (last 1024 ex): 0.1927
2026-07-26 18:35:24,533 - INFO: [gru] Epoch 16/20 | Global examples: 921536 | Avg Loss (last 1024 ex): 0.1675
2026-07-26 18:35:30,031 - INFO: [gru] Epoch 16/20 | Global examples: 922560 | Avg Loss (last 1024 ex): 0.1757
2026-07-26 18:35:35,518 - INFO: [gru] Epoch 16/20 | Global examples: 923584 | Avg Loss (last 1024 ex): 0.1752
2026-07-26 18:35:41,032 - INFO: [gru] Epoch 16/20 | Global examples: 924608 | Avg Loss (last 1024 ex): 0.1710
2026-07-26 18:35:46,492 - INFO: [gru] Epoch 16/20 | Global examples: 925632 | Avg Loss (last 1024 ex): 0.1763
2026-07-26 18:35:52,040 - INFO: [gru] Epoch 16/20 | Global examples: 926656 | Avg Loss (last 1024 ex): 0.1642
2026-07-26 18:35:57,561 - INFO: [gru] Epoch 16/20 | Global examples: 927680 | Avg Loss (last 1024 ex): 0.1724
2026-07-26 18:36:03,075 - INFO: [gru] Epoch 16/20 | Global examples: 928704 | Avg Loss (last 1024 ex): 0.1677
2026-07-26 18:36:08,514 - INFO: [gru] Epoch 16/20 | Global examples: 929728 | Avg Loss (last 1024 ex): 0.1805
2026-07-26 18:36:13,980 - INFO: [gru] Epoch 16/20 | Global examples: 930752 | Avg Loss (last 1024 ex): 0.1712
2026-07-26 18:36:19,482 - INFO: [gru] Epoch 16/20 | Global examples: 931776 | Avg Loss (last 1024 ex): 0.1754
2026-07-26 18:36:24,959 - INFO: [gru] Epoch 16/20 | Global examples: 932800 | Avg Loss (last 1024 ex): 0.1747
2026-07-26 18:36:30,456 - INFO: [gru] Epoch 16/20 | Global examples: 933824 | Avg Loss (last 1024 ex): 0.1749
2026-07-26 18:36:36,277 - INFO: [gru] Epoch 16/20 | Global examples: 934848 | Avg Loss (last 1024 ex): 0.1703
2026-07-26 18:36:36,670 - INFO: [gru] Epoch 16/20 | Global examples: 934912 | Avg Loss (last 64 ex): 0.1625
2026-07-26 18:36:38,242 - INFO: [gru] Epoch 16 Val | Examples: 1024 | Avg Loss (last 1024 ex): 0.1721
2026-07-26 18:36:39,700 - INFO: [gru] Epoch 16 Val | Examples: 2048 | Avg Loss (last 1024 ex): 0.1855
2026-07-26 18:36:41,162 - INFO: [gru] Epoch 16 Val | Examples: 3072 | Avg Loss (last 1024 ex): 0.1825
2026-07-26 18:36:42,641 - INFO: [gru] Epoch 16 Val | Examples: 4096 | Avg Loss (last 1024 ex): 0.1682
2026-07-26 18:36:44,168 - INFO: [gru] Epoch 16 Val | Examples: 5120 | Avg Loss (last 1024 ex): 0.1583
2026-07-26 18:36:44,169 - INFO: [gru] === Epoch 16 done | Train Loss: 0.1717 | Val Loss: 0.1733 | Time: 328.9s ===
2026-07-26 18:36:44,209 - INFO: [gru] Model saved to ../model/gru_epoch16.pth
2026-07-26 18:36:49,897 - INFO: [gru] Epoch 17/20 | Global examples: 935936 | Avg Loss (last 1024 ex): 0.1573
2026-07-26 18:36:55,490 - INFO: [gru] Epoch 17/20 | Global examples: 936960 | Avg Loss (last 1024 ex): 0.1625
2026-07-26 18:37:00,954 - INFO: [gru] Epoch 17/20 | Global examples: 937984 | Avg Loss (last 1024 ex): 0.1628
2026-07-26 18:37:06,414 - INFO: [gru] Epoch 17/20 | Global examples: 939008 | Avg Loss (last 1024 ex): 0.1665
2026-07-26 18:37:11,903 - INFO: [gru] Epoch 17/20 | Global examples: 940032 | Avg Loss (last 1024 ex): 0.1602
2026-07-26 18:37:17,427 - INFO: [gru] Epoch 17/20 | Global examples: 941056 | Avg Loss (last 1024 ex): 0.1642
2026-07-26 18:37:22,888 - INFO: [gru] Epoch 17/20 | Global examples: 942080 | Avg Loss (last 1024 ex): 0.1663
2026-07-26 18:37:28,373 - INFO: [gru] Epoch 17/20 | Global examples: 943104 | Avg Loss (last 1024 ex): 0.1537
2026-07-26 18:37:33,930 - INFO: [gru] Epoch 17/20 | Global examples: 944128 | Avg Loss (last 1024 ex): 0.1756
2026-07-26 18:37:39,491 - INFO: [gru] Epoch 17/20 | Global examples: 945152 | Avg Loss (last 1024 ex): 0.1737
2026-07-26 18:37:44,969 - INFO: [gru] Epoch 17/20 | Global examples: 946176 | Avg Loss (last 1024 ex): 0.1792
2026-07-26 18:37:50,460 - INFO: [gru] Epoch 17/20 | Global examples: 947200 | Avg Loss (last 1024 ex): 0.1634
2026-07-26 18:37:55,979 - INFO: [gru] Epoch 17/20 | Global examples: 948224 | Avg Loss (last 1024 ex): 0.1635
2026-07-26 18:38:01,446 - INFO: [gru] Epoch 17/20 | Global examples: 949248 | Avg Loss (last 1024 ex): 0.1668
2026-07-26 18:38:06,911 - INFO: [gru] Epoch 17/20 | Global examples: 950272 | Avg Loss (last 1024 ex): 0.1691
2026-07-26 18:38:12,314 - INFO: [gru] Epoch 17/20 | Global examples: 951296 | Avg Loss (last 1024 ex): 0.1682
2026-07-26 18:38:17,849 - INFO: [gru] Epoch 17/20 | Global examples: 952320 | Avg Loss (last 1024 ex): 0.1615
2026-07-26 18:38:23,392 - INFO: [gru] Epoch 17/20 | Global examples: 953344 | Avg Loss (last 1024 ex): 0.1672
2026-07-26 18:38:28,871 - INFO: [gru] Epoch 17/20 | Global examples: 954368 | Avg Loss (last 1024 ex): 0.1811
2026-07-26 18:38:34,342 - INFO: [gru] Epoch 17/20 | Global examples: 955392 | Avg Loss (last 1024 ex): 0.1725
2026-07-26 18:38:39,818 - INFO: [gru] Epoch 17/20 | Global examples: 956416 | Avg Loss (last 1024 ex): 0.1690
2026-07-26 18:38:45,273 - INFO: [gru] Epoch 17/20 | Global examples: 957440 | Avg Loss (last 1024 ex): 0.1749
2026-07-26 18:38:50,934 - INFO: [gru] Epoch 17/20 | Global examples: 958464 | Avg Loss (last 1024 ex): 0.1781
2026-07-26 18:38:56,482 - INFO: [gru] Epoch 17/20 | Global examples: 959488 | Avg Loss (last 1024 ex): 0.1685
2026-07-26 18:39:01,987 - INFO: [gru] Epoch 17/20 | Global examples: 960512 | Avg Loss (last 1024 ex): 0.1730
2026-07-26 18:39:07,479 - INFO: [gru] Epoch 17/20 | Global examples: 961536 | Avg Loss (last 1024 ex): 0.1714
2026-07-26 18:39:12,972 - INFO: [gru] Epoch 17/20 | Global examples: 962560 | Avg Loss (last 1024 ex): 0.1910
2026-07-26 18:39:18,472 - INFO: [gru] Epoch 17/20 | Global examples: 963584 | Avg Loss (last 1024 ex): 0.1694
2026-07-26 18:39:23,934 - INFO: [gru] Epoch 17/20 | Global examples: 964608 | Avg Loss (last 1024 ex): 0.1693
2026-07-26 18:39:29,392 - INFO: [gru] Epoch 17/20 | Global examples: 965632 | Avg Loss (last 1024 ex): 0.1775
2026-07-26 18:39:34,924 - INFO: [gru] Epoch 17/20 | Global examples: 966656 | Avg Loss (last 1024 ex): 0.1743
2026-07-26 18:39:40,358 - INFO: [gru] Epoch 17/20 | Global examples: 967680 | Avg Loss (last 1024 ex): 0.1699
2026-07-26 18:39:45,869 - INFO: [gru] Epoch 17/20 | Global examples: 968704 | Avg Loss (last 1024 ex): 0.1693
2026-07-26 18:39:51,280 - INFO: [gru] Epoch 17/20 | Global examples: 969728 | Avg Loss (last 1024 ex): 0.1635
2026-07-26 18:39:56,761 - INFO: [gru] Epoch 17/20 | Global examples: 970752 | Avg Loss (last 1024 ex): 0.1745
2026-07-26 18:40:02,265 - INFO: [gru] Epoch 17/20 | Global examples: 971776 | Avg Loss (last 1024 ex): 0.1783
2026-07-26 18:40:07,767 - INFO: [gru] Epoch 17/20 | Global examples: 972800 | Avg Loss (last 1024 ex): 0.1751
2026-07-26 18:40:13,212 - INFO: [gru] Epoch 17/20 | Global examples: 973824 | Avg Loss (last 1024 ex): 0.1753
2026-07-26 18:40:18,821 - INFO: [gru] Epoch 17/20 | Global examples: 974848 | Avg Loss (last 1024 ex): 0.1784
2026-07-26 18:40:24,356 - INFO: [gru] Epoch 17/20 | Global examples: 975872 | Avg Loss (last 1024 ex): 0.1608
2026-07-26 18:40:29,853 - INFO: [gru] Epoch 17/20 | Global examples: 976896 | Avg Loss (last 1024 ex): 0.1658
2026-07-26 18:40:35,441 - INFO: [gru] Epoch 17/20 | Global examples: 977920 | Avg Loss (last 1024 ex): 0.1635
2026-07-26 18:40:40,998 - INFO: [gru] Epoch 17/20 | Global examples: 978944 | Avg Loss (last 1024 ex): 0.1725
2026-07-26 18:40:46,518 - INFO: [gru] Epoch 17/20 | Global examples: 979968 | Avg Loss (last 1024 ex): 0.1770
2026-07-26 18:40:52,243 - INFO: [gru] Epoch 17/20 | Global examples: 980992 | Avg Loss (last 1024 ex): 0.1727
2026-07-26 18:40:57,663 - INFO: [gru] Epoch 17/20 | Global examples: 982016 | Avg Loss (last 1024 ex): 0.1554
2026-07-26 18:41:03,157 - INFO: [gru] Epoch 17/20 | Global examples: 983040 | Avg Loss (last 1024 ex): 0.1757
2026-07-26 18:41:08,678 - INFO: [gru] Epoch 17/20 | Global examples: 984064 | Avg Loss (last 1024 ex): 0.1732
2026-07-26 18:41:14,144 - INFO: [gru] Epoch 17/20 | Global examples: 985088 | Avg Loss (last 1024 ex): 0.1646
2026-07-26 18:41:19,622 - INFO: [gru] Epoch 17/20 | Global examples: 986112 | Avg Loss (last 1024 ex): 0.1790
2026-07-26 18:41:25,183 - INFO: [gru] Epoch 17/20 | Global examples: 987136 | Avg Loss (last 1024 ex): 0.1689
2026-07-26 18:41:30,738 - INFO: [gru] Epoch 17/20 | Global examples: 988160 | Avg Loss (last 1024 ex): 0.1760
2026-07-26 18:41:36,276 - INFO: [gru] Epoch 17/20 | Global examples: 989184 | Avg Loss (last 1024 ex): 0.1669
2026-07-26 18:41:41,825 - INFO: [gru] Epoch 17/20 | Global examples: 990208 | Avg Loss (last 1024 ex): 0.1659
2026-07-26 18:41:47,279 - INFO: [gru] Epoch 17/20 | Global examples: 991232 | Avg Loss (last 1024 ex): 0.1666
2026-07-26 18:41:52,855 - INFO: [gru] Epoch 17/20 | Global examples: 992256 | Avg Loss (last 1024 ex): 0.1755
2026-07-26 18:41:58,360 - INFO: [gru] Epoch 17/20 | Global examples: 993280 | Avg Loss (last 1024 ex): 0.1753
2026-07-26 18:41:58,713 - INFO: [gru] Epoch 17/20 | Global examples: 993344 | Avg Loss (last 64 ex): 0.1597
2026-07-26 18:42:00,195 - INFO: [gru] Epoch 17 Val | Examples: 1024 | Avg Loss (last 1024 ex): 0.1695
2026-07-26 18:42:01,639 - INFO: [gru] Epoch 17 Val | Examples: 2048 | Avg Loss (last 1024 ex): 0.1831
2026-07-26 18:42:03,068 - INFO: [gru] Epoch 17 Val | Examples: 3072 | Avg Loss (last 1024 ex): 0.1766
2026-07-26 18:42:04,522 - INFO: [gru] Epoch 17 Val | Examples: 4096 | Avg Loss (last 1024 ex): 0.1664
2026-07-26 18:42:05,972 - INFO: [gru] Epoch 17 Val | Examples: 5120 | Avg Loss (last 1024 ex): 0.1756
2026-07-26 18:42:05,972 - INFO: [gru] === Epoch 17 done | Train Loss: 0.1700 | Val Loss: 0.1742 | Time: 314.5s ===
2026-07-26 18:42:06,014 - INFO: [gru] Model saved to ../model/gru_epoch17.pth
2026-07-26 18:42:11,576 - INFO: [gru] Epoch 18/20 | Global examples: 994368 | Avg Loss (last 1024 ex): 0.1478
2026-07-26 18:42:17,049 - INFO: [gru] Epoch 18/20 | Global examples: 995392 | Avg Loss (last 1024 ex): 0.1420
2026-07-26 18:42:22,554 - INFO: [gru] Epoch 18/20 | Global examples: 996416 | Avg Loss (last 1024 ex): 0.1617
2026-07-26 18:42:28,093 - INFO: [gru] Epoch 18/20 | Global examples: 997440 | Avg Loss (last 1024 ex): 0.1655
2026-07-26 18:42:33,547 - INFO: [gru] Epoch 18/20 | Global examples: 998464 | Avg Loss (last 1024 ex): 0.1639
2026-07-26 18:42:39,034 - INFO: [gru] Epoch 18/20 | Global examples: 999488 | Avg Loss (last 1024 ex): 0.1788
2026-07-26 18:42:44,502 - INFO: [gru] Epoch 18/20 | Global examples: 1000512 | Avg Loss (last 1024 ex): 0.1581
2026-07-26 18:42:49,938 - INFO: [gru] Epoch 18/20 | Global examples: 1001536 | Avg Loss (last 1024 ex): 0.1596
2026-07-26 18:42:55,399 - INFO: [gru] Epoch 18/20 | Global examples: 1002560 | Avg Loss (last 1024 ex): 0.1671
2026-07-26 18:43:00,842 - INFO: [gru] Epoch 18/20 | Global examples: 1003584 | Avg Loss (last 1024 ex): 0.1648
2026-07-26 18:43:06,326 - INFO: [gru] Epoch 18/20 | Global examples: 1004608 | Avg Loss (last 1024 ex): 0.1677
2026-07-26 18:43:11,833 - INFO: [gru] Epoch 18/20 | Global examples: 1005632 | Avg Loss (last 1024 ex): 0.1712
2026-07-26 18:43:19,034 - INFO: [gru] Epoch 18/20 | Global examples: 1006656 | Avg Loss (last 1024 ex): 0.1627
2026-07-26 18:43:25,202 - INFO: [gru] Epoch 18/20 | Global examples: 1007680 | Avg Loss (last 1024 ex): 0.1629
2026-07-26 18:43:30,757 - INFO: [gru] Epoch 18/20 | Global examples: 1008704 | Avg Loss (last 1024 ex): 0.1645
2026-07-26 18:43:36,268 - INFO: [gru] Epoch 18/20 | Global examples: 1009728 | Avg Loss (last 1024 ex): 0.1707
2026-07-26 18:43:41,765 - INFO: [gru] Epoch 18/20 | Global examples: 1010752 | Avg Loss (last 1024 ex): 0.1703
2026-07-26 18:43:47,252 - INFO: [gru] Epoch 18/20 | Global examples: 1011776 | Avg Loss (last 1024 ex): 0.1683
2026-07-26 18:43:52,777 - INFO: [gru] Epoch 18/20 | Global examples: 1012800 | Avg Loss (last 1024 ex): 0.1692
2026-07-26 18:43:58,294 - INFO: [gru] Epoch 18/20 | Global examples: 1013824 | Avg Loss (last 1024 ex): 0.1611
2026-07-26 18:44:03,816 - INFO: [gru] Epoch 18/20 | Global examples: 1014848 | Avg Loss (last 1024 ex): 0.1578
2026-07-26 18:44:09,347 - INFO: [gru] Epoch 18/20 | Global examples: 1015872 | Avg Loss (last 1024 ex): 0.1762
2026-07-26 18:44:14,884 - INFO: [gru] Epoch 18/20 | Global examples: 1016896 | Avg Loss (last 1024 ex): 0.1853
2026-07-26 18:44:20,405 - INFO: [gru] Epoch 18/20 | Global examples: 1017920 | Avg Loss (last 1024 ex): 0.1625
2026-07-26 18:44:25,910 - INFO: [gru] Epoch 18/20 | Global examples: 1018944 | Avg Loss (last 1024 ex): 0.1670
2026-07-26 18:44:31,378 - INFO: [gru] Epoch 18/20 | Global examples: 1019968 | Avg Loss (last 1024 ex): 0.1742
2026-07-26 18:44:36,951 - INFO: [gru] Epoch 18/20 | Global examples: 1020992 | Avg Loss (last 1024 ex): 0.1712
2026-07-26 18:44:42,570 - INFO: [gru] Epoch 18/20 | Global examples: 1022016 | Avg Loss (last 1024 ex): 0.1803
2026-07-26 18:44:48,292 - INFO: [gru] Epoch 18/20 | Global examples: 1023040 | Avg Loss (last 1024 ex): 0.1676
2026-07-26 18:44:53,727 - INFO: [gru] Epoch 18/20 | Global examples: 1024064 | Avg Loss (last 1024 ex): 0.1757
2026-07-26 18:44:59,172 - INFO: [gru] Epoch 18/20 | Global examples: 1025088 | Avg Loss (last 1024 ex): 0.1673
2026-07-26 18:45:04,686 - INFO: [gru] Epoch 18/20 | Global examples: 1026112 | Avg Loss (last 1024 ex): 0.1769
2026-07-26 18:45:10,201 - INFO: [gru] Epoch 18/20 | Global examples: 1027136 | Avg Loss (last 1024 ex): 0.1855
2026-07-26 18:45:15,628 - INFO: [gru] Epoch 18/20 | Global examples: 1028160 | Avg Loss (last 1024 ex): 0.1746
2026-07-26 18:45:21,088 - INFO: [gru] Epoch 18/20 | Global examples: 1029184 | Avg Loss (last 1024 ex): 0.1566
2026-07-26 18:45:26,550 - INFO: [gru] Epoch 18/20 | Global examples: 1030208 | Avg Loss (last 1024 ex): 0.1772
2026-07-26 18:45:32,051 - INFO: [gru] Epoch 18/20 | Global examples: 1031232 | Avg Loss (last 1024 ex): 0.1639
2026-07-26 18:45:37,565 - INFO: [gru] Epoch 18/20 | Global examples: 1032256 | Avg Loss (last 1024 ex): 0.1595
2026-07-26 18:45:43,072 - INFO: [gru] Epoch 18/20 | Global examples: 1033280 | Avg Loss (last 1024 ex): 0.1776
2026-07-26 18:45:48,625 - INFO: [gru] Epoch 18/20 | Global examples: 1034304 | Avg Loss (last 1024 ex): 0.1641
2026-07-26 18:45:54,131 - INFO: [gru] Epoch 18/20 | Global examples: 1035328 | Avg Loss (last 1024 ex): 0.1754
2026-07-26 18:45:59,627 - INFO: [gru] Epoch 18/20 | Global examples: 1036352 | Avg Loss (last 1024 ex): 0.1773
2026-07-26 18:46:05,128 - INFO: [gru] Epoch 18/20 | Global examples: 1037376 | Avg Loss (last 1024 ex): 0.1683
2026-07-26 18:46:10,555 - INFO: [gru] Epoch 18/20 | Global examples: 1038400 | Avg Loss (last 1024 ex): 0.1690
2026-07-26 18:46:16,037 - INFO: [gru] Epoch 18/20 | Global examples: 1039424 | Avg Loss (last 1024 ex): 0.1700
2026-07-26 18:46:21,525 - INFO: [gru] Epoch 18/20 | Global examples: 1040448 | Avg Loss (last 1024 ex): 0.1692
2026-07-26 18:46:27,069 - INFO: [gru] Epoch 18/20 | Global examples: 1041472 | Avg Loss (last 1024 ex): 0.1693
2026-07-26 18:46:32,497 - INFO: [gru] Epoch 18/20 | Global examples: 1042496 | Avg Loss (last 1024 ex): 0.1675
2026-07-26 18:46:37,953 - INFO: [gru] Epoch 18/20 | Global examples: 1043520 | Avg Loss (last 1024 ex): 0.1737
2026-07-26 18:46:43,428 - INFO: [gru] Epoch 18/20 | Global examples: 1044544 | Avg Loss (last 1024 ex): 0.1641
2026-07-26 18:46:48,897 - INFO: [gru] Epoch 18/20 | Global examples: 1045568 | Avg Loss (last 1024 ex): 0.1631
2026-07-26 18:46:54,353 - INFO: [gru] Epoch 18/20 | Global examples: 1046592 | Avg Loss (last 1024 ex): 0.1851
2026-07-26 18:46:59,872 - INFO: [gru] Epoch 18/20 | Global examples: 1047616 | Avg Loss (last 1024 ex): 0.1654
2026-07-26 18:47:05,338 - INFO: [gru] Epoch 18/20 | Global examples: 1048640 | Avg Loss (last 1024 ex): 0.1682
2026-07-26 18:47:10,833 - INFO: [gru] Epoch 18/20 | Global examples: 1049664 | Avg Loss (last 1024 ex): 0.1567
2026-07-26 18:47:16,375 - INFO: [gru] Epoch 18/20 | Global examples: 1050688 | Avg Loss (last 1024 ex): 0.1787
2026-07-26 18:47:21,931 - INFO: [gru] Epoch 18/20 | Global examples: 1051712 | Avg Loss (last 1024 ex): 0.1742
2026-07-26 18:47:22,274 - INFO: [gru] Epoch 18/20 | Global examples: 1051776 | Avg Loss (last 64 ex): 0.2169
2026-07-26 18:47:23,714 - INFO: [gru] Epoch 18 Val | Examples: 1024 | Avg Loss (last 1024 ex): 0.1732
2026-07-26 18:47:25,169 - INFO: [gru] Epoch 18 Val | Examples: 2048 | Avg Loss (last 1024 ex): 0.1760
2026-07-26 18:47:26,613 - INFO: [gru] Epoch 18 Val | Examples: 3072 | Avg Loss (last 1024 ex): 0.1754
2026-07-26 18:47:28,046 - INFO: [gru] Epoch 18 Val | Examples: 4096 | Avg Loss (last 1024 ex): 0.1601
2026-07-26 18:47:29,496 - INFO: [gru] Epoch 18 Val | Examples: 5120 | Avg Loss (last 1024 ex): 0.1655
2026-07-26 18:47:29,497 - INFO: [gru] === Epoch 18 done | Train Loss: 0.1684 | Val Loss: 0.1700 | Time: 316.3s ===
2026-07-26 18:47:29,535 - INFO: [gru] Model saved to ../model/gru_epoch18.pth
2026-07-26 18:47:35,065 - INFO: [gru] Epoch 19/20 | Global examples: 1052800 | Avg Loss (last 1024 ex): 0.1601
2026-07-26 18:47:40,534 - INFO: [gru] Epoch 19/20 | Global examples: 1053824 | Avg Loss (last 1024 ex): 0.1605
2026-07-26 18:47:46,022 - INFO: [gru] Epoch 19/20 | Global examples: 1054848 | Avg Loss (last 1024 ex): 0.1555
2026-07-26 18:47:51,438 - INFO: [gru] Epoch 19/20 | Global examples: 1055872 | Avg Loss (last 1024 ex): 0.1535
2026-07-26 18:47:56,975 - INFO: [gru] Epoch 19/20 | Global examples: 1056896 | Avg Loss (last 1024 ex): 0.1616
2026-07-26 18:48:02,475 - INFO: [gru] Epoch 19/20 | Global examples: 1057920 | Avg Loss (last 1024 ex): 0.1615
2026-07-26 18:48:07,955 - INFO: [gru] Epoch 19/20 | Global examples: 1058944 | Avg Loss (last 1024 ex): 0.1595
2026-07-26 18:48:13,468 - INFO: [gru] Epoch 19/20 | Global examples: 1059968 | Avg Loss (last 1024 ex): 0.1702
2026-07-26 18:48:18,941 - INFO: [gru] Epoch 19/20 | Global examples: 1060992 | Avg Loss (last 1024 ex): 0.1724
2026-07-26 18:48:24,418 - INFO: [gru] Epoch 19/20 | Global examples: 1062016 | Avg Loss (last 1024 ex): 0.1603
2026-07-26 18:48:29,907 - INFO: [gru] Epoch 19/20 | Global examples: 1063040 | Avg Loss (last 1024 ex): 0.1684
2026-07-26 18:48:35,405 - INFO: [gru] Epoch 19/20 | Global examples: 1064064 | Avg Loss (last 1024 ex): 0.1752
2026-07-26 18:48:40,891 - INFO: [gru] Epoch 19/20 | Global examples: 1065088 | Avg Loss (last 1024 ex): 0.1591
2026-07-26 18:48:46,395 - INFO: [gru] Epoch 19/20 | Global examples: 1066112 | Avg Loss (last 1024 ex): 0.1546
2026-07-26 18:48:52,136 - INFO: [gru] Epoch 19/20 | Global examples: 1067136 | Avg Loss (last 1024 ex): 0.1797
2026-07-26 18:48:57,675 - INFO: [gru] Epoch 19/20 | Global examples: 1068160 | Avg Loss (last 1024 ex): 0.1553
2026-07-26 18:49:03,146 - INFO: [gru] Epoch 19/20 | Global examples: 1069184 | Avg Loss (last 1024 ex): 0.1811
2026-07-26 18:49:08,588 - INFO: [gru] Epoch 19/20 | Global examples: 1070208 | Avg Loss (last 1024 ex): 0.1683
2026-07-26 18:49:13,986 - INFO: [gru] Epoch 19/20 | Global examples: 1071232 | Avg Loss (last 1024 ex): 0.1610
2026-07-26 18:49:19,433 - INFO: [gru] Epoch 19/20 | Global examples: 1072256 | Avg Loss (last 1024 ex): 0.1700
2026-07-26 18:49:24,940 - INFO: [gru] Epoch 19/20 | Global examples: 1073280 | Avg Loss (last 1024 ex): 0.1656
2026-07-26 18:49:30,491 - INFO: [gru] Epoch 19/20 | Global examples: 1074304 | Avg Loss (last 1024 ex): 0.1702
2026-07-26 18:49:35,920 - INFO: [gru] Epoch 19/20 | Global examples: 1075328 | Avg Loss (last 1024 ex): 0.1672
2026-07-26 18:49:41,437 - INFO: [gru] Epoch 19/20 | Global examples: 1076352 | Avg Loss (last 1024 ex): 0.1644
2026-07-26 18:49:46,901 - INFO: [gru] Epoch 19/20 | Global examples: 1077376 | Avg Loss (last 1024 ex): 0.1617
2026-07-26 18:49:52,342 - INFO: [gru] Epoch 19/20 | Global examples: 1078400 | Avg Loss (last 1024 ex): 0.1759
2026-07-26 18:49:57,846 - INFO: [gru] Epoch 19/20 | Global examples: 1079424 | Avg Loss (last 1024 ex): 0.1620
2026-07-26 18:50:03,365 - INFO: [gru] Epoch 19/20 | Global examples: 1080448 | Avg Loss (last 1024 ex): 0.1645
2026-07-26 18:50:08,914 - INFO: [gru] Epoch 19/20 | Global examples: 1081472 | Avg Loss (last 1024 ex): 0.1631
2026-07-26 18:50:14,539 - INFO: [gru] Epoch 19/20 | Global examples: 1082496 | Avg Loss (last 1024 ex): 0.1614
2026-07-26 18:50:20,345 - INFO: [gru] Epoch 19/20 | Global examples: 1083520 | Avg Loss (last 1024 ex): 0.1603
2026-07-26 18:50:25,911 - INFO: [gru] Epoch 19/20 | Global examples: 1084544 | Avg Loss (last 1024 ex): 0.1684
2026-07-26 18:50:31,465 - INFO: [gru] Epoch 19/20 | Global examples: 1085568 | Avg Loss (last 1024 ex): 0.1679
2026-07-26 18:50:37,100 - INFO: [gru] Epoch 19/20 | Global examples: 1086592 | Avg Loss (last 1024 ex): 0.1625
2026-07-26 18:50:42,611 - INFO: [gru] Epoch 19/20 | Global examples: 1087616 | Avg Loss (last 1024 ex): 0.1755
2026-07-26 18:50:48,088 - INFO: [gru] Epoch 19/20 | Global examples: 1088640 | Avg Loss (last 1024 ex): 0.1724
2026-07-26 18:50:53,648 - INFO: [gru] Epoch 19/20 | Global examples: 1089664 | Avg Loss (last 1024 ex): 0.1657
2026-07-26 18:50:59,551 - INFO: [gru] Epoch 19/20 | Global examples: 1090688 | Avg Loss (last 1024 ex): 0.1635
2026-07-26 18:51:05,639 - INFO: [gru] Epoch 19/20 | Global examples: 1091712 | Avg Loss (last 1024 ex): 0.1601
2026-07-26 18:51:11,378 - INFO: [gru] Epoch 19/20 | Global examples: 1092736 | Avg Loss (last 1024 ex): 0.1558
2026-07-26 18:51:17,117 - INFO: [gru] Epoch 19/20 | Global examples: 1093760 | Avg Loss (last 1024 ex): 0.1693
2026-07-26 18:51:22,647 - INFO: [gru] Epoch 19/20 | Global examples: 1094784 | Avg Loss (last 1024 ex): 0.1655
2026-07-26 18:51:28,109 - INFO: [gru] Epoch 19/20 | Global examples: 1095808 | Avg Loss (last 1024 ex): 0.1737
2026-07-26 18:51:33,646 - INFO: [gru] Epoch 19/20 | Global examples: 1096832 | Avg Loss (last 1024 ex): 0.1598
2026-07-26 18:51:39,165 - INFO: [gru] Epoch 19/20 | Global examples: 1097856 | Avg Loss (last 1024 ex): 0.1680
2026-07-26 18:51:44,843 - INFO: [gru] Epoch 19/20 | Global examples: 1098880 | Avg Loss (last 1024 ex): 0.1608
2026-07-26 18:51:50,401 - INFO: [gru] Epoch 19/20 | Global examples: 1099904 | Avg Loss (last 1024 ex): 0.1688
2026-07-26 18:51:55,901 - INFO: [gru] Epoch 19/20 | Global examples: 1100928 | Avg Loss (last 1024 ex): 0.1594
2026-07-26 18:52:01,513 - INFO: [gru] Epoch 19/20 | Global examples: 1101952 | Avg Loss (last 1024 ex): 0.1706
2026-07-26 18:52:07,060 - INFO: [gru] Epoch 19/20 | Global examples: 1102976 | Avg Loss (last 1024 ex): 0.1685
2026-07-26 18:52:12,480 - INFO: [gru] Epoch 19/20 | Global examples: 1104000 | Avg Loss (last 1024 ex): 0.1678
2026-07-26 18:52:17,974 - INFO: [gru] Epoch 19/20 | Global examples: 1105024 | Avg Loss (last 1024 ex): 0.1698
2026-07-26 18:52:23,480 - INFO: [gru] Epoch 19/20 | Global examples: 1106048 | Avg Loss (last 1024 ex): 0.1747
2026-07-26 18:52:29,012 - INFO: [gru] Epoch 19/20 | Global examples: 1107072 | Avg Loss (last 1024 ex): 0.1616
2026-07-26 18:52:34,549 - INFO: [gru] Epoch 19/20 | Global examples: 1108096 | Avg Loss (last 1024 ex): 0.1683
2026-07-26 18:52:40,006 - INFO: [gru] Epoch 19/20 | Global examples: 1109120 | Avg Loss (last 1024 ex): 0.1697
2026-07-26 18:52:45,506 - INFO: [gru] Epoch 19/20 | Global examples: 1110144 | Avg Loss (last 1024 ex): 0.1653
2026-07-26 18:52:45,868 - INFO: [gru] Epoch 19/20 | Global examples: 1110208 | Avg Loss (last 64 ex): 0.1848
2026-07-26 18:52:47,307 - INFO: [gru] Epoch 19 Val | Examples: 1024 | Avg Loss (last 1024 ex): 0.1559
2026-07-26 18:52:48,768 - INFO: [gru] Epoch 19 Val | Examples: 2048 | Avg Loss (last 1024 ex): 0.1652
2026-07-26 18:52:50,216 - INFO: [gru] Epoch 19 Val | Examples: 3072 | Avg Loss (last 1024 ex): 0.1736
2026-07-26 18:52:51,624 - INFO: [gru] Epoch 19 Val | Examples: 4096 | Avg Loss (last 1024 ex): 0.1591
2026-07-26 18:52:53,053 - INFO: [gru] Epoch 19 Val | Examples: 5120 | Avg Loss (last 1024 ex): 0.1567
2026-07-26 18:52:53,054 - INFO: [gru] === Epoch 19 done | Train Loss: 0.1656 | Val Loss: 0.1621 | Time: 316.3s ===
2026-07-26 18:52:53,097 - INFO: [gru] Model saved to ../model/gru_epoch19.pth
2026-07-26 18:52:58,556 - INFO: [gru] Epoch 20/20 | Global examples: 1111232 | Avg Loss (last 1024 ex): 0.1659
2026-07-26 18:53:04,034 - INFO: [gru] Epoch 20/20 | Global examples: 1112256 | Avg Loss (last 1024 ex): 0.1540
2026-07-26 18:53:09,510 - INFO: [gru] Epoch 20/20 | Global examples: 1113280 | Avg Loss (last 1024 ex): 0.1508
2026-07-26 18:53:14,904 - INFO: [gru] Epoch 20/20 | Global examples: 1114304 | Avg Loss (last 1024 ex): 0.1594
2026-07-26 18:53:20,378 - INFO: [gru] Epoch 20/20 | Global examples: 1115328 | Avg Loss (last 1024 ex): 0.1484
2026-07-26 18:53:25,965 - INFO: [gru] Epoch 20/20 | Global examples: 1116352 | Avg Loss (last 1024 ex): 0.1498
2026-07-26 18:53:31,472 - INFO: [gru] Epoch 20/20 | Global examples: 1117376 | Avg Loss (last 1024 ex): 0.1601
2026-07-26 18:53:36,979 - INFO: [gru] Epoch 20/20 | Global examples: 1118400 | Avg Loss (last 1024 ex): 0.1525
2026-07-26 18:53:42,428 - INFO: [gru] Epoch 20/20 | Global examples: 1119424 | Avg Loss (last 1024 ex): 0.1602
2026-07-26 18:53:47,951 - INFO: [gru] Epoch 20/20 | Global examples: 1120448 | Avg Loss (last 1024 ex): 0.1659
2026-07-26 18:53:53,458 - INFO: [gru] Epoch 20/20 | Global examples: 1121472 | Avg Loss (last 1024 ex): 0.1676
2026-07-26 18:53:59,067 - INFO: [gru] Epoch 20/20 | Global examples: 1122496 | Avg Loss (last 1024 ex): 0.1745
2026-07-26 18:54:04,584 - INFO: [gru] Epoch 20/20 | Global examples: 1123520 | Avg Loss (last 1024 ex): 0.1592
2026-07-26 18:54:10,083 - INFO: [gru] Epoch 20/20 | Global examples: 1124544 | Avg Loss (last 1024 ex): 0.1564
2026-07-26 18:54:15,555 - INFO: [gru] Epoch 20/20 | Global examples: 1125568 | Avg Loss (last 1024 ex): 0.1751
2026-07-26 18:54:21,035 - INFO: [gru] Epoch 20/20 | Global examples: 1126592 | Avg Loss (last 1024 ex): 0.1626
2026-07-26 18:54:26,536 - INFO: [gru] Epoch 20/20 | Global examples: 1127616 | Avg Loss (last 1024 ex): 0.1541
2026-07-26 18:54:32,002 - INFO: [gru] Epoch 20/20 | Global examples: 1128640 | Avg Loss (last 1024 ex): 0.1602
2026-07-26 18:54:37,572 - INFO: [gru] Epoch 20/20 | Global examples: 1129664 | Avg Loss (last 1024 ex): 0.1605
2026-07-26 18:54:43,006 - INFO: [gru] Epoch 20/20 | Global examples: 1130688 | Avg Loss (last 1024 ex): 0.1639
2026-07-26 18:54:48,483 - INFO: [gru] Epoch 20/20 | Global examples: 1131712 | Avg Loss (last 1024 ex): 0.1667
2026-07-26 18:54:53,989 - INFO: [gru] Epoch 20/20 | Global examples: 1132736 | Avg Loss (last 1024 ex): 0.1591
2026-07-26 18:54:59,461 - INFO: [gru] Epoch 20/20 | Global examples: 1133760 | Avg Loss (last 1024 ex): 0.1781
2026-07-26 18:55:04,972 - INFO: [gru] Epoch 20/20 | Global examples: 1134784 | Avg Loss (last 1024 ex): 0.1762
2026-07-26 18:55:10,410 - INFO: [gru] Epoch 20/20 | Global examples: 1135808 | Avg Loss (last 1024 ex): 0.1617
2026-07-26 18:55:15,985 - INFO: [gru] Epoch 20/20 | Global examples: 1136832 | Avg Loss (last 1024 ex): 0.1611
2026-07-26 18:55:21,447 - INFO: [gru] Epoch 20/20 | Global examples: 1137856 | Avg Loss (last 1024 ex): 0.1819
2026-07-26 18:55:26,969 - INFO: [gru] Epoch 20/20 | Global examples: 1138880 | Avg Loss (last 1024 ex): 0.1676
2026-07-26 18:55:32,424 - INFO: [gru] Epoch 20/20 | Global examples: 1139904 | Avg Loss (last 1024 ex): 0.1729
2026-07-26 18:55:38,029 - INFO: [gru] Epoch 20/20 | Global examples: 1140928 | Avg Loss (last 1024 ex): 0.1667
2026-07-26 18:55:43,544 - INFO: [gru] Epoch 20/20 | Global examples: 1141952 | Avg Loss (last 1024 ex): 0.1748
2026-07-26 18:55:49,062 - INFO: [gru] Epoch 20/20 | Global examples: 1142976 | Avg Loss (last 1024 ex): 0.1711
2026-07-26 18:55:54,470 - INFO: [gru] Epoch 20/20 | Global examples: 1144000 | Avg Loss (last 1024 ex): 0.1518
2026-07-26 18:56:00,004 - INFO: [gru] Epoch 20/20 | Global examples: 1145024 | Avg Loss (last 1024 ex): 0.1651
2026-07-26 18:56:05,457 - INFO: [gru] Epoch 20/20 | Global examples: 1146048 | Avg Loss (last 1024 ex): 0.1761
2026-07-26 18:56:10,995 - INFO: [gru] Epoch 20/20 | Global examples: 1147072 | Avg Loss (last 1024 ex): 0.1727
2026-07-26 18:56:16,481 - INFO: [gru] Epoch 20/20 | Global examples: 1148096 | Avg Loss (last 1024 ex): 0.1644
2026-07-26 18:56:22,005 - INFO: [gru] Epoch 20/20 | Global examples: 1149120 | Avg Loss (last 1024 ex): 0.1577
2026-07-26 18:56:27,527 - INFO: [gru] Epoch 20/20 | Global examples: 1150144 | Avg Loss (last 1024 ex): 0.1757
2026-07-26 18:56:33,033 - INFO: [gru] Epoch 20/20 | Global examples: 1151168 | Avg Loss (last 1024 ex): 0.1624
2026-07-26 18:56:38,496 - INFO: [gru] Epoch 20/20 | Global examples: 1152192 | Avg Loss (last 1024 ex): 0.1617
2026-07-26 18:56:43,996 - INFO: [gru] Epoch 20/20 | Global examples: 1153216 | Avg Loss (last 1024 ex): 0.1802
2026-07-26 18:56:49,519 - INFO: [gru] Epoch 20/20 | Global examples: 1154240 | Avg Loss (last 1024 ex): 0.1663
2026-07-26 18:56:54,975 - INFO: [gru] Epoch 20/20 | Global examples: 1155264 | Avg Loss (last 1024 ex): 0.1823
2026-07-26 18:57:00,436 - INFO: [gru] Epoch 20/20 | Global examples: 1156288 | Avg Loss (last 1024 ex): 0.1510
2026-07-26 18:57:05,944 - INFO: [gru] Epoch 20/20 | Global examples: 1157312 | Avg Loss (last 1024 ex): 0.1701
2026-07-26 18:57:11,430 - INFO: [gru] Epoch 20/20 | Global examples: 1158336 | Avg Loss (last 1024 ex): 0.1675
2026-07-26 18:57:16,895 - INFO: [gru] Epoch 20/20 | Global examples: 1159360 | Avg Loss (last 1024 ex): 0.1609
2026-07-26 18:57:22,448 - INFO: [gru] Epoch 20/20 | Global examples: 1160384 | Avg Loss (last 1024 ex): 0.1549
2026-07-26 18:57:27,952 - INFO: [gru] Epoch 20/20 | Global examples: 1161408 | Avg Loss (last 1024 ex): 0.1643
2026-07-26 18:57:33,934 - INFO: [gru] Epoch 20/20 | Global examples: 1162432 | Avg Loss (last 1024 ex): 0.1652
2026-07-26 18:57:39,541 - INFO: [gru] Epoch 20/20 | Global examples: 1163456 | Avg Loss (last 1024 ex): 0.1659
2026-07-26 18:57:45,210 - INFO: [gru] Epoch 20/20 | Global examples: 1164480 | Avg Loss (last 1024 ex): 0.1662
2026-07-26 18:57:50,710 - INFO: [gru] Epoch 20/20 | Global examples: 1165504 | Avg Loss (last 1024 ex): 0.1674
2026-07-26 18:57:56,188 - INFO: [gru] Epoch 20/20 | Global examples: 1166528 | Avg Loss (last 1024 ex): 0.1650
2026-07-26 18:58:01,624 - INFO: [gru] Epoch 20/20 | Global examples: 1167552 | Avg Loss (last 1024 ex): 0.1793
2026-07-26 18:58:07,042 - INFO: [gru] Epoch 20/20 | Global examples: 1168576 | Avg Loss (last 1024 ex): 0.1531
2026-07-26 18:58:07,394 - INFO: [gru] Epoch 20/20 | Global examples: 1168640 | Avg Loss (last 64 ex): 0.1614
2026-07-26 18:58:08,825 - INFO: [gru] Epoch 20 Val | Examples: 1024 | Avg Loss (last 1024 ex): 0.1632
2026-07-26 18:58:10,316 - INFO: [gru] Epoch 20 Val | Examples: 2048 | Avg Loss (last 1024 ex): 0.1700
2026-07-26 18:58:11,812 - INFO: [gru] Epoch 20 Val | Examples: 3072 | Avg Loss (last 1024 ex): 0.1640
2026-07-26 18:58:13,263 - INFO: [gru] Epoch 20 Val | Examples: 4096 | Avg Loss (last 1024 ex): 0.1739
2026-07-26 18:58:14,718 - INFO: [gru] Epoch 20 Val | Examples: 5120 | Avg Loss (last 1024 ex): 0.1643
2026-07-26 18:58:14,719 - INFO: [gru] === Epoch 20 done | Train Loss: 0.1647 | Val Loss: 0.1671 | Time: 314.3s ===
2026-07-26 18:58:14,756 - INFO: [gru] Model saved to ../model/gru_epoch20.pth
2026-07-26 18:58:14,762 - INFO: Training complete!
